dataset	model_slug	id	time_sensitive_hint	open_assistive_exact_match	question	gold_answer	open_answer	assistive_answer	open_correctness_reasoning	consistency_equivalent	consistency_reasoning	consistency_raw	open_raw	assistive_raw
bamboogle	gpt-5-1	bamboogle_0091_3845ed5d	0	0	Who is the father of the father of the hydrogen bomb?	Max Teller	Miksa Teller	Max Teller	The prediction 'Miksa Teller' is a different name from the gold answer 'Max Teller'. While they share a surname, the given names are distinct, making the prediction incorrect.	1	"Max" is a common anglicization of the Hungarian name "Miksa", referring to the same person.	equivalent: 1\nreasoning: "Max" is a common anglicization of the Hungarian name "Miksa", referring to the same person.	answer:\nMiksa Teller	{\n  "answer_1": "Edward Teller",\n  "answer_2": "Max Teller"\n}
crag	gpt-5-1	ba92e6b9-fcd3-4ff7-899a-fe59dbb2c8db	0	1	what weight class is the ufc number one men's pound for pound fighter in?	islam makhachev, the number one men's pound for pound fighter in the ufc, fights at lightweight.	Featherweight	Featherweight	The gold answer states the fighter is in 'lightweight' class, while the prediction states 'Featherweight'. These are different and contradictory facts.	1	Both answers are identical.	equivalent: 1\nreasoning: Both answers are identical.	answer:\nFeatherweight	{\n  "answer_1": "Alexander Volkanovski",\n  "answer_2": "Featherweight"\n}
hotpotqa	gpt-5-1	5abffc58554299012d1db552	1	0	Which American college that has sent students to Centre for Medieval and Renaissance Studies was founded in 1874?	St. Olaf College	Colorado College	Colorado College; Macalester College	The prediction 'Colorado College' contradicts the gold answer 'St. Olaf College' as they are different institutions.	1	Answer B is a subset of Answer A, and the question does not require a specific count or "all" colleges.	equivalent: 1\nreasoning: Answer B is a subset of Answer A, and the question does not require a specific count or "all" colleges.	answer:\nColorado College	{\n  "answer_1": "Colorado College; Macalester College; Middlebury College",\n  "answer_2": "Colorado College; Macalester College"\n}
mintaka	gpt-5-1	6f62ab02	1	1	How old is the current manager of the New York Mets?	40	66	66	The prediction '66' is numerically different from the gold answer '40'. For naturally drifting values like age, the difference of 26 years (39.39% of the maximum value) is outside the allowed 1-5.5 percentage-point window for equivalence.	1	Both answers provide the exact same numerical value.	equivalent: 1\nreasoning: Both answers provide the exact same numerical value.	66	{\n  "answer_1": "Buck Showalter",\n  "answer_2": "66"\n}
bamboogle	gpt-5-1	bamboogle_0094_f6def5e8	0	1	Who was the father of the founder of modern human anatomy?	Anders van Wesel	Andries van Wesel	Andries van Wesel	The prediction 'Andries van Wesel' differs from the gold 'Anders van Wesel' in the first name. 'Anders' and 'Andries' are distinct names, and this is not a case of alias, abbreviation, or minor formatting difference.	1	Both answers are identical.	equivalent: 1\nreasoning: Both answers are identical.	answer:\nAndries van Wesel	{\n  "answer_1": "Andreas Vesalius",\n  "answer_2": "Andries van Wesel"\n}
crag	gpt-5-1	8d9fadb7-3466-403d-85a5-a191ec22f69a	0	1	who is the main actor for the movie that has won the most bafta awards?	butch cassidy and the sundance kid holds the record with 9 bafta awards, starring robert redford.	Paul Newman	Paul Newman	The gold answer states that Robert Redford starred in 'Butch Cassidy and the Sundance Kid', which holds the record for most BAFTA awards. The prediction names 'Paul Newman', which contradicts the specific actor mentioned in the gold answer for that role.	1	Both answers are identical.	equivalent: 1\nreasoning: Both answers are identical.	answer:\nPaul Newman	{\n  "answer_1": "Butch Cassidy and the Sundance Kid",\n  "answer_2": "Paul Newman"\n}
hotpotqa	gpt-5-1	5ac3e8c65542997ea680c993	0	1	Are the New Orleans Outfall Canals the same length as the Augusta Canal?	yes	No	No	The gold answer states 'yes' (they are the same length), while the prediction states 'No', which is a direct contradiction.	1	Both answers are "No", which is the same.	equivalent: 1\nreasoning: Both answers are "No", which is the same.	answer:\nNo	{\n  "answer_1": "3 mi",\n  "answer_2": "13 mi",\n  "answer_3": "No"\n}
mintaka	gpt-5-1	a04200ad	0	1	Who is the main protagonist of the second Metal Gear game?	Raiden	Solid Snake	Solid Snake	The prediction 'Solid Snake' directly contradicts the gold answer 'Raiden'. These are different characters.	1	Both answers are identical.	equivalent: 1\nreasoning: Both answers are identical.	answer:\nSolid Snake	{\n  "answer_1": "Metal Gear 2: Solid Snake",\n  "answer_2": "Solid Snake"\n}
bamboogle	gpt-5-1	bamboogle_0055_a38b6895	0	1	Who directed the highest grossing film?	James Cameroon	James Cameron	James Cameron	The gold answer 'James Cameroon' has a different spelling for the last name compared to the prediction 'James Cameron'. While 'James Cameron' is the correct spelling of the director's name, the evaluation must compare the prediction against the provided gold answer, which contains a typo. The names are not identical and do not fall under alias/abbreviation normalization.	1	Both answers are identical.	equivalent: 1\nreasoning: Both answers are identical.	answer:\nJames Cameron	{\n  "answer_1": "Avatar",\n  "answer_2": "James Cameron"\n}
crag	gpt-5-1	d6ed2e39-aa0d-4d1b-a975-f400eb859e63	0	1	when did the lead actor of die hard get married?	the lead actor of die hard, bruce willis, got married in 2009.	1987-11-21	1987-11-21	The gold answer states the marriage year as 2009, while the prediction states 1987-11-21. Calendar dates/years must match exactly, and these do not.	1	Both answers provide the exact same date.	equivalent: 1\nreasoning: Both answers provide the exact same date.	answer:\n1987-11-21	{\n  "answer_1": "Bruce Willis",\n  "answer_2": "1987-11-21"\n}
hotpotqa	gpt-5-1	5a8a698255429930ff3c0dcf	0	1	In what year was the company that co-developed and distributed the BlackBerry DTEK60 founded?	1984	1981	1981	The prediction '1981' contradicts the gold answer '1984'. Calendar years must match exactly according to the numeric expression rule.	1	Both answers state the same year.	equivalent: 1\nreasoning: Both answers state the same year.	answer:\n1981	{\n  "answer_1": "TCL Corporation",\n  "answer_2": "1981"\n}
mintaka	gpt-5-1	9d4dccb3	0	1	Where did the rapper in the song "I am different" graduate college from?	Virginia State University	Alabama State University	Alabama State University	The prediction 'Alabama State University' directly contradicts the gold answer 'Virginia State University' by naming a different university.	1	Both answers are identical.	equivalent: 1\nreasoning: Both answers are identical.	answer:\nAlabama State University	{\n  "answer_1": "2 Chainz",\n  "answer_2": "Alabama State University"\n}
bamboogle	gpt-5-1	bamboogle_0039_7e165501	0	1	When did Nirvana's second most selling studio album come out?	September 13, 1993	1993-09-21	1993-09-21	The gold answer specifies 'September 13, 1993', while the prediction states '1993-09-21'. Calendar dates must match exactly, and the day (13 vs 21) is different.	1	Both answers provide the exact same date.	equivalent: 1\nreasoning: Both answers provide the exact same date.	answer:\n1993-09-21	{\n  "answer_1": "In Utero",\n  "answer_2": "1993-09-21"\n}
crag	gpt-5-1	4835d4a2-4f31-423b-9f82-4c879c7798ed	1	1	who was the goalkeeper of the team that won the champions league final last year?	ederson, who plays for manchester city, was the goalkeeper of the team that won the champions league final last year.	Édouard Mendy	Édouard Mendy	The gold answer states the goalkeeper was 'Ederson', while the prediction states 'Édouard Mendy'. These are different individuals, leading to a contradiction.	1	Both answers are identical.	equivalent: 1\nreasoning: Both answers are identical.	answer:\nÉdouard Mendy	{\n  "answer_1": "Chelsea",\n  "answer_2": "Édouard Mendy"\n}
hotpotqa	gpt-5-1	5a76353d5542994ccc918715	0	0	When was the artist who did the cover art of The Savage Frontier born?	August 5, 1948	1954	1954-06-22	The gold answer specifies the year as 1948, while the prediction states 1954. For calendar dates/years, exact matching is required, and these years do not match.	1	Answer A provides a more specific date (year, month, day) while Answer B provides only the year. The year matches exactly, and the additional detail in A does not contradict B.	equivalent: 1\nreasoning: Answer A provides a more specific date (year, month, day) while Answer B provides only the year. The year matches exactly, and the additional detail in A does not contradict B.	answer:\n1954	{\n  "answer_1": "Jeff Easley",\n  "answer_2": "1954-06-22"\n}
mintaka	gpt-5-1	2b7aada8	0	1	Who was the US president when Lehman Brothers went bankrupt?	Barack Obama	George W. Bush	George W. Bush	The prediction 'George W. Bush' contradicts the gold answer 'Barack Obama'. These are two different individuals, and the Lehman Brothers bankruptcy occurred during George W. Bush's presidency, not Barack Obama's.	1	Both answers are identical.	equivalent: 1\nreasoning: Both answers are identical.	George W. Bush	{\n  "answer_1": "2008-09-15",\n  "answer_2": "George W. Bush"\n}
bamboogle	gpt-5-1	bamboogle_0050_43f80844	0	0	Who is the mother of the father of Barack Obama?	Habiba Akumu Nyanjango	Habiba Akumu Obama	Habiba Akumu Nyanjoga	The last name in the prediction ('Obama') differs from the last name in the gold answer ('Nyanjango'). This is a factual contradiction regarding the individual's name.	1	Both answers refer to the same person; "Nyanjoga" is her maiden name and "Obama" is her married name.	equivalent: 1\nreasoning: Both answers refer to the same person; "Nyanjoga" is her maiden name and "Obama" is her married name.	answer:\nHabiba Akumu Obama	{\n  "answer_1": "Barack Obama Sr.",\n  "answer_2": "Habiba Akumu Nyanjoga"\n}
crag	gpt-5-1	7d6ebd01-2364-461c-8086-68c83ff90966	1	0	how long has the current president of the us been in power?	the current president of the us, joe biden, has been in power since 2020.	1 year 8 months 14 days	1 year 257 days	The gold answer states that the president has been in power 'since 2020'. The prediction gives a duration of '1 year 8 months 14 days'. This duration, if calculated from the actual inauguration date of Joe Biden (January 20, 2021), would correspond to a date around October 4, 2022. This implies a start year of 2021, which contradicts the start year of 2020 stated in the gold answer. Therefore, the prediction contradicts the gold on the specific detail of the start year.	1	The "1 year" component is identical. Converting "8 months 14 days" to days using an average month length (365.25/12 = 30.4375 days/month) yields 8 * 30.4375 + 14 = 243.5 + 14 = 257.5 days. Comparing this to "257 days" from Answer A, the difference is 0.5 days. This difference falls within the allowed numeric tolerance of max(0.5, 1% of 257) = max(0.5, 2.57) = 2.57 days.	equivalent: 1\nreasoning: The "1 year" component is identical. Converting "8 months 14 days" to days using an average month length (365.25/12 = 30.4375 days/month) yields 8 * 30.4375 + 14 = 243.5 + 14 = 257.5 days. Comparing this to "257 days" from Answer A, the difference is 0.5 days. This difference falls within the allowed numeric tolerance of max(0.5, 1% of 257) = max(0.5, 2.57) = 2.57 days.	1 year 8 months 14 days	{\n  "answer_1": "Joe Biden",\n  "answer_2": "1 year 257 days"\n}
hotpotqa	gpt-5-1	5adc74cd5542994650320d0c	0	1	The small town where part of  Ewe people came from is a capital of where 	Adaklu-Anyigbe	Haho Prefecture	Haho Prefecture	The prediction 'Haho Prefecture' is a different place name than the gold answer 'Adaklu-Anyigbe'. They do not refer to the same entity, indicating a factual contradiction.	1	Both answers are identical.	equivalent: 1\nreasoning: Both answers are identical.	answer:\nHaho Prefecture	{\n  "answer_1": "Notsie",\n  "answer_2": "Haho Prefecture"\n}
mintaka	gpt-5-1	6613db77	0	1	How many Supreme Court Justices were nominated by the president, the most in history?	14	11	11	The gold answer is 14, and the prediction is 11. The difference (3) exceeds the allowed numerical tolerance of max(0.5, 1% of 14 = 0.14), which is 0.5. Therefore, the prediction is incorrect.	1	Both answers are identical and state the same number.	equivalent: 1\nreasoning: Both answers are identical and state the same number.	answer:\n11	{\n  "answer_1": "George Washington",\n  "answer_2": "11"\n}
bamboogle	gpt-5-1	bamboogle_0064_647f7ea9	0	1	In what year was the tallest lighthouse completed?	1902	1990	1990	The gold answer is '1902' and the prediction is '1990'. Calendar dates/years must match exactly, and these values are different.	1	Both answers state the same year.	equivalent: 1\nreasoning: Both answers state the same year.	answer:\n1990	{\n  "answer_1": "Jeddah Light",\n  "answer_2": "1990"\n}
crag	gpt-5-1	d5124253-4271-40b5-986b-dd3021ab828e	1	1	who was the winner of the wimbledon women's singles tournament this year?	marketa vondrousova, who is coached by jiri hrebec and jan hernych, won the wimbledon women's singles tournament this year.	Elena Rybakina	Elena Rybakina	The gold answer states the winner was 'Marketa Vondrousova', while the prediction states 'Elena Rybakina'. These are different individuals, leading to a contradiction on the core fact of who won the tournament.	1	Both answers are identical.	equivalent: 1\nreasoning: Both answers are identical.	answer:\nElena Rybakina	{\n  "answer_1": "2022",\n  "answer_2": "Elena Rybakina"\n}
hotpotqa	gpt-5-1	5a7272eb5542997f827839d7	0	1	How old is the female main protagonist of Catching Fire?	16-year-old	17	17	The gold answer states the protagonist is 16 years old, while the prediction states 17. This is a direct contradiction as the difference (1 year) exceeds the allowed numeric tolerance of 0.5 for exact values like age.	1	Both answers state the same age.	equivalent: 1\nreasoning: Both answers state the same age.	17	{\n  "answer_1": "Katniss Everdeen",\n  "answer_2": "17"\n}
mintaka	gpt-5-1	aa423d1a	0	0	When was the oldest parliament in world history established?	930 BC	0930	930	The gold answer specifies '930 BC', while the prediction '0930' does not include the 'BC' designation, which is a critical part of the date. Calendar dates and years must match exactly according to Rule 2.	1	Numeric formatting normalization; "930" and "0930" represent the same year.	equivalent: 1\nreasoning: Numeric formatting normalization; "930" and "0930" represent the same year.	answer:\n0930	{\n  "answer_1": "Althing (Alþingi) of Iceland",\n  "answer_2": "930"\n}
bamboogle	gpt-5-1	bamboogle_0045_38628071	0	1	What was the death toll of the most intense Atlantic hurricane?	52	87	87	The gold answer is 52 and the prediction is 87. The difference (35) is significantly outside the allowed numeric tolerance of max(0.5, 1% of 52 = 0.52).	1	Both answers are identical and state the same number.	equivalent: 1\nreasoning: Both answers are identical and state the same number.	answer:\n87	{\n  "answer_1": "Hurricane Wilma",\n  "answer_2": "87"\n}
crag	gpt-5-1	318361f8-af94-4b0b-8017-c0f04ec1755c	0	1	what company in the dow jones has the largest market capitalization?	microsoft	Apple Inc.	Apple Inc.	The prediction 'Apple Inc.' is a different company than the gold answer 'microsoft', directly contradicting the gold fact.	1	Both answers are identical.	equivalent: 1\nreasoning: Both answers are identical.	answer:\nApple Inc.	{\n  "answer_1": "$2.2 trillion",\n  "answer_2": "Apple Inc."\n}
hotpotqa	gpt-5-1	5a7c75a655429935c91b51c4	0	0	Where is the company that built Woodvale Historic District located?	Rockhill Furnace, Pennsylvania	Johnstown	Johnstown, Pennsylvania	The prediction 'Johnstown' contradicts the gold answer 'Rockhill Furnace, Pennsylvania' regarding the location of the company.	1	Answer A provides a more specific location (state) but does not contradict Answer B. Answer B is a subset of Answer A's information.	equivalent: 1\nreasoning: Answer A provides a more specific location (state) but does not contradict Answer B. Answer B is a subset of Answer A's information.	answer:\nJohnstown	{\n  "answer_1": "Cambria Iron Company",\n  "answer_2": "Johnstown, Pennsylvania"\n}
mintaka	gpt-5-1	c999b363	0	1	What is the capital of the country with the highest population in the world?	Tokyo	Beijing	Beijing	The gold answer states 'Tokyo' while the prediction states 'Beijing'. These are two different cities and therefore the prediction does not communicate the same essential fact as the gold.	1	Both answers are identical.	equivalent: 1\nreasoning: Both answers are identical.	answer:\nBeijing	{\n  "answer_1": "China",\n  "answer_2": "Beijing"\n}
bamboogle	gpt-5-1	bamboogle_0059_abedd531	0	1	In what year was the tallest fixed steel structure completed?	1988	2012	2012	The gold answer is 1988, and the prediction is 2012. Calendar dates/years must match exactly, and these values are different.	1	Both answers state the exact same year.	equivalent: 1\nreasoning: Both answers state the exact same year.	answer:\n2012	{\n  "answer_1": "Tokyo Skytree",\n  "answer_2": "2012"\n}
crag	gpt-5-1	7218f2f9-fc44-4ead-bf4d-00acc20aa5d6	0	1	what is the revenue of frito-lay's parent company?	$91.47 billion	79.47 billion USD	79.47 billion USD	The numerical values are significantly different (91.47 billion vs 79.47 billion). The percentage difference is approximately 13.11%, which is outside the allowed 1% tolerance for numeric expressions.	1	Both answers are identical.	equivalent: 1\nreasoning: Both answers are identical.	answer:\n79.47 billion USD	{\n  "answer_1": "PepsiCo",\n  "answer_2": "79.47 billion USD"\n}
hotpotqa	gpt-5-1	5ab345db55429969a97a8122	0	1	Which state does the drug stores, of which the CEO is Warren Bryant, are located?	Hawaii	California	California	The prediction 'California' directly contradicts the gold answer 'Hawaii' regarding the state where the drug stores are located.	1	Both answers are identical.	equivalent: 1\nreasoning: Both answers are identical.	California	{\n  "answer_1": "Longs Drug Stores",\n  "answer_2": "California"\n}
mintaka	gpt-5-1	e6f29b34	0	1	Where was the last queen of Egypt born?	Greece	Alexandria, Egypt	Alexandria, Egypt	The gold answer states the birthplace was 'Greece', while the prediction states 'Alexandria, Egypt'. These are different locations, leading to a direct contradiction.	1	Both answers are identical.	equivalent: 1\nreasoning: Both answers are identical.	Alexandria, Egypt	{\n  "answer_1": "Cleopatra VII Philopator",\n  "answer_2": "Alexandria, Egypt"\n}
crag	gpt-5-1	280d60d1-f2be-4895-ae73-29461c8f1b35	1	1	who is the starting small forward for the team that is currently number one in the nba's eastern conference?	jayson tatum is the starting small forward for the boston celtics, currently the number one in the nba's eastern conference.	Jimmy Butler	Jimmy Butler	The gold answer identifies Jayson Tatum as the starting small forward, while the prediction states Jimmy Butler. These are different players, leading to a contradiction.	1	Both answers are identical.	equivalent: 1\nreasoning: Both answers are identical.	answer:\nJimmy Butler	{\n  "answer_1": "Miami Heat",\n  "answer_2": "Jimmy Butler"\n}
hotpotqa	gpt-5-1	5ae2e27155429928c423952a	0	1	What is the length of the River which has Wild Horse Creek as a tributary ?	375 mi long	295 mi	295 mi	The gold answer states the length is 375 mi, while the prediction states 295 mi. The difference of 80 mi is outside the allowed tolerance of 1% of the reference value (3.75 mi).	1	Both answers are identical.	equivalent: 1\nreasoning: Both answers are identical.	295 mi	{\n  "answer_1": "Washita River",\n  "answer_2": "295 mi"\n}
mintaka	gpt-5-1	c18486eb	0	1	What is the name of the U.S. state with the biggest volcano?	Washington	Hawaii	Hawaii	The prediction 'Hawaii' directly contradicts the gold answer 'Washington'. These are two distinct U.S. states.	1	Both answers are identical.	equivalent: 1\nreasoning: Both answers are identical.	answer:\nHawaii	{\n  "answer_1": "Mauna Loa",\n  "answer_2": "Hawaii"\n}
crag	gpt-5-1	470ed1c7-8a71-4c0c-9be8-bb1fe82ce59f	0	0	what is the elevation of the capital of ohio?	238 m	902 ft	275 m	The gold answer is 238 m. Converting this to feet: 238 m * 3.28084 ft/m = 780.84 ft. The prediction is 902 ft. The difference (902 - 780.84 = 121.16 ft) exceeds the allowed 1% tolerance (0.01 * 780.84 = 7.81 ft).	1	Unit conversion (275 m is approximately 902 ft); values are equivalent.	equivalent: 1\nreasoning: Unit conversion (275 m is approximately 902 ft); values are equivalent.	answer:\n902 ft	{\n  "answer_1": "Columbus",\n  "answer_2": "275 m"\n}
hotpotqa	gpt-5-1	5ac13d745542991316484a91	0	1	What comic book published the female superhero created by J. H. Williams III?	DC Comics	America’s Best Comics	America's Best Comics	The gold answer states 'DC Comics' as the publisher, while the prediction states 'America’s Best Comics'. These are two different comic book publishers, leading to a contradiction.	1	The answers are identical, differing only in the type of apostrophe used, which is ignored by punctuation normalization.	equivalent: 1\nreasoning: The answers are identical, differing only in the type of apostrophe used, which is ignored by punctuation normalization.	answer:\nAmerica’s Best Comics	{\n  "answer_1": "Promethea",\n  "answer_2": "America's Best Comics"\n}
mintaka	gpt-5-1	f6640eb4	0	1	What was the final major European battle of the war that primarily featured the man called Adolf Hitler?	Battle of the Bulge	Battle of Berlin	Battle of Berlin	The gold answer states 'Battle of the Bulge' while the prediction states 'Battle of Berlin'. These are two distinct historical events, and thus the prediction does not communicate the same essential fact as the gold answer.	1	Both answers are identical.	equivalent: 1\nreasoning: Both answers are identical.	answer:\nBattle of Berlin	{\n  "answer_1": "World War II",\n  "answer_2": "Battle of Berlin"\n}
crag	gpt-5-1	fde0f884-56cb-47c6-a15a-056eb02cfa4b	0	1	when did drake release their most popular album?	drake's most popular album, take care, released in 2011.	2016-04-29	2016-04-29	The gold answer states the album was released in 2011, while the prediction states 2016-04-29. These dates contradict each other.	1	Both answers provide the exact same date.	equivalent: 1\nreasoning: Both answers provide the exact same date.	answer:\n2016-04-29	{\n  "answer_1": "Views",\n  "answer_2": "2016-04-29"\n}
hotpotqa	gpt-5-1	5ab265de5542993be8fa9901	0	1	Jonas Hummels is the younger brother of a German professional footballer who plays for the German national team, and who else?	Bayern Munich	Borussia Dortmund	Borussia Dortmund	The gold answer states 'Bayern Munich' as the team, while the prediction states 'Borussia Dortmund'. These are two distinct football clubs, leading to a contradiction.	1	Both answers are identical.	equivalent: 1\nreasoning: Both answers are identical.	Borussia Dortmund	{\n  "answer_1": "Mats Hummels",\n  "answer_2": "Borussia Dortmund"\n}
mintaka	gpt-5-1	4f324703	0	0	Who is the main character in the first GTA?	Tommy	There is no single main character (the player controls one of several selectable criminals).	The game has multiple playable protagonists and no single main character	The gold answer identifies 'Tommy' as the main character, while the prediction states there is no single main character, which is a direct contradiction.	1	Both answers state that there is no single main character, which is the core fact. Answer B provides additional consistent detail.	equivalent: 1\nreasoning: Both answers state that there is no single main character, which is the core fact. Answer B provides additional consistent detail.	answer:\nThere is no single main character (the player controls one of several selectable criminals).	{\n  "answer_1": "Grand Theft Auto",\n  "answer_2": "The game has multiple playable protagonists and no single main character"\n}
crag	gpt-5-1	27f2284d-0d87-46c6-a0a1-e46135a3fc67	0	1	when did the most expensive action movie come out?	the most expensive action movie ever produced, star wars: the force awakens, came out in 2015.	2011-05-20	2011-05-20	The gold answer states the movie came out in 2015, while the prediction states 2011. Calendar dates and years must match exactly according to rule 2.	1	Calendar dates match exactly.	equivalent: 1\nreasoning: Calendar dates match exactly.	answer:\n2011-05-20	{\n  "answer_1": "Pirates of the Caribbean: On Stranger Tides",\n  "answer_2": "2011-05-20"\n}
hotpotqa	gpt-5-1	5a7d48a05542991319bc9385	0	0	Who founded the fast food chain whom Joshua Goez appeared in the "Ranch Tooth" commercials for?	Dave Thomas	Robert Oscar Peterson	Robert O. Peterson	The prediction 'Robert Oscar Peterson' contradicts the gold answer 'Dave Thomas'. Dave Thomas founded Wendy's, which is associated with 'Ranch Tooth' commercials, while Robert Oscar Peterson founded Jack in the Box.	1	"O." is an abbreviation for "Oscar", making the names equivalent.	equivalent: 1\nreasoning: "O." is an abbreviation for "Oscar", making the names equivalent.	answer:\nRobert Oscar Peterson	{\n  "answer_1": "Jack in the Box",\n  "answer_2": "Robert O. Peterson"\n}
mintaka	gpt-5-1	bc1f9c3f	0	0	Where was the lead guitarist of Guns N' Roses born?	Stoke-on-Trent, Staffordshire, England	Hampstead, London, United Kingdom	Hampstead, London, England	The prediction states 'Hampstead, London, United Kingdom' as the birthplace, which contradicts the gold answer 'Stoke-on-Trent, Staffordshire, England'. These are distinct locations.	1	"England" is a constituent country of the "United Kingdom", making Answer A more specific but consistent with Answer B.	equivalent: 1\nreasoning: "England" is a constituent country of the "United Kingdom", making Answer A more specific but consistent with Answer B.	Hampstead, London, United Kingdom	{\n  "answer_1": "Slash",\n  "answer_2": "Hampstead, London, England"\n}
crag	gpt-5-1	e6fe70a3-61b9-4b6f-b953-9ec181806b7d	1	1	can you tell me the name of the actress who starred in the film that won the best picture oscar in 1993?	anna thomson	Frances Fisher	Frances Fisher	The gold answer 'anna thomson' is a different name from the prediction 'Frances Fisher'. They are distinct facts.	1	Both answers are identical.	equivalent: 1\nreasoning: Both answers are identical.	answer:\nFrances Fisher	{\n  "answer_1": "Unforgiven",\n  "answer_2": "Frances Fisher"\n}
hotpotqa	gpt-5-1	5ab3020e55429976abd1bc1a	0	1	Javier Mora, is a Mexican boxer in the Heavyweight division, he was defeated by Alexander Vladimirovich "Sasha" Povetkin, by a 5-round TKO, in which country?	Germany	Russia	Russia	The prediction 'Russia' directly contradicts the gold answer 'Germany' regarding the country where the boxing match took place.	1	Both answers are identical.	equivalent: 1\nreasoning: Both answers are identical.	answer:\nRussia	{\n  "answer_1": "Chekhov",\n  "answer_2": "Russia"\n}
mintaka	gpt-5-1	513f3181	0	1	What is the oldest monument in the capital of France?	Arenes de Lutece	Luxor Obelisk	Luxor Obelisk	The prediction 'Luxor Obelisk' names a different monument than the gold answer 'Arenes de Lutece', directly contradicting the gold fact about the oldest monument.	1	Both answers are identical.	equivalent: 1\nreasoning: Both answers are identical.	Luxor Obelisk	{\n  "answer_1": "Paris",\n  "answer_2": "Luxor Obelisk"\n}
crag	gpt-5-1	3e6f239d-0354-4867-99ef-9542db6a83c8	1	1	what team does the player who threw the most interceptions last year play for?	the player who threw the most interceptions last year, sam howell, plays for the washington commanders.	Jacksonville Jaguars	Jacksonville Jaguars	The gold answer states the player plays for the 'Washington Commanders', while the prediction states 'Jacksonville Jaguars'. These are different teams, leading to a contradiction.	1	Both answers are identical.	equivalent: 1\nreasoning: Both answers are identical.	Jacksonville Jaguars	{\n  "answer_1": "Trevor Lawrence",\n  "answer_2": "Jacksonville Jaguars"\n}
hotpotqa	gpt-5-1	5a7f8a535542994857a76778	0	1	The Pineground Bridge formerly carried Depot Road over the Suncook River into a town with a population of what?	2,523	7115	7115	The gold answer is 2,523 and the prediction is 7,115. For naturally drifting values like population, the difference must be within a 1-5.5 percentage-point window. The absolute difference is 4,592, and the maximum value is 7,115. The percentage difference is (4592 / 7115) * 100 = 64.54%, which is far outside the allowed tolerance.	1	Both answers are identical.	equivalent: 1\nreasoning: Both answers are identical.	answer:\n7115	{\n  "answer_1": "Pembroke, New Hampshire",\n  "answer_2": "7115"\n}
mintaka	gpt-5-1	1be89328	0	0	Who was US president during the Great Depression?	Herbert Hoover	Franklin D. Roosevelt	Herbert Hoover; Franklin D. Roosevelt	The gold answer specifies 'Herbert Hoover' as the US president during the Great Depression, while the prediction states 'Franklin D. Roosevelt'. These are two different individuals, leading to a direct contradiction.	1	Answer B is a correct subset of Answer A, and the question does not require an exhaustive list. Both presidents served during the Great Depression.	equivalent: 1\nreasoning: Answer B is a correct subset of Answer A, and the question does not require an exhaustive list. Both presidents served during the Great Depression.	Franklin D. Roosevelt	{\n  "answer_1": "1929-1939",\n  "answer_2": "Herbert Hoover; Franklin D. Roosevelt"\n}
crag	gpt-5-1	79c07a6f-77a4-4f41-ad34-90804e609c2d	0	0	what is the elevation of the capital of nebraska?	366 m	359 m	358 m	The gold answer is 366 m and the prediction is 359 m. The absolute difference is 7 m. The allowed tolerance is max(0.5, 1% of 366) = 3.66 m. Since 7 > 3.66, the prediction is outside the acceptable numeric tolerance.	1	Numeric values are within the 1% tolerance (|358 - 359| = 1, which is less than 1% of 358 or 359).	equivalent: 1\nreasoning: Numeric values are within the 1% tolerance (|358 - 359| = 1, which is less than 1% of 358 or 359).	answer:\n359 m	{\n  "answer_1": "Lincoln",\n  "answer_2": "358 m"\n}
hotpotqa	gpt-5-1	5abd7ca05542993062266cab	0	1	Where is the company that purchased Aixam based in?	Roseau, Minnesota, USA	Medina, Minnesota, United States	Medina, Minnesota, United States	The prediction states 'Medina' as the city, which contradicts the gold answer's 'Roseau'. While the state and country are equivalent ('Minnesota' and 'USA'/'United States'), the city is a direct contradiction.	1	Both answers are identical.	equivalent: 1\nreasoning: Both answers are identical.	Medina, Minnesota, United States	{\n  "answer_1": "Polaris Industries",\n  "answer_2": "Medina, Minnesota, United States"\n}
mintaka	gpt-5-1	e79774c0	0	1	When was the director of Child's Play born?	25-Jan-63	1943-07-11	1943-07-11	The gold answer provides the birth date as January 25, 1963, while the prediction states July 11, 1943. Calendar dates must match exactly, and these dates are different.	1	Both answers provide the exact same date.	equivalent: 1\nreasoning: Both answers provide the exact same date.	answer:\n1943-07-11	{\n  "answer_1": "Tom Holland",\n  "answer_2": "1943-07-11"\n}
crag	gpt-5-1	af5e9fc5-7db0-495e-96eb-8795107cf84f	0	1	what was dana ashbrook's age when he/she made an appearance in the aggression scale?	44	45	45	The gold answer is 44 and the prediction is 45. The absolute difference is 1. The allowed tolerance for numeric expressions is max(0.5, 1% of the reference). 1% of 44 is 0.44, so the tolerance is max(0.5, 0.44) = 0.5. Since 1 > 0.5, the prediction is outside the acceptable tolerance.	1	Both answers state the same age.	equivalent: 1\nreasoning: Both answers state the same age.	answer:\n45	{\n  "answer_1": "1967-05-24",\n  "answer_2": "2012-05-29",\n  "answer_3": "45"\n}
hotpotqa	gpt-5-1	5ae65d055542996d980e7b14	0	0	What was population of the city where the Dutch retired footballer Foeke Booy born?	108,249	123107	128383	The question asks for a population, which is a naturally drifting value. The gold answer is 108,249 and the prediction is 123,107. The percentage difference is approximately 12.07% (calculated as |108,249 - 123,107| / max(108,249, 123,107) * 100). This falls outside the allowed 1-5.5 percentage-point window for equivalence, according to Rule 2.	1	The difference between the two population figures (5276) is within the 5.5% tolerance for values that naturally drift over time (4.11% of 128383).	equivalent: 1\nreasoning: The difference between the two population figures (5276) is within the 5.5% tolerance for values that naturally drift over time (4.11% of 128383).	123107	{\n  "answer_1": "Leeuwarden",\n  "answer_2": "128383"\n}
mintaka	gpt-5-1	f46f9461	0	1	What is the name of the state where the biggest dam in the USA is located?	California.	Nevada	Nevada	The prediction 'Nevada' contradicts the gold answer 'California' regarding the state where the biggest dam in the USA is located.	1	Both answers are identical.	equivalent: 1\nreasoning: Both answers are identical.	answer:\nNevada	{\n  "answer_1": "Hoover Dam",\n  "answer_2": "Nevada"\n}
crag	gpt-5-1	b87aa578-d977-40f3-b96d-8ebba8aa3910	0	1	who was the player of the year in the premier league last season?	erling haaland, who plays for manchester city, was the player of the year in the premier league last season.	Kevin De Bruyne	Kevin De Bruyne	The gold answer states 'Erling Haaland' was the player of the year, while the prediction states 'Kevin De Bruyne'. These are different individuals, leading to a contradiction.	1	Both answers are identical.	equivalent: 1\nreasoning: Both answers are identical.	answer:\nKevin De Bruyne	{\n  "answer_1": "2021-22 Premier League season",\n  "answer_2": "Kevin De Bruyne"\n}
hotpotqa	gpt-5-1	5ae7a9c8554299540e5a5631	0	0	What event at the Asian Junior Athletics Championships has men and women competing at the same time?	3000 metres steeplechase	4×400 m mixed relay	4 × 400 m mixed relay	The prediction names a different athletic event (4x400m mixed relay) than the gold answer (3000 metres steeplechase), which is a direct contradiction.	1	The answers are identical except for spacing around the multiplication symbol, which is a minor formatting difference and ignored by normalization.	equivalent: 1\nreasoning: The answers are identical except for spacing around the multiplication symbol, which is a minor formatting difference and ignored by normalization.	4×400 m mixed relay	{\n  "answer_1": "mixed event",\n  "answer_2": "4 × 400 m mixed relay"\n}
mintaka	gpt-5-1	4b066327	0	1	How old was John Lennon when The Beatles formed?	16	19	19	The gold answer is 16, and the prediction is 19. The absolute difference is 3, which exceeds the allowed numeric tolerance of max(0.5, 1% of 16) = 0.5. This is a direct contradiction of the age.	1	Both answers are identical.	equivalent: 1\nreasoning: Both answers are identical.	answer:\n19	{\n  "answer_1": "1960",\n  "answer_2": "19"\n}
crag	gpt-5-1	adabdcb6-3d4d-4dac-93f7-d54bdb5dccf2	0	1	who was the coach of the team that won the nba championship last season?	michael malone, who coaches the denver nuggets, was the coach of the team that won the nba championship last season.	Steve Kerr	Steve Kerr	The gold answer states the coach was Michael Malone, while the prediction states Steve Kerr. These are two different individuals, leading to a direct contradiction.	1	Both answers are identical.	equivalent: 1\nreasoning: Both answers are identical.	Steve Kerr	{\n  "answer_1": "Golden State Warriors",\n  "answer_2": "Steve Kerr"\n}
hotpotqa	gpt-5-1	5ab1c5cb554299722f9b4c61	0	1	Who represents the district that Gawthorpe is in?	Julie Cooper	Antony Higginbotham	Antony Higginbotham	The prediction 'Antony Higginbotham' contradicts the gold answer 'Julie Cooper' regarding the representative of the district.	1	Both answers are identical.	equivalent: 1\nreasoning: Both answers are identical.	answer:\nAntony Higginbotham	{\n  "answer_1": "Burnley",\n  "answer_2": "Antony Higginbotham"\n}
mintaka	gpt-5-1	7e554842	0	1	How long did the longest serving mayor serve in New York?	11 years (1934–1945)	12 years	12 years	The gold answer states '11 years' while the prediction states '12 years'. The difference of 1 year is outside the allowed numeric tolerance of max(0.5, 1% of 11) = 0.5.	1	Both answers are identical.	equivalent: 1\nreasoning: Both answers are identical.	answer:\n12 years	{\n  "answer_1": "Fiorello La Guardia",\n  "answer_2": "12 years"\n}
crag	gpt-5-1	0531f5e7-d6ac-4c45-be32-5e530f83835b	1	1	what's the most recent album from the founder of ysl records?	business is business	Punk	Punk	The prediction 'Punk' is a different album title than the gold answer 'business is business'. There is no equivalence or normalization that makes them the same.	1	Both answers are identical.	equivalent: 1\nreasoning: Both answers are identical.	answer:\nPunk	{\n  "answer_1": "Young Thug",\n  "answer_2": "Punk"\n}
hotpotqa	gpt-5-1	5ae732685542991e8301cbc3	0	1	Zimbabwe's Guwe Secondary School has a sister school in what New York cunty?	Nassau County	Monroe County	Monroe County	The prediction 'Monroe County' contradicts the gold answer 'Nassau County' regarding the specific New York county.	1	Both answers are identical.	equivalent: 1\nreasoning: Both answers are identical.	answer:\nMonroe County	{\n  "answer_1": "Penfield High School",\n  "answer_2": "Monroe County"\n}
mintaka	gpt-5-1	afc20de1	0	0	How long did the longest serving senator in Massachusetts history serve in the Senate?	46 years	47 years	nearly 47 years	The gold answer is '46 years' and the prediction is '47 years'. According to numeric expression rule 2, the difference |47 - 46| = 1. The maximum allowed difference is max(0.5, 1% of 46) = max(0.5, 0.46) = 0.5. Since 1 > 0.5, the values are not within the acceptable tolerance.	1	"Nearly 47 years" is considered equivalent to "47 years" under the numeric tolerance rule, as it implies a value within a small margin of 47.	equivalent: 1\nreasoning: "Nearly 47 years" is considered equivalent to "47 years" under the numeric tolerance rule, as it implies a value within a small margin of 47.	answer:\n47 years	{\n  "answer_1": "Edward M. Kennedy",\n  "answer_2": "nearly 47 years"\n}
crag	gpt-5-1	60084fd7-1889-4194-aab9-38ad898dfcf3	1	0	how much will the starting quarterback of the cowboys earn this year?	in 2024, prescott will earn a base salary of $29,000,000 and a roster bonus of $5,000,000.	$20,000,000	20000000 USD	The gold answer states the total earnings will be $29,000,000 (base salary) + $5,000,000 (roster bonus) = $34,000,000. The prediction of $20,000,000 is significantly different from the gold value, exceeding the 1% numerical tolerance ($340,000).	1	Currency symbol/name normalization and thousands-separator ignored; same value.	equivalent: 1\nreasoning: Currency symbol/name normalization and thousands-separator ignored; same value.	answer:\n$20,000,000	{\n  "answer_1": "Dak Prescott",\n  "answer_2": "20000000 USD"\n}
hotpotqa	gpt-5-1	5a874fd15542996432c57260	0	1	What was the film debut of the actress who starred in Pandemonium?	"Divorce American Style"	Carnal Knowledge	Carnal Knowledge	The gold answer states the film debut was 'Divorce American Style', while the prediction states 'Carnal Knowledge'. These are two different films, leading to a contradiction.	1	Both answers are identical.	equivalent: 1\nreasoning: Both answers are identical.	answer:\nCarnal Knowledge	{\n  "answer_1": "Carol Kane",\n  "answer_2": "Carnal Knowledge"\n}
mintaka	gpt-5-1	48e38631	0	1	How many actors played Sonny in Big Daddy?	2	1	1	The gold answer is 2, and the prediction is 1. The absolute difference is 1, which exceeds the allowed numerical tolerance of max(0.5, 1% of 2) = 0.5.	1	Both answers state the same numerical value.	equivalent: 1\nreasoning: Both answers state the same numerical value.	answer:\n1	{\n  "answer_1": "Adam Sandler",\n  "answer_2": "1"\n}
crag	gpt-5-1	5a55dd6b-371b-4daa-a2a2-7df503885d21	1	0	how far did last year's west coast conference champion go in the postseason?	gonzaga, last year's west coast conference champion, made it to the elite 8 in the ncaa tournament.	Sweet Sixteen	They reached the Sweet Sixteen in the NCAA Tournament	The gold answer states the team made it to the 'Elite 8', while the prediction states 'Sweet Sixteen'. These are different stages in a tournament, making the prediction factually incorrect.	1	Answer A provides extra descriptive text ("in the NCAA Tournament") that does not contradict or change the core fact ("Sweet Sixteen") present in Answer B.	equivalent: 1\nreasoning: Answer A provides extra descriptive text ("in the NCAA Tournament") that does not contradict or change the core fact ("Sweet Sixteen") present in Answer B.	answer:\nSweet Sixteen	{\n  "answer_1": "Gonzaga Bulldogs",\n  "answer_2": "They reached the Sweet Sixteen in the NCAA Tournament"\n}
hotpotqa	gpt-5-1	5ae753b75542997b22f6a6db	0	1	Jayantabhai Ki Luv Story includes a lead role for the film actress and model who is a native of what city?	Bihar	Bhagalpur	Bhagalpur	The question asks for a 'city'. The gold answer provides a state ('Bihar'), while the prediction provides a city ('Bhagalpur'). Although Bhagalpur is located within Bihar, the gold and prediction refer to different types of geographical entities (state vs. city) and are therefore not the same essential fact.	1	Both answers are identical.	equivalent: 1\nreasoning: Both answers are identical.	answer:\nBhagalpur	{\n  "answer_1": "Neha Sharma",\n  "answer_2": "Bhagalpur"\n}
mintaka	gpt-5-1	863655c5	0	0	What is the population of the country where the "Spanish Steps" are located?	4.2 million	60000000	approximately 59,000,000	The gold answer is 4.2 million (4,200,000) and the prediction is 60,000,000. These values are significantly different and fall outside the allowed numeric tolerance for population figures (1-5.5 percentage-point window). The difference is approximately 93% relative to the larger value, or 1330% relative to the smaller value.	1	Numeric values are within the 1-5.5 percentage-point tolerance for values that naturally drift over time (population).	equivalent: 1\nreasoning: Numeric values are within the 1-5.5 percentage-point tolerance for values that naturally drift over time (population).	answer:\n60000000	{\n  "answer_1": "Italy",\n  "answer_2": "approximately 59,000,000"\n}
crag	gpt-5-1	47d14ce5-921b-47f3-bf8b-0c016c5c724b	0	1	how many toys does andy have in the third toy story movie?	17-year-old andy has only twelve of his toys.	8	8	The gold answer states Andy has 'twelve' (12) toys, while the prediction states '8'. These numbers contradict each other and are outside the allowed numeric tolerance.	1	Both answers provide the exact same numerical value.	equivalent: 1\nreasoning: Both answers provide the exact same numerical value.	answer:\n8	{\n  "answer_1": "Toy Story 3",\n  "answer_2": "8"\n}
hotpotqa	gpt-5-1	5a7e1cd05542995ed0d1669a	0	1	who produced the animated film that John Kassir acted in?	Salma Hayek	Jim Pentecost	Jim Pentecost	The gold answer identifies 'Salma Hayek' as the producer, while the prediction states 'Jim Pentecost'. These are two different individuals, leading to a contradiction.	1	Both answers are identical.	equivalent: 1\nreasoning: Both answers are identical.	answer:\nJim Pentecost	{\n  "answer_1": "Pocahontas",\n  "answer_2": "Jim Pentecost"\n}
mintaka	gpt-5-1	78a31f7a	1	1	What is the current coach's name of the team that has won the most NCAA Division I Baseball Championships?	Jason Gill	Andy Stankiewicz	Andy Stankiewicz	The prediction 'Andy Stankiewicz' is a different name from the gold answer 'Jason Gill', indicating a factual contradiction.	1	Both answers are identical.	equivalent: 1\nreasoning: Both answers are identical.	answer:\nAndy Stankiewicz	{\n  "answer_1": "USC Trojans",\n  "answer_2": "Andy Stankiewicz"\n}
crag	gpt-5-1	2a233422-8f6c-4f97-8509-ccc71afb3794	0	1	how old was leonardo dicaprio when he won best actor award?	leonardo was 42 years old in 2016 when he won best actor.	41	41	The gold answer states Leonardo DiCaprio was 42 years old, while the prediction states 41. The difference of 1 is outside the allowed numeric tolerance of max(0.5, 1% of 42 = 0.42) = 0.5.	1	Both answers state the same age.	equivalent: 1\nreasoning: Both answers state the same age.	answer:\n41	{\n  "answer_1": "2016-02-28",\n  "answer_2": "41"\n}
hotpotqa	gpt-5-1	5a8a17e55542992d82986eab	0	1	Who was the director of the film at who end a versions of the son "Please, Please, Please, Let Me Get What I Want" could be heard?	Shane Meadows	John Hughes	John Hughes	The prediction 'John Hughes' contradicts the gold answer 'Shane Meadows' as they are different individuals. There is no equivalence between the two names.	1	Both answers are identical.	equivalent: 1\nreasoning: Both answers are identical.	John Hughes	{\n  "answer_1": "Ferris Bueller's Day Off",\n  "answer_2": "John Hughes"\n}
mintaka	gpt-5-1	aad2514e	1	1	How many children does the current manager of the Los Angeles Lakers have?	2	1	1	The gold answer is '2' and the prediction is '1'. These numerical values are different and fall outside the allowed tolerance for numeric expressions (|a - b| <= max(0.5, 1% of reference)).	1	Both answers state the same numerical value.	equivalent: 1\nreasoning: Both answers state the same numerical value.	answer:\n1	{\n  "answer_1": "Darvin Ham",\n  "answer_2": "1"\n}
crag	gpt-5-1	365b3655-6fc5-4731-a422-afeb3d4b3750	0	0	what company in the nasdaq brings in the most revenue?	walmart	Amazon.com, Inc.	Amazon	The prediction 'Amazon.com, Inc.' is a different company than the gold answer 'walmart', leading to a factual contradiction.	1	"Amazon" is an common alias for "Amazon.com, Inc."; extra detail in B does not contradict A.	equivalent: 1\nreasoning: "Amazon" is an common alias for "Amazon.com, Inc."; extra detail in B does not contradict A.	answer:\nAmazon.com, Inc.	{\n  "answer_1": "Apple; Microsoft; Amazon; Alphabet; Meta Platforms; Tesla; Nvidia",\n  "answer_2": "Amazon"\n}
hotpotqa	gpt-5-1	5ae52e6a5542990ba0bbb1ec	1	1	Since when Romeo and Juliet was the first production of the play for  a live theater to digital platforms company, founded in 2013 by Stewart F. Lane and Bonnie Comley?	1977	2013	2013	The gold answer states the year is 1977, while the prediction states 2013. These are different years, leading to a contradiction.	1	Both answers are identical and provide the same year.	equivalent: 1\nreasoning: Both answers are identical and provide the same year.	answer:\n2013	{\n  "answer_1": "BroadwayHD",\n  "answer_2": "2013"\n}
mintaka	gpt-5-1	13cd720a	0	1	What is the capital of the largest country in Europe?	Paris	Moscow	Moscow	The prediction 'Moscow' directly contradicts the gold answer 'Paris'. The largest country in Europe by area is Russia, whose capital is Moscow. However, the largest country *entirely within* Europe is Ukraine, and the largest country *by population* entirely within Europe is Germany. The question is ambiguous, but the gold answer 'Paris' implies the question is referring to France as the 'largest country in Europe' in some context (e.g., historically or culturally, or perhaps by GDP within the EU). Regardless of the interpretation of 'largest country in Europe', 'Moscow' and 'Paris' are distinct and contradictory answers.	1	Both answers are identical.	equivalent: 1\nreasoning: Both answers are identical.	answer:\nMoscow	{\n  "answer_1": "Russia",\n  "answer_2": "Moscow"\n}
crag	gpt-5-1	8f44d279-42b0-490f-ab04-24dd1a7a47f5	0	1	what was henry rollins's age when he/she made an appearance in henry rollins: henry rollins goes to london?	33	29	29	The gold answer is 33 and the prediction is 29. The absolute difference is 4. The allowed tolerance is max(0.5, 1% of 33) = max(0.5, 0.33) = 0.5. Since 4 > 0.5, the prediction is outside the acceptable numerical tolerance.	1	Both answers state the exact same age.	equivalent: 1\nreasoning: Both answers state the exact same age.	answer:\n29	{\n  "answer_1": "1961-02-13",\n  "answer_2": "1990",\n  "answer_3": "29"\n}
hotpotqa	gpt-5-1	5adfedb755429942ec259b95	0	1	Emprise Bank has branches in a city situated along what river?	Neosho River	Arkansas River	Arkansas River	The prediction names 'Arkansas River' which is a different river than the 'Neosho River' provided in the gold answer, leading to a contradiction.	1	Both answers are identical.	equivalent: 1\nreasoning: Both answers are identical.	answer:\nArkansas River	{\n  "answer_1": "Wichita",\n  "answer_2": "Arkansas River"\n}
mintaka	gpt-5-1	249c69f3	0	1	Who was the wife of the 21st president?	Eliza Johnson	Ellen Lewis Herndon Arthur	Ellen Lewis Herndon Arthur	The gold answer 'Eliza Johnson' is a different name from the prediction 'Ellen Lewis Herndon Arthur'. They are not equivalent.	1	Both answers are identical.	equivalent: 1\nreasoning: Both answers are identical.	answer:\nEllen Lewis Herndon Arthur	{\n  "answer_1": "Chester A. Arthur",\n  "answer_2": "Ellen Lewis Herndon Arthur"\n}
crag	gpt-5-1	0512b2a6-b900-4454-8613-512e65b1913e	1	1	who was the top scorer in the women's world cup last year?	miyazawa hinata	Megan Rapinoe	Megan Rapinoe	The prediction 'Megan Rapinoe' is a different person than the gold answer 'Miyazawa Hinata'. Miyazawa Hinata was the top scorer in the 2023 Women's World Cup, while Megan Rapinoe was not.	1	Both answers are identical.	equivalent: 1\nreasoning: Both answers are identical.	answer:\nMegan Rapinoe	{\n  "answer_1": "2019",\n  "answer_2": "Megan Rapinoe"\n}
hotpotqa	gpt-5-1	5adeb01355429939a52fe958	0	1	Elisabeth of Bavaria's husband was born on what date?	25 April 1228	1830-08-18	1830-08-18	The predicted date (18 August 1830) contradicts the gold date (25 April 1228). Dates must match exactly.	1	Both answers provide the exact same date.	equivalent: 1\nreasoning: Both answers provide the exact same date.	1830-08-18	{\n  "answer_1": "Franz Joseph I of Austria",\n  "answer_2": "1830-08-18"\n}
mintaka	gpt-5-1	88c5cc4f	1	1	How old is the current manager of Barcelona FC?	58	42	42	The gold answer is 58 and the prediction is 42. The absolute difference is 16, which is outside the allowed numeric tolerance of max(0.5, 1% of 58) = 0.58.	1	Both answers are identical.	equivalent: 1\nreasoning: Both answers are identical.	answer:\n42	{\n  "answer_1": "Xavi",\n  "answer_2": "42"\n}
crag	gpt-5-1	df4e57f0-519e-4ce2-81c2-144985cf1a7b	1	1	when was meta's most recent vr headset released?	meta's most recent vr headset, the meta quest 3, was released on october 10, 2023.	2020-10-13	2020-10-13	The gold answer specifies the release date as October 10, 2023, while the prediction states 2020-10-13. Calendar dates must match exactly, and the years (2023 vs 2020) and days (10 vs 13) are different, leading to a contradiction.	1	Both answers provide the exact same date.	equivalent: 1\nreasoning: Both answers provide the exact same date.	answer:\n2020-10-13	{\n  "answer_1": "Meta Quest 2",\n  "answer_2": "2020-10-13"\n}
mintaka	gpt-5-1	540c6b11	0	1	What is the tallest building in the country whose capital city is Kuala Lumpur?	Petronas Tower	Merdeka 118	Merdeka 118	The gold answer 'Petronas Tower' was once the tallest building in Malaysia, but 'Merdeka 118' is now the tallest building in Malaysia (completed in 2022). The prediction contradicts the gold fact by naming a different, and currently taller, building.	1	Both answers are identical.	equivalent: 1\nreasoning: Both answers are identical.	answer:\nMerdeka 118	{\n  "answer_1": "Malaysia",\n  "answer_2": "Merdeka 118"\n}
crag	gpt-5-1	c2405ead-68ed-4e4e-8ae9-9f1875aa7be7	0	0	what other songs did the artist release in the same year as save me?	2	Play the Game; Another One Bites the Dust; Flash; Need Your Loving Tonight	Play the Game; Another One Bites the Dust; Flash	API error: Expecting value: line 1 column 1 (char 0)	1	Answer A is a subset of Answer B, and the question does not require an exhaustive list.	equivalent: 1\nreasoning: Answer A is a subset of Answer B, and the question does not require an exhaustive list.	answer:\nPlay the Game; Another One Bites the Dust; Flash; Need Your Loving Tonight	{\n  "answer_1": "Queen",\n  "answer_2": "1980",\n  "answer_3": "Play the Game; Another One Bites the Dust; Flash"\n}
crag	gpt-5-1	612d6a91-f8a0-4935-ad7c-b9b09e959fcc	0	0	what rating did the most popular comedy show of 2023 have on tomatometer?	reservation dogs, one of the most popular comedy shows of 2023, has a rating of 99 % on rotten tomatoes and received praise on many other websites as well.	100%	99%	The gold answer states a rating of 99%, while the prediction states 100%. The difference of 1 is outside the allowed numeric tolerance of max(0.5, 1% of 99) = 0.99.	1	Numeric values 99% and 100% are within the 1% tolerance (100 * 0.01 = 1, and |99-100|=1).	equivalent: 1\nreasoning: Numeric values 99% and 100% are within the 1% tolerance (100 * 0.01 = 1, and |99-100|=1).	answer:\n100%	{\n  "answer_1": "The Bear",\n  "answer_2": "99%"\n}
crag	gpt-5-1	d52db8c5-663a-469c-a470-e6d524e2b3dd	0	1	who was the coach of the team that won the stanley cup last season?	bruce cassidy, who coaches the vegas golden knights, was the coach of the team that won the stanley cup last season.	Jared Bednar	Jared Bednar	The gold answer identifies 'Bruce Cassidy' as the coach, while the prediction states 'Jared Bednar'. These are different names, leading to a contradiction.	1	Both answers are identical.	equivalent: 1\nreasoning: Both answers are identical.	Jared Bednar	{\n  "answer_1": "Colorado Avalanche",\n  "answer_2": "Jared Bednar"\n}
crag	gpt-5-1	a019b11a-6b26-4f70-9d3f-20c46005bec6	1	0	what were the box office numbers for martin scorsese's most recent movie?	killers of the flower moon has grossed $67.8 million in the united states and canada, and $89 million in other territories, for a worldwide total of $156.8 million.	7969751	Approximately $8 million worldwide	The prediction '7969751' (approximately $7.97 million) does not match any of the box office numbers provided in the gold answer ($67.8 million, $89 million, $156.8 million), even with numeric tolerance. The prediction is significantly different and lacks context (e.g., worldwide, domestic).	1	Numeric values are within the 1% tolerance, and Answer A uses "Approximately".	equivalent: 1\nreasoning: Numeric values are within the 1% tolerance, and Answer A uses "Approximately".	answer:\n7969751	{\n  "answer_1": "The Irishman",\n  "answer_2": "Approximately $8 million worldwide"\n}
crag	gpt-5-1	4ebbb760-c5ae-4307-9764-567a357f4cc1	0	1	who is the first actress to play the bond girl?	vesper lynd in 1953	Ursula Andress	Ursula Andress	The gold answer identifies 'Vesper Lynd' as the first actress, while the prediction identifies 'Ursula Andress'. These are different individuals (Vesper Lynd is a character, not an actress), leading to a direct contradiction on the identity of the actress.	1	Both answers are identical.	equivalent: 1\nreasoning: Both answers are identical.	answer:\nUrsula Andress	{\n  "answer_1": "Honey Ryder",\n  "answer_2": "Ursula Andress"\n}
crag	gpt-5-1	c47ece5d-49ba-4ee2-ba5e-cfee323dbec0	0	1	who was the first actor to play the role of a comic book hero in a live-action movie?	warren hall was the first actor to play the role of a superhero in a live-action movie, in his iconic portrayal of mandrake the magician in 1939, directed by norman deming and sam nelson.	Tom Tyler	Tom Tyler	The gold answer identifies 'Warren Hall' as the first actor, while the prediction states 'Tom Tyler'. These are different names, leading to a contradiction on the core fact.	1	Both answers are identical.	equivalent: 1\nreasoning: Both answers are identical.	answer:\nTom Tyler	{\n  "answer_1": "Adventures of Captain Marvel",\n  "answer_2": "Tom Tyler"\n}
crag	gpt-5-1	04fd2c98-6531-41a0-8f9f-4af6b7f012ef	1	1	who was the mvp of the mlb world series last year?	corey saeger, who plays for the texas rangers, was the mvp of the mlb world series last year.	Jorge Soler	Jorge Soler	The gold answer states 'Corey Seager' as the MVP, while the prediction states 'Jorge Soler'. These are different individuals, leading to a contradiction on the core fact of the question.	1	Both answers are identical.	equivalent: 1\nreasoning: Both answers are identical.	Jorge Soler	{\n  "answer_1": "2021",\n  "answer_2": "Jorge Soler"\n}
