dataset	id	question	gold_answer	assistant_label	assistant_notes	stable_wrong_models	frontier_open_consensus_count	frontier_open_consensus_answer	model_dir__gemini_2_5_pro	stable_wrong__gemini_2_5_pro	open_correct__gemini_2_5_pro	consistency_equivalent__gemini_2_5_pro	open_answer__gemini_2_5_pro	assistive_answer__gemini_2_5_pro	open_correctness_reasoning__gemini_2_5_pro	consistency_reasoning__gemini_2_5_pro	model_dir__gemini_2_5_flash	stable_wrong__gemini_2_5_flash	open_correct__gemini_2_5_flash	consistency_equivalent__gemini_2_5_flash	open_answer__gemini_2_5_flash	assistive_answer__gemini_2_5_flash	open_correctness_reasoning__gemini_2_5_flash	consistency_reasoning__gemini_2_5_flash	model_dir__gpt_5_1	stable_wrong__gpt_5_1	open_correct__gpt_5_1	consistency_equivalent__gpt_5_1	open_answer__gpt_5_1	assistive_answer__gpt_5_1	open_correctness_reasoning__gpt_5_1	consistency_reasoning__gpt_5_1
crag	00283e38-b411-425f-ad12-b6de87e4dc45	how old is the oldest currently working action movie actor?	one of the oldest currently working action movie actors, arnold schwarzenegger, is 76 years old.	time_dependent	Time-relative phrasing ('currently'); gold likely tied to a specific snapshot/date.	gemini_2_5_pro,gemini_2_5_flash	1	93	google-gemini-2-5-pro	1	0	1	93	92	The gold answer states an age of 76, while the prediction states 93. These numerical values are significantly different and outside the allowed tolerance for numeric expressions.	Numeric values for age are within the 1-5.5 percentage-point tolerance for values that drift over time (1.075% difference).	google-gemini-2-5-flash	1	0	1	92	92	The gold answer states Arnold Schwarzenegger is 76 years old. The prediction gives '92'. These numerical values are significantly different and fall outside the allowed tolerance for numeric expressions (|92 - 76| = 16, which is much greater than max(0.5, 1% of 76 = 0.76)).	Both answers state the same numerical value.	gpt-5-1	0	0	0	80	92	API error: Expecting value: line 1 column 1 (char 0)	The numerical values (92 and 80) are outside the 5.5 percentage-point tolerance for values that naturally drift over time.
crag	04fd2c98-6531-41a0-8f9f-4af6b7f012ef	who was the mvp of the mlb world series last year?	corey saeger, who plays for the texas rangers, was the mvp of the mlb world series last year.	time_dependent	World Series MVP depends on year; gold and models align to different seasons (e.g., Seager vs Soler).	gemini_2_5_pro,gemini_2_5_flash,gpt_5_1	3	Jorge Soler	google-gemini-2-5-pro	1	0	1	Jorge Soler	Jorge Soler	The gold answer states 'Corey Seager' as the MVP, while the prediction states 'Jorge Soler'. These are different individuals, leading to a contradiction on the core fact of the question.	Both answers are identical.	google-gemini-2-5-flash	1	0	1	Jorge Soler	Jorge Soler	The gold answer states 'Corey Seager' as the MVP, while the prediction states 'Jorge Soler'. These are different individuals, leading to a contradiction on the core fact of the question.	Both answers are identical.	gpt-5-1	1	0	1	Jorge Soler	Jorge Soler	The gold answer states 'Corey Seager' as the MVP, while the prediction states 'Jorge Soler'. These are different individuals, leading to a contradiction on the core fact of the question.	Both answers are identical.
crag	0512b2a6-b900-4454-8613-512e65b1913e	who was the top scorer in the women's world cup last year?	miyazawa hinata	time_dependent	Time-relative phrasing ('last year'); gold likely tied to a specific snapshot/date.	gemini_2_5_pro,gpt_5_1	2	Megan Rapinoe	google-gemini-2-5-pro	1	0	1	Megan Rapinoe; Alex Morgan; Ellen White	Megan Rapinoe; Alex Morgan; Ellen White	The prediction lists 'Megan Rapinoe; Alex Morgan; Ellen White' as top scorers, which does not match the gold answer 'miyazawa hinata'. The gold answer is a single name, and none of the names in the prediction are equivalent to the gold answer.	Both answers are identical, listing the same names in the same order.	google-gemini-2-5-flash	0	0	0	Megan Rapinoe	Hinata Miyazawa	The prediction 'Megan Rapinoe' is a different person than the gold answer 'Miyazawa Hinata'. Miyazawa Hinata was the top scorer in the 2023 Women's World Cup, making the prediction incorrect.	The answers name different individuals as the top scorer, which is a direct contradiction. Hinata Miyazawa was the top scorer in the 2023 Women's World Cup, while Megan Rapinoe was not.	gpt-5-1	1	0	1	Megan Rapinoe	Megan Rapinoe	The prediction 'Megan Rapinoe' is a different person than the gold answer 'Miyazawa Hinata'. Miyazawa Hinata was the top scorer in the 2023 Women's World Cup, while Megan Rapinoe was not.	Both answers are identical.
crag	0531f5e7-d6ac-4c45-be32-5e530f83835b	what's the most recent album from the founder of ysl records?	business is business	time_dependent	Time-relative phrasing ('most recent'); gold likely tied to a specific snapshot/date.	gemini_2_5_pro,gpt_5_1	3	Punk	google-gemini-2-5-pro	1	0	1	Punk	Punk	The prediction 'Punk' is a different album title than the gold answer 'business is business'. There is no equivalence or normalization that makes them the same.	Both answers are identical.	google-gemini-2-5-flash	0	0	0	Punk	Business Is Business	The prediction 'Punk' is a different album title than the gold answer 'business is business'.	"The answers provide different album titles, and only one can be the most recent. ""Business Is Business"" (2023) is more recent than ""Punk"" (2021)."	gpt-5-1	1	0	1	Punk	Punk	The prediction 'Punk' is a different album title than the gold answer 'business is business'. There is no equivalence or normalization that makes them the same.	Both answers are identical.
crag	280d60d1-f2be-4895-ae73-29461c8f1b35	who is the starting small forward for the team that is currently number one in the nba's eastern conference?	jayson tatum is the starting small forward for the boston celtics, currently the number one in the nba's eastern conference.	time_dependent	Time-relative phrasing ('currently'); gold likely tied to a specific snapshot/date.	gemini_2_5_pro,gpt_5_1	2	Jimmy Butler	google-gemini-2-5-pro	1	0	1	Jimmy Butler	Jimmy Butler	The gold answer identifies Jayson Tatum as the starting small forward, while the prediction states Jimmy Butler. These are different individuals, making the prediction incorrect.	Both answers are identical.	google-gemini-2-5-flash	0	1	-1	The NBA season had not yet started on 2022-10-04, so there was no number one team in the Eastern Conference.	Jimmy Butler	The prediction does not answer the question about who the starting small forward is. Instead, it explains why the premise of the question (a 'number one team' at a specific time) might not be valid, thus failing to provide the requested information. This falls under 'not meaningful' as it does not directly answer the question.	Answer B does not directly answer the question about the player's name; instead, it explains why the question cannot be answered, making it not meaningful.	gpt-5-1	1	0	1	Jimmy Butler	Jimmy Butler	The gold answer identifies Jayson Tatum as the starting small forward, while the prediction states Jimmy Butler. These are different players, leading to a contradiction.	Both answers are identical.
crag	318361f8-af94-4b0b-8017-c0f04ec1755c	what company in the dow jones has the largest market capitalization?	microsoft	time_dependent	Largest market cap among Dow components varies over time; gold says Microsoft while all models say Apple.	gemini_2_5_pro,gemini_2_5_flash,gpt_5_1	2	Apple Inc.	google-gemini-2-5-pro	1	0	1	Apple Inc.	Apple Inc.	The prediction 'Apple Inc.' is a different company than the gold answer 'microsoft', directly contradicting the gold fact about which company has the largest market capitalization in the Dow Jones.	Both answers are identical.	google-gemini-2-5-flash	1	0	1	Apple	Apple	The prediction 'Apple' contradicts the gold answer 'microsoft' as they are different companies.	Both answers are identical.	gpt-5-1	1	0	1	Apple Inc.	Apple Inc.	The prediction 'Apple Inc.' is a different company than the gold answer 'microsoft', directly contradicting the gold fact.	Both answers are identical.
crag	3e6f239d-0354-4867-99ef-9542db6a83c8	what team does the player who threw the most interceptions last year play for?	the player who threw the most interceptions last year, sam howell, plays for the washington commanders.	time_dependent	'Last year' depends on the evaluation year; model answers point to a different season/player than gold.	gemini_2_5_pro,gemini_2_5_flash,gpt_5_1	2	Jacksonville Jaguars	google-gemini-2-5-pro	1	0	1	Jacksonville Jaguars; Los Angeles Rams	Jacksonville Jaguars; Los Angeles Rams	The gold answer states the player plays for the 'Washington Commanders', while the prediction lists 'Jacksonville Jaguars' and 'Los Angeles Rams'. These teams do not match the gold answer.	Both answers are identical lists of teams.	google-gemini-2-5-flash	1	0	1	Jacksonville Jaguars	Jacksonville Jaguars	The gold answer states the player plays for the 'Washington Commanders', while the prediction states 'Jacksonville Jaguars'. These are different teams, leading to a contradiction.	Both answers are identical.	gpt-5-1	1	0	1	Jacksonville Jaguars	Jacksonville Jaguars	The gold answer states the player plays for the 'Washington Commanders', while the prediction states 'Jacksonville Jaguars'. These are different teams, leading to a contradiction.	Both answers are identical.
crag	4713fbb8-0591-47fc-baa6-23b3d2595a6d	who was the player who won the most titles in the wta last year?	iga swiatek won the most titles in the wta last year.	time_dependent	Time-relative phrasing ('last year'); gold likely tied to a specific snapshot/date.	gemini_2_5_pro	3	Ashleigh Barty	google-gemini-2-5-pro	1	0	1	Ashleigh Barty	Ashleigh Barty	The gold answer identifies 'Iga Swiatek' as the player, while the prediction states 'Ashleigh Barty'. These are different individuals, leading to a contradiction.	Both answers are identical.	google-gemini-2-5-flash	0	0	0	Ashleigh Barty	Ashleigh Barty; Barbora Krejčíková; Iga Świątek; Ons Jabeur	The gold answer identifies 'Iga Swiatek' as the player, while the prediction states 'Ashleigh Barty'. These are different individuals, leading to a contradiction.	Answer A lists multiple players, implying they all won the most titles, which contradicts the fact that Ashleigh Barty was the sole player with the most titles in 2021 (the most likely year for this answer to be correct). Answer B correctly identifies Ashleigh Barty.	gpt-5-1	0	0	0	Ashleigh Barty	Ashleigh Barty; Anett Kontaveit	The gold answer states 'Iga Swiatek' won the most titles, while the prediction states 'Ashleigh Barty'. These are different players, leading to a direct contradiction of the key fact.	"If Ashleigh Barty was the sole player to win the most titles (as implied by the singular ""the player"" in the question and Answer B), then Answer A is incorrect by including Anett Kontaveit, thus creating a contradiction."
crag	4835d4a2-4f31-423b-9f82-4c879c7798ed	who was the goalkeeper of the team that won the champions league final last year?	ederson, who plays for manchester city, was the goalkeeper of the team that won the champions league final last year.	time_dependent	'Last year' Champions League winner varies; models give different plausible goalkeepers for different years (Courtois/Mendy), while gold anchors another year (Ederson).	gemini_2_5_pro,gemini_2_5_flash,gpt_5_1	2	Thibaut Courtois	google-gemini-2-5-pro	1	0	1	Thibaut Courtois	Thibaut Courtois	The gold answer identifies Ederson as the goalkeeper, while the prediction names Thibaut Courtois. These are two different individuals, leading to a direct contradiction of the core fact.	Both answers are identical.	google-gemini-2-5-flash	1	0	1	Thibaut Courtois	Thibaut Courtois	The gold answer identifies Ederson as the goalkeeper of the winning team (Manchester City) in the Champions League final last year. The prediction names Thibaut Courtois, who is a different goalkeeper and did not play for the winning team last year, thus contradicting the gold fact.	Both answers are identical.	gpt-5-1	1	0	1	Édouard Mendy	Édouard Mendy	The gold answer states the goalkeeper was 'Ederson', while the prediction states 'Édouard Mendy'. These are different individuals, leading to a contradiction.	Both answers are identical.
crag	5a55dd6b-371b-4daa-a2a2-7df503885d21	how far did last year's west coast conference champion go in the postseason?	gonzaga, last year's west coast conference champion, made it to the elite 8 in the ncaa tournament.	time_dependent	Conference champions and tournament exits vary by year. 'Last year' makes this unstable; gold and models reflect different seasons.	gemini_2_5_pro,gemini_2_5_flash,gpt_5_1	3	Sweet Sixteen	google-gemini-2-5-pro	1	0	1	Sweet Sixteen	Sweet Sixteen	The gold answer states the team made it to the 'Elite 8', while the prediction states 'Sweet Sixteen'. These are different stages in a tournament, making the prediction a contradiction of the gold fact.	Both answers are identical.	google-gemini-2-5-flash	1	0	1	Sweet Sixteen	Sweet Sixteen	The gold answer states the team made it to the 'Elite 8', while the prediction states 'Sweet Sixteen'. These are different stages in a tournament, and 'Sweet Sixteen' is not equivalent to 'Elite 8'.	Both answers are identical.	gpt-5-1	1	0	1	Sweet Sixteen	They reached the Sweet Sixteen in the NCAA Tournament	The gold answer states the team made it to the 'Elite 8', while the prediction states 'Sweet Sixteen'. These are different stages in a tournament, making the prediction factually incorrect.	"Answer A provides extra descriptive text (""in the NCAA Tournament"") that does not contradict or change the core fact (""Sweet Sixteen"") present in Answer B."
crag	60084fd7-1889-4194-aab9-38ad898dfcf3	how much will the starting quarterback of the cowboys earn this year?	in 2024, prescott will earn a base salary of $29,000,000 and a roster bonus of $5,000,000.	time_dependent	Time-relative phrasing ('this year'); gold likely tied to a specific snapshot/date.	gpt_5_1	2	$20,000,000	google-gemini-2-5-pro	0	0	0	$20,000,000	$40 million	The gold answer states the total earnings are $29,000,000 (base salary) + $5,000,000 (roster bonus) = $34,000,000. The prediction of $20,000,000 is significantly different from the gold value and falls outside the 1% numeric tolerance.	"The numeric values ""40 million"" and ""20 million"" are significantly different and do not fall within the allowed numeric tolerance."	google-gemini-2-5-flash	0	0	0	$6,600,000	31000000	The gold answer indicates a total earning of $34,000,000 ($29,000,000 base salary + $5,000,000 roster bonus). The prediction of $6,600,000 is significantly different and falls outside the numeric tolerance.	The numerical values are significantly different and do not fall within the allowed tolerance for numeric expressions.	gpt-5-1	1	0	1	$20,000,000	20000000 USD	The gold answer states the total earnings will be $29,000,000 (base salary) + $5,000,000 (roster bonus) = $34,000,000. The prediction of $20,000,000 is significantly different from the gold value, exceeding the 1% numerical tolerance ($340,000).	Currency symbol/name normalization and thousands-separator ignored; same value.
crag	6ed9dc10-0df5-4e16-b0df-e11967edb740	how old is the current ceo of microsoft?	the current ceo of microsoft, sadya nadella, is 57 years old.	time_dependent	Time-relative phrasing ('current'); gold likely tied to a specific snapshot/date.	gemini_2_5_pro	3	55	google-gemini-2-5-pro	1	0	1	55	55	The gold answer states the CEO is 57 years old, while the prediction states 55. The difference of 2 is outside the allowed numeric tolerance of max(0.5, 1% of 57) = 0.57.	Both answers state the same numerical value.	google-gemini-2-5-flash	0	1	1	55	55	The gold answer states the age is 57, and the prediction states 55. For naturally drifting values like ages, a difference within a 1-5.5 percentage-point window is considered equivalent. The percentage difference between 57 and 55 is approximately 3.5%, which falls within this tolerance.	Both answers state the same numerical value.	gpt-5-1	0	1	1	55	55	The prediction '55' is within the allowed 1-5.5 percentage-point window for naturally drifting values like ages when compared to the gold answer '57'. The percentage difference is approximately 3.5%, which falls within the tolerance.	Both answers state the same numerical value.
crag	7d6ebd01-2364-461c-8086-68c83ff90966	how long has the current president of the us been in power?	the current president of the us, joe biden, has been in power since 2020.	time_dependent	Tenure length depends on the evaluation date; gold 'since 2020' is itself suspect (Biden took office Jan 2021), and models return a duration string tied to a specific date.	gemini_2_5_pro,gemini_2_5_flash,gpt_5_1	3	1 year, 8 months, 14 days	google-gemini-2-5-pro	1	0	1	1 year, 8 months, 14 days	1 year, 257 days	API error: Expecting value: line 1 column 1 (char 0)	Both answers represent the same duration (1 year, 257 days is equivalent to 1 year, 8 months, 14 days when calculated from a specific start date like January 20, 2021, to October 4, 2022).	google-gemini-2-5-flash	1	0	1	1 year, 8 months, 14 days	1 year, 8 months	The gold answer provides a start year ('since 2020'), while the prediction provides a duration ('1 year, 8 months, 14 days'). These are different types of information and do not communicate the same essential fact. Additionally, the duration provided in the prediction is not consistent with the start year given in the gold answer (2020) when calculating the duration to the current date, nor is it consistent with the actual inauguration year (2021) for the current date.	The difference of 14 days (2.24%) falls within the 1-5.5 percentage-point tolerance for values that naturally drift over time.	gpt-5-1	1	0	1	1 year 8 months 14 days	1 year 257 days	The gold answer states that the president has been in power 'since 2020'. The prediction gives a duration of '1 year 8 months 14 days'. This duration, if calculated from the actual inauguration date of Joe Biden (January 20, 2021), would correspond to a date around October 4, 2022. This implies a start year of 2021, which contradicts the start year of 2020 stated in the gold answer. Therefore, the prediction contradicts the gold on the specific detail of the start year.	"The ""1 year"" component is identical. Converting ""8 months 14 days"" to days using an average month length (365.25/12 = 30.4375 days/month) yields 8 * 30.4375 + 14 = 243.5 + 14 = 257.5 days. Comparing this to ""257 days"" from Answer A, the difference is 0.5 days. This difference falls within the allowed numeric tolerance of max(0.5, 1% of 257) = max(0.5, 2.57) = 2.57 days."
crag	83cfd2c8-d469-409d-bd32-24696ca5e21a	who was the mvp of the nba finals last year?	nikola jokic, who plays for the denver nuggets, was the mvp of the nba finals last year.	time_dependent	Time-relative phrasing ('last year'); gold likely tied to a specific snapshot/date.	gemini_2_5_pro,gemini_2_5_flash	2	Stephen Curry	google-gemini-2-5-pro	1	0	1	Stephen Curry	Stephen Curry	The gold answer states the MVP was Nikola Jokic, while the prediction states Stephen Curry. These are different individuals, leading to a contradiction.	Both answers are identical.	google-gemini-2-5-flash	1	0	1	Stephen Curry	Stephen Curry	The gold answer states the MVP was Nikola Jokic, while the prediction states Stephen Curry. These are different individuals, leading to a contradiction.	Both answers are identical.	gpt-5-1	0	0	0	Giannis Antetokounmpo	Stephen Curry	The gold answer states 'Nikola Jokic' was the MVP, while the prediction states 'Giannis Antetokounmpo'. These are different individuals, leading to a contradiction.	The answers provide different names for the NBA Finals MVP, which are contradictory facts.
crag	90d5a2d9-2973-4e6b-affe-76af6c7d943e	what's the most recent album from the puerto rican artist that's been in wwe?	nadie sabe lo que va a pasar mañana	time_dependent	Time-relative phrasing ('most recent'); gold likely tied to a specific snapshot/date.	gemini_2_5_pro,gemini_2_5_flash	2	Un Verano Sin Ti	google-gemini-2-5-pro	1	0	1	Un Verano Sin Ti	Un Verano Sin Ti	The prediction 'Un Verano Sin Ti' is a different album title than the gold answer 'nadie sabe lo que va a pasar mañana'. They are not equivalent.	Both answers are identical.	google-gemini-2-5-flash	1	0	1	Un Verano Sin Ti	Un Verano Sin Ti	The gold answer 'nadie sabe lo que va a pasar mañana' and the prediction 'Un Verano Sin Ti' are two different album titles. The prediction does not match the gold fact.	Both answers are identical.	gpt-5-1	0	1	0	Nadie Sabe Lo Que Va a Pasar Mañana	Un Verano Sin Ti	The prediction is identical to the gold answer, differing only in capitalization, which is ignored by Rule 1 (Normalization).	"Answer A refers to ""Un Verano Sin Ti"" (released 2022), while Answer B refers to ""Nadie Sabe Lo Que Va a Pasar Mañana"" (released 2023). These are different albums, and Answer B is more recent, making them not equivalent for the question asking for the ""most recent"" album."
crag	93f61f25-1bde-4e21-a826-47c9651847e4	who was the player who won the most matches in professional tennis last year?	novak djokovic, who is coached by goran ivanisevic, won the most matches in professional tennis last year.	time_dependent	Time-relative phrasing ('last year'); gold likely tied to a specific snapshot/date.	gemini_2_5_pro	2	Daniil Medvedev	google-gemini-2-5-pro	1	0	1	Daniil Medvedev	Daniil Medvedev	The gold answer identifies 'Novak Djokovic' as the player who won the most matches, while the prediction states 'Daniil Medvedev'. These are different players, leading to a contradiction on the core fact.	Both answers are identical.	google-gemini-2-5-flash	0	0	0	Daniil Medvedev	Stefanos Tsitsipas	The gold answer identifies 'Novak Djokovic' as the player who won the most matches, while the prediction states 'Daniil Medvedev'. These are different individuals, leading to a contradiction.	The two answers provide different names for the player who won the most matches, which is a direct contradiction.	gpt-5-1	0	0	0	Alexander Zverev	Casper Ruud	The gold answer identifies 'Novak Djokovic' as the player who won the most matches, while the prediction states 'Alexander Zverev'. These are different players, leading to a contradiction on the core fact.	The two answers provide different names for the player who won the most matches, making them contradictory.
crag	a019b11a-6b26-4f70-9d3f-20c46005bec6	what were the box office numbers for martin scorsese's most recent movie?	killers of the flower moon has grossed $67.8 million in the united states and canada, and $89 million in other territories, for a worldwide total of $156.8 million.	time_dependent	Time-relative phrasing ('most recent'); gold likely tied to a specific snapshot/date.	gemini_2_5_pro,gpt_5_1	1	$9.8 million	google-gemini-2-5-pro	1	0	1	$9.8 million	$9.6 million	The prediction of '$9.8 million' is numerically significantly different from all the box office numbers provided in the gold answer ($67.8 million, $89 million, $156.8 million). The difference exceeds the allowed 5.5% tolerance for numeric expressions.	Numeric values are within the allowed tolerance (0.2 million difference, which is less than max(0.5, 1% of 9.8 million = 0.098 million), and also within the 1-5.5 percentage-point window for values that naturally drift over time).	google-gemini-2-5-flash	0	1	1	$156.9 million	$156.9 million	The prediction provides the worldwide total box office number, which is a key part of the gold answer. The predicted value ($156.9 million) is within the numeric tolerance of the gold value ($156.8 million). The difference is 0.1, and the tolerance is max(0.5, 1% of 156.8) = max(0.5, 1.568) = 1.568. Since 0.1 <= 1.568, the values are considered equivalent.	Both answers are identical.	gpt-5-1	1	0	1	7969751	Approximately $8 million worldwide	The prediction '7969751' (approximately $7.97 million) does not match any of the box office numbers provided in the gold answer ($67.8 million, $89 million, $156.8 million), even with numeric tolerance. The prediction is significantly different and lacks context (e.g., worldwide, domestic).	"Numeric values are within the 1% tolerance, and Answer A uses ""Approximately""."
crag	adabdcb6-3d4d-4dac-93f7-d54bdb5dccf2	who was the coach of the team that won the nba championship last season?	michael malone, who coaches the denver nuggets, was the coach of the team that won the nba championship last season.	time_dependent	'Last season' is underspecified and shifts year to year; models return Steve Kerr (Warriors season), while gold returns Michael Malone (Nuggets season).	gemini_2_5_pro,gemini_2_5_flash,gpt_5_1	3	Steve Kerr	google-gemini-2-5-pro	1	0	1	Steve Kerr	Steve Kerr	The gold answer identifies Michael Malone as the coach, while the prediction states Steve Kerr. These are two different individuals, leading to a contradiction.	Both answers are identical.	google-gemini-2-5-flash	1	0	1	Steve Kerr	Steve Kerr	The gold answer identifies Michael Malone as the coach, while the prediction states Steve Kerr. These are two different individuals, making the prediction factually incorrect and a contradiction to the gold answer.	Both answers are identical.	gpt-5-1	1	0	1	Steve Kerr	Steve Kerr	The gold answer states the coach was Michael Malone, while the prediction states Steve Kerr. These are two different individuals, leading to a direct contradiction.	Both answers are identical.
crag	b87aa578-d977-40f3-b96d-8ebba8aa3910	who was the player of the year in the premier league last season?	erling haaland, who plays for manchester city, was the player of the year in the premier league last season.	time_dependent	Premier League season awards vary each year; gold and models correspond to different seasons or award definitions.	gemini_2_5_pro,gemini_2_5_flash,gpt_5_1	3	Kevin De Bruyne	google-gemini-2-5-pro	1	0	1	Kevin De Bruyne	Kevin De Bruyne	The prediction names 'Kevin De Bruyne' as the player of the year, which contradicts the gold answer 'Erling Haaland'.	Both answers are identical.	google-gemini-2-5-flash	1	0	1	Kevin De Bruyne	Kevin De Bruyne	The gold answer states 'Erling Haaland' was the player of the year, while the prediction states 'Kevin De Bruyne'. These are different names, leading to a contradiction.	Both answers are identical.	gpt-5-1	1	0	1	Kevin De Bruyne	Kevin De Bruyne	The gold answer states 'Erling Haaland' was the player of the year, while the prediction states 'Kevin De Bruyne'. These are different individuals, leading to a contradiction.	Both answers are identical.
crag	ba92e6b9-fcd3-4ff7-899a-fe59dbb2c8db	what weight class is the ufc number one men's pound for pound fighter in?	islam makhachev, the number one men's pound for pound fighter in the ufc, fights at lightweight.	time_dependent	UFC pound-for-pound #1 changes across updates (e.g., Makhachev vs Volkanovski), which also changes the weight class. Models answer Featherweight while gold anchors Lightweight.	gemini_2_5_pro,gemini_2_5_flash,gpt_5_1	3	Featherweight	google-gemini-2-5-pro	1	0	1	Featherweight	Featherweight	The gold answer states the fighter is in 'lightweight', while the prediction states 'Featherweight'. These are different weight classes, leading to a contradiction.	Both answers are identical.	google-gemini-2-5-flash	1	0	1	Featherweight	Featherweight	The gold answer states the fighter is in 'lightweight' class, while the prediction states 'Featherweight'. These are different and contradictory facts.	Both answers are identical.	gpt-5-1	1	0	1	Featherweight	Featherweight	The gold answer states the fighter is in 'lightweight' class, while the prediction states 'Featherweight'. These are different and contradictory facts.	Both answers are identical.
crag	bd5325a3-6ba0-4088-a1a2-4a80ce096335	who was the goalkeeper of the team that won the fifa world cup last year?	martinez, who plays for argentina, was the goalkeeper of the team that won the fifa world cup last year.	time_dependent	Time-relative phrasing ('last year'); gold likely tied to a specific snapshot/date.	gemini_2_5_pro	2	Hugo Lloris	google-gemini-2-5-pro	1	0	1	Hugo Lloris	Hugo Lloris	The gold answer identifies 'Martinez' (Emiliano Martínez) as the goalkeeper, while the prediction states 'Hugo Lloris'. These are different individuals, and Hugo Lloris was the goalkeeper for the *runner-up* team (France), not the winning team (Argentina). Therefore, the prediction contradicts the gold fact.	Both answers are identical.	google-gemini-2-5-flash	0	0	0	Hugo Lloris	Emiliano Martínez	The gold answer identifies 'Martinez' (Emiliano Martínez) as the goalkeeper for the winning team (Argentina) in the last FIFA World Cup. The prediction states 'Hugo Lloris', who was the goalkeeper for the runner-up team (France). This is a direct contradiction of the key fact.	The answers name different individuals. Emiliano Martínez was the goalkeeper for the winning team (Argentina) in the 2022 FIFA World Cup, while Hugo Lloris was the goalkeeper for the runner-up team (France).	gpt-5-1	0	1	0	Emiliano Martínez	Hugo Lloris	The prediction provides the full name 'Emiliano Martínez', which is a more complete version of 'Martinez' from the gold answer, referring to the same person. This is acceptable as extra detail and does not contradict the gold fact.	The answers provide different names for the goalkeeper of the team that won the FIFA World Cup, making them contradictory. Emiliano Martínez was the goalkeeper for the winning team (Argentina), while Hugo Lloris was the goalkeeper for the runner-up (France).
crag	d5124253-4271-40b5-986b-dd3021ab828e	who was the winner of the wimbledon women's singles tournament this year?	marketa vondrousova, who is coached by jiri hrebec and jan hernych, won the wimbledon women's singles tournament this year.	time_dependent	Wimbledon winner depends on year; gold corresponds to one year and models to another.	gemini_2_5_pro,gemini_2_5_flash,gpt_5_1	3	Elena Rybakina	google-gemini-2-5-pro	1	0	1	Elena Rybakina	Elena Rybakina	The gold answer states the winner was 'Marketa Vondrousova', while the prediction states 'Elena Rybakina'. These are different individuals, leading to a direct contradiction of the core fact.	Both answers are identical.	google-gemini-2-5-flash	1	0	1	Elena Rybakina	Elena Rybakina	The gold answer states the winner was 'Marketa Vondrousova', while the prediction states 'Elena Rybakina'. These are different individuals, leading to a direct contradiction on the core fact requested.	Both answers are identical.	gpt-5-1	1	0	1	Elena Rybakina	Elena Rybakina	The gold answer states the winner was 'Marketa Vondrousova', while the prediction states 'Elena Rybakina'. These are different individuals, leading to a contradiction on the core fact of who won the tournament.	Both answers are identical.
crag	d52db8c5-663a-469c-a470-e6d524e2b3dd	who was the coach of the team that won the stanley cup last season?	bruce cassidy, who coaches the vegas golden knights, was the coach of the team that won the stanley cup last season.	time_dependent	Stanley Cup winner/coach changes each season; gold (Cassidy/Vegas) and models (Bednar/Colorado) correspond to different years.	gemini_2_5_pro,gemini_2_5_flash,gpt_5_1	3	Jared Bednar	google-gemini-2-5-pro	1	0	1	Jared Bednar	Jared Bednar	The gold answer identifies Bruce Cassidy as the coach who won the Stanley Cup last season (2022-2023). The prediction, Jared Bednar, is a different coach who won the Stanley Cup in the 2021-2022 season, not 'last season'. Therefore, the prediction contradicts the gold fact.	Both answers are identical.	google-gemini-2-5-flash	1	0	1	Jared Bednar	Jared Bednar	The gold answer identifies 'Bruce Cassidy' as the coach, while the prediction states 'Jared Bednar'. These are different names, leading to a contradiction.	Both answers are identical.	gpt-5-1	1	0	1	Jared Bednar	Jared Bednar	The gold answer identifies 'Bruce Cassidy' as the coach, while the prediction states 'Jared Bednar'. These are different names, leading to a contradiction.	Both answers are identical.
crag	d93b3615-3ef8-446f-a635-95b3b7ece245	who was the coach of the team that won the ncaa men's basketball championship last year?	dan hurley, who coaches the uconn huskies, was the coach of the team that won the ncaa men's basketball championship last year.	time_dependent	Time-relative phrasing ('last year'); gold likely tied to a specific snapshot/date.	gemini_2_5_pro,gemini_2_5_flash	2	Bill Self	google-gemini-2-5-pro	1	0	1	Bill Self	Bill Self	The gold answer identifies 'Dan Hurley' as the coach, while the prediction states 'Bill Self'. These are different individuals, leading to a contradiction.	Both answers are identical.	google-gemini-2-5-flash	1	0	1	Bill Self	Bill Self	The gold answer identifies 'Dan Hurley' as the coach, while the prediction states 'Bill Self'. These are different individuals, leading to a contradiction.	Both answers are identical.	gpt-5-1	0	0	0	Scott Drew	Bill Self	The gold answer states the coach was 'Dan Hurley', while the prediction states 'Scott Drew'. These are different names, leading to a contradiction.	The two answers provide different names for the coach, making them contradictory.
crag	df4e57f0-519e-4ce2-81c2-144985cf1a7b	when was meta's most recent vr headset released?	meta's most recent vr headset, the meta quest 3, was released on october 10, 2023.	time_dependent	Time-relative phrasing ('most recent'); gold likely tied to a specific snapshot/date.	gemini_2_5_pro,gpt_5_1	3	2020-10-13	google-gemini-2-5-pro	1	0	1	2020-10-13	2020-10-13	The gold answer states the release date as October 10, 2023, while the prediction states 2020-10-13. The year (2023 vs 2020) and day (10 vs 13) are different, which constitutes a contradiction for calendar dates, as per rule 2.	Both answers provide the exact same date.	google-gemini-2-5-flash	0	0	0	2020-10-13	2022-10-25	The gold answer specifies the release date as October 10, 2023, while the prediction states 2020-10-13. Calendar dates must match exactly, and the years (2023 vs 2020) and days (10 vs 13) are different, leading to a contradiction.	The dates provided are different and calendar dates must match exactly.	gpt-5-1	1	0	1	2020-10-13	2020-10-13	The gold answer specifies the release date as October 10, 2023, while the prediction states 2020-10-13. Calendar dates must match exactly, and the years (2023 vs 2020) and days (10 vs 13) are different, leading to a contradiction.	Both answers provide the exact same date.
crag	e9751dcf-72ec-434f-9ca8-30a0a72da8fc	how old is the current president of the us?	the current president of the us, joe biden, is 81 years old.	time_dependent	Time-relative phrasing ('current'); gold likely tied to a specific snapshot/date.	gemini_2_5_pro,gemini_2_5_flash	3	79	google-gemini-2-5-pro	1	0	1	79	79	The gold answer states the age is 81, while the prediction states 79. The difference of 2 is outside the allowed numeric tolerance of max(0.5, 1% of 81 = 0.81).	Both answers state the same age.	google-gemini-2-5-flash	1	0	1	79	79	The gold answer states the age is 81, while the prediction states 79. The difference of 2 is outside the allowed numeric tolerance of max(0.5, 1% of 81 = 0.81).	Both answers are identical.	gpt-5-1	0	1	1	79	79	The gold answer states the age is 81, and the prediction states 79. For naturally drifting values like age, a difference within a 1-5.5 percentage-point window is considered equivalent. The difference is |81 - 79| = 2. The percentage difference is 2/81 ≈ 2.47%, which falls within the allowed 1-5.5% window.	Both answers state the same age.
frames	110	As of 1st August 2024, Are the actors who play Summer and Luke in the OC in anything else together?	Yes, Nashville series 5. 	time_dependent	Time-relative phrasing ('As of'); gold likely tied to a specific snapshot/date.	gemini_2_5_flash	1	Yes, Nashville	gemini-2.5-pro	0	1	1	Yes, Nashville	['Nashville']	"The prediction correctly identifies ""Nashville"" as the show the actors were in together, which is the vital fact. The gold's additional detail of ""series 5"" is not contradicted by the prediction."	"The ""Yes"" in answer_a is an affirmation consistent with answer_b providing a show name. Both answers convey the essential fact ""Nashville""."	gemini-2.5-flash	1	0	1	No	[]	"The prediction ""No"" directly contradicts the gold answer ""Yes, Nashville series 5"", which states they have worked together on something else."	"""No"" and an empty list `[]` both convey the absence of other projects where the actors worked together."	gpt-5.1	0	1	1	"Yes – Rachel Bilson (Summer) and Chris Carmack (Luke) both appeared in the TV series ""Nashville""."	['Nashville']	"Both gold and prediction confirm that the actors appeared in ""Nashville"" together. The prediction provides additional context (actors' names) but does not contradict the gold."	"The essential fact in answer_a is that the actors appeared together in ""Nashville"", which is present in answer_b. The ""Yes"" and actor names in answer_a are additional context."
frames	116	As of 2024, how many of the Star Wars actors whose first or last names are 'Jack' have starred in more than 2 Star wars movies?	2	time_dependent	Time-relative phrasing ('As of'); gold likely tied to a specific snapshot/date.	gemini_2_5_flash,gpt_5_1	2	1	gemini-2.5-pro	0	1	1	2	2	The prediction '2' exactly matches the gold answer '2'.	Both answers state the same numerical value.	gemini-2.5-flash	1	0	1	1	1	The prediction '1' contradicts the gold value '2'. The numerical difference (1) exceeds the 5% tolerance (0.1).	Both answers are identical and state the same numerical fact.	gpt-5.1	1	0	1	1	1	The prediction '1' does not match the gold '2'. The difference (1) exceeds the 5% tolerance for numbers (0.1).	Both answers state the same numerical value, '1'.
frames	128	Name the teams in alphabetical order that every AL MVP from Texas Rangers retired from as of August 2024.	Cleveland Indians, New York Yankees, Texas Rangers, Toronto Blue Jays	time_dependent	Time-relative phrasing ('as of'); gold likely tied to a specific snapshot/date.	gemini_2_5_flash,gpt_5_1	1	Cleveland Indians, New York Yankees, Texas Rangers, Toronto Blue Jays	gemini-2.5-pro	0	1	1	Cleveland Indians, New York Yankees, Texas Rangers, Toronto Blue Jays	['Cleveland Indians', 'New York Yankees', 'Texas Rangers', 'Toronto Blue Jays', 'Washington Nationals']	The prediction exactly matches the gold list, including the alphabetical order specified in the question.	answer_b contains all the teams listed in answer_a, plus an additional team, which is allowed as an extra fact. The order is maintained.	gemini-2.5-flash	1	0	1	New York Yankees, Texas Rangers	['Cleveland Indians', 'New York Yankees', 'Texas Rangers']	The prediction is missing two vital facts from the gold: 'Cleveland Indians' and 'Toronto Blue Jays', failing the coverage criterion for lists.	"Answer B contains all the teams listed in answer A, plus an additional team (""Cleveland Indians""). Additional facts are allowed as long as they don't contradict the essential facts in answer A. Both lists are in alphabetical order as requested."	gpt-5.1	1	0	1	Cleveland Indians; New York Yankees; Texas Rangers; Toronto Blue Jays; Washington Nationals	['Cleveland Indians', 'New York Yankees', 'Texas Rangers', 'Toronto Blue Jays', 'Washington Nationals']	The prediction contains an extra team, 'Washington Nationals', which is not present in the gold list.	Both answers list the same teams in the same alphabetical order. The difference in format (string vs. list) is ignored.
frames	142	As of August 5, 2024, what is the name of the federal law that was found to be violated by the company that Brian Bergstein is employed by?	The Sherman Antitrust Act	time_dependent	Time-relative phrasing ('As of'); gold likely tied to a specific snapshot/date.	gpt_5_1	1	Sherman Antitrust Act	gemini-2.5-pro	0	1	0	Sherman Antitrust Act	Federal Trade Commission Act	"Article ""The"" is ignored as per normalization rules. The remaining text matches exactly."	The two answers refer to different federal laws.	gemini-2.5-flash	0	0	0	Worker Adjustment and Retraining Notification Act	Sherman Antitrust Act	"The prediction ""Worker Adjustment and Retraining Notification Act"" directly contradicts the gold answer ""The Sherman Antitrust Act""."	The two answers refer to different federal laws.	gpt-5.1	1	0	1	National Labor Relations Act	National Labor Relations Act	"The prediction ""National Labor Relations Act"" directly contradicts the gold answer ""The Sherman Antitrust Act""."	Both answers are identical.
frames	238	Part of the dynamic duo who broke a record set by Mickey Lolich and Bill Freehan in 1975 for most starts together, this MLB pitcher's battery mate ranked first all-time among catchers in putouts as of 2022. In what year did he (the pitcher)  make his Grand Ole Opry debut?	2024	time_dependent	Time-relative phrasing ('as of'); gold likely tied to a specific snapshot/date.	gemini_2_5_pro	1	2023	gemini-2.5-pro	1	0	1	2023	2023	The predicted year '2023' does not match the gold year '2024'. Years require an exact match.	Both answers state the same year, 2023, which is an exact match.	gemini-2.5-flash	0	0	0	1967	2007	The predicted year '1967' does not match the gold year '2024'. Calendar dates/years must match exactly.	Calendar years require an exact match. 1967 is not equivalent to 2007.	gpt-5.1	0	1	1	2024	2024	The prediction '2024' exactly matches the gold answer '2024'.	Both answers state the same year, 2024.
frames	356	As of August 3, 2024, excluding white, what colour features on the flag of the city that houses the racecourse where Danon The Kid made his racing debut?	Red	time_dependent	Time-relative phrasing ('As of'); gold likely tied to a specific snapshot/date.	gemini_2_5_pro	2	Green	gemini-2.5-pro	1	0	1	Purple	['purple', 'green']	"The prediction ""Purple"" contradicts the gold answer ""Red""."	"The essential fact ""Purple"" from answer_a is present in answer_b (after case normalization). The additional color ""green"" in answer_b is an allowed extra."	gemini-2.5-flash	0	0	0	Green	['red', 'blue', 'yellow']	"The prediction ""Green"" directly contradicts the gold answer ""Red""."	"Answer_a states ""Green"" as a color, which is not present in the list provided in answer_b."	gpt-5.1	0	0	0	green	['purple']	"The prediction ""green"" contradicts the gold answer ""Red""."	"The colors ""green"" and ""purple"" are distinct and not equivalent."
frames	368	Renowned Abstract Expressionist painter Clyfford Still graduated from college in 1933. As of August 1, 2024, what other alumnus from that university was nominated for a Pulitzer Prize?	Don Magnuson	time_dependent	Time-relative phrasing ('As of'); gold likely tied to a specific snapshot/date.	gemini_2_5_flash	1	Sherman Alexie	gemini-2.5-pro	0	0	0	Sherman Alexie	[]	The predicted name 'Sherman Alexie' does not match the gold name 'Don Magnuson'.	"answer_b is an empty list and does not contain the name ""Sherman Alexie"" which is the essential fact in answer_a."	gemini-2.5-flash	1	0	1	Conrad Richter	['Conrad Richter', 'John Williams', 'Sandra Dallas', 'Kent Haruf']	The predicted name 'Conrad Richter' does not match the gold name 'Don Magnuson'.	"The essential fact ""Conrad Richter"" from answer_a is present in answer_b. Additional names in answer_b are allowed as extras."	gpt-5.1	0	0	0	Lance E. Olson	[]	The predicted name 'Lance E. Olson' contradicts the gold name 'Don Magnuson'.	answer_a provides a specific name, while answer_b is an empty list and contains no information.
frames	44	I am moving to the G40 postcode area - what train stations are nearby, as of 2024?	Bridgeton Railway Station and Dalmarnock Railway Station.	time_dependent	Time-relative phrasing ('as of'); gold likely tied to a specific snapshot/date.	gpt_5_1	1	Bridgeton, Dalmarnock, Bellgrove, Duke Street	gemini-2.5-pro	0	0	0	Bridgeton, Dalmarnock, Bellgrove, Duke Street	['Dalmarnock', 'Bridgeton', 'Bellgrove']	The prediction includes extra stations (Bellgrove, Duke Street) that are not present in the gold answer, violating the 'no extras' rule for lists.	'Duke Street' is present in answer_a but missing from answer_b.	gemini-2.5-flash	0	0	0	Bridgeton, Dalmarnock, Bellgrove, Duke Street, High Street	['Bridgeton', 'Dalmarnock', 'Bellgrove', 'Duke Street', 'Alexandra Parade']	"The prediction contains extra facts (""Bellgrove"", ""Duke Street"", ""High Street"") not present in the gold answer, violating the 'no extras' rule for list predictions."	'High Street' from answer_a is missing from answer_b, and 'Alexandra Parade' from answer_b is missing from answer_a.	gpt-5.1	1	0	1	Bridgeton, Dalmarnock, Bellgrove, High Street (Glasgow), and Rutherglen	['Bridgeton', 'Dalmarnock', 'Bellgrove', 'Duke Street', 'High Street (Glasgow)', 'Argyle Street', 'Glasgow Central', 'Glasgow Queen Street', 'Rutherglen']	The prediction includes additional stations (Bellgrove, High Street (Glasgow), and Rutherglen) that are not present in the gold answer, violating the 'no extras' rule for list-like predictions.	All stations listed in answer_a are present in answer_b. Answer_b contains additional stations, which is allowed as long as they don't contradict.
frames	530	As of 2024, what is the street address of the headquarters of the American online video sharing platform that was launched in the same year as the founding of the Vancouver Cherry Blossom festival?	901 Cherry Avenue, San Bruno, California, United States	time_dependent	Time-relative phrasing ('As of'); gold likely tied to a specific snapshot/date.	gemini_2_5_pro,gpt_5_1	2	901 Cherry Avenue	gemini-2.5-pro	1	0	1	901 Cherry Avenue	901 Cherry Avenue, San Bruno, CA 94066	The prediction is incomplete as it only provides the street number and name, while the gold provides the full address including city, state, and country.	"answer_b contains all the essential information from answer_a (""901 Cherry Avenue"") plus additional, non-contradictory details (city, state, zip code)."	gemini-2.5-flash	0	1	1	901 Cherry Ave, San Bruno, CA 94066	901 Cherry Ave, San Bruno, CA 94066	The prediction matches the gold address, with 'Ave' being a standard abbreviation for 'Avenue' and 'CA' for 'California'. The omission of 'United States' is acceptable as it's often implied in a domestic address, and the addition of the ZIP code does not contradict the gold.	Both answers are identical.	gpt-5.1	1	0	1	901 Cherry Avenue	901 Cherry Avenue, San Bruno, California 94066	The prediction is incomplete as it only provides the street number and name, while the gold provides the full address including city, state, and country.	"answer_b contains the essential fact from answer_a (""901 Cherry Avenue"") and adds further non-contradictory details."
frames	7	"As of Aug 3, 2024, the artist who released the album ""Father of Asahd"" went to the same high school as an Olympic diver. How many Olympic teams did this diver participate on?"	2	time_dependent	Time-relative phrasing ('As of'); gold likely tied to a specific snapshot/date.	gemini_2_5_pro	2	2	gemini-2.5-pro	1	0	1	1	1	The prediction '1' contradicts the gold '2'. The difference (1) is greater than the allowed 5% tolerance (0.1).	Both answers state the same number, 1.	gemini-2.5-flash	0	1	0	2	4	The prediction '2' exactly matches the gold answer '2'.	The numbers 2 and 4 are exact counts and are not within the allowed 5% tolerance (min 0.5).	gpt-5.1	0	1	1	2	2	The prediction '2' exactly matches the gold answer '2'.	Both answers state the same numerical value.
hotpotqa	5addfe6c5542997dc790710e	"In what year was the creator of the current arrangement of the ""Simpson's Theme"" born?"	March 28, 1941	time_dependent	Time-relative phrasing ('current'); gold likely tied to a specific snapshot/date.	gemini_2_5_pro	2	1941	google-gemini-2-5-pro	1	0	1	1953	1953	The gold answer specifies the birth year as 1941, while the prediction states 1953. These years are different and for calendar dates/years, an exact match is required (Rule 2).	Both answers state the same year.	google-gemini-2-5-flash	0	1	0	1941	1953	The question asks for the *year* of birth. The gold answer provides the full date, including the year 1941. The prediction correctly states the year 1941, which directly answers the question. According to Rule 9 (Subset allowance), providing a subset of the gold answer is acceptable if it directly answers the question and contains no contradictions.	The answers provide two different years (1953 vs 1941), which is a direct contradiction. According to the rules, years must match exactly.	gpt-5-1	0	1	1	1941	1941	The question asks for the 'year' of birth. The prediction provides the correct year '1941', which is consistent with the year in the gold answer 'March 28, 1941'. This is acceptable under the subset allowance rule as the prediction directly answers the specific part of the question asked (the year) without contradiction.	Both answers state the same year.
hotpotqa	5ae65d055542996d980e7b14	What was population of the city where the Dutch retired footballer Foeke Booy born?	108,249	time_dependent_or_definition(city_vs_municipality)	City population varies by census year and by administrative boundary; three models give three nearby values, suggesting boundary/year ambiguity rather than a single fixed 'correct' number.	gemini_2_5_pro,gemini_2_5_flash,gpt_5_1	1	124,499	google-gemini-2-5-pro	1	0	1	124,499	124,484	The question asks for a population, which is a naturally drifting value. The gold answer is 108,249 and the prediction is 124,499. The percentage difference is approximately 13.05% (|108,249 - 124,499| / max(108,249, 124,499) * 100), which falls outside the allowed 1-5.5 percentage-point window for equivalence.	Numeric values are within the 1% tolerance (15 is less than 1% of 124,484).	google-gemini-2-5-flash	1	0	1	96,573	93,961	The gold population is 108,249 and the prediction is 96,573. The percentage difference is approximately 10.79% (|108,249 - 96,573| / 108,249 * 100), which falls outside the allowed 5.5% tolerance for naturally drifting values like population counts.	The two population figures are different, but the difference (approx 2.7%) falls within the allowed tolerance for values that drift over time, such as census counts.	gpt-5-1	1	0	1	123107	128383	The question asks for a population, which is a naturally drifting value. The gold answer is 108,249 and the prediction is 123,107. The percentage difference is approximately 12.07% (calculated as |108,249 - 123,107| / max(108,249, 123,107) * 100). This falls outside the allowed 1-5.5 percentage-point window for equivalence, according to Rule 2.	The difference between the two population figures (5276) is within the 5.5% tolerance for values that naturally drift over time (4.11% of 128383).
mintaka	16e73f4d	How old is the current head coach of the New England Patriots?	69	time_dependent	Time-relative phrasing ('current'); gold likely tied to a specific snapshot/date.	gemini_2_5_flash	3	70	google-gemini-2-5-pro	0	1	1	70	70	The gold and prediction are ages, which are naturally drifting values. The numeric tolerance rule for such values states that if the percentage difference (calculated as |a - b| / max(|a|, |b|)) is within a 1-5.5 percentage-point window, they are equivalent. Here, |70 - 69| / max(70, 69) = 1 / 70 ≈ 0.01428 or 1.428%. This falls within the 1-5.5% window, so they are considered equivalent.	Both answers state the same age.	google-gemini-2-5-flash	1	0	1	70	70	The gold answer is 69 and the prediction is 70. The difference is 1. The allowed tolerance is max(0.5, 1% of 69) = max(0.5, 0.69) = 0.69. Since 1 > 0.69, the prediction is outside the acceptable numeric tolerance.	The answers provide the same number.	gpt-5-1	0	1	1	70	70	The prediction '70' is an age, which is a naturally drifting value. The difference between the gold '69' and the prediction '70' is 1. The percentage difference is (1 / 70) * 100 = 1.43%, which falls within the allowed 1-5.5 percentage-point window for naturally drifting values.	Both answers state the same age.
mintaka	6f62ab02	How old is the current manager of the New York Mets?	40	time_dependent	Mets manager changes over time; models answer an older manager (66) while gold gives 40 (different manager/snapshot).	gemini_2_5_pro,gemini_2_5_flash,gpt_5_1	3	66	google-gemini-2-5-pro	1	0	1	66	66	The prediction '66' is numerically different from the gold answer '40'. For naturally drifting values like age, the difference (26) is far outside the allowed 1-5.5 percentage-point window (26/66 = 39.39% difference).	Both answers provide the exact same numerical value.	google-gemini-2-5-flash	1	0	1	66	66	The prediction '66' is numerically different from the gold answer '40'. The difference (26) is outside the allowed 1-5.5 percentage-point window for naturally drifting values like age (1 - |40 - 66| / max(40, 66) = 1 - 26/66 = 0.606, which is not within 0.945-0.99).	The answers are identical.	gpt-5-1	1	0	1	66	66	The prediction '66' is numerically different from the gold answer '40'. For naturally drifting values like age, the difference of 26 years (39.39% of the maximum value) is outside the allowed 1-5.5 percentage-point window for equivalence.	Both answers provide the exact same numerical value.
mintaka	88c5cc4f	How old is the current manager of Barcelona FC?	58	time_dependent	Barcelona’s manager and their age changes over time. Models answer 42 (consistent with Xavi’s age at some snapshot), while gold gives 58 (different coach or different snapshot).	gemini_2_5_pro,gemini_2_5_flash,gpt_5_1	3	42	google-gemini-2-5-pro	1	0	1	42	42	The prediction '42' is numerically different from the gold '58'. The absolute difference (16) and percentage difference (27.58%) are well outside the allowed tolerance of max(0.5, 1% of 58 = 0.58).	Both answers are identical.	google-gemini-2-5-flash	1	0	1	42	42	The prediction '42' is numerically different from the gold '58'. The absolute difference (16) and percentage difference (approx. 27.6%) exceed the allowed numeric tolerance of max(0.5, 1% of 58 = 0.58).	The answers are identical.	gpt-5-1	1	0	1	42	42	The gold answer is 58 and the prediction is 42. The absolute difference is 16, which is outside the allowed numeric tolerance of max(0.5, 1% of 58) = 0.58.	Both answers are identical.
mintaka	aad2514e	How many children does the current manager of the Los Angeles Lakers have?	2	time_dependent	Time-relative phrasing ('current'); gold likely tied to a specific snapshot/date.	gemini_2_5_pro,gpt_5_1	1	3	google-gemini-2-5-pro	1	0	1	3	3	The gold answer is '2' and the prediction is '3'. The absolute difference is 1, which exceeds the allowed numerical tolerance of max(0.5, 1% of 2) = 0.5. Therefore, the prediction contradicts the gold fact.	Both answers state the same number.	google-gemini-2-5-flash	0	1	1	2	2	The prediction '2' exactly matches the gold answer '2'. No normalization or tolerance rules are needed as it's an exact numeric match.	Both answers provide the same numerical value.	gpt-5-1	1	0	1	1	1	The gold answer is '2' and the prediction is '1'. These numerical values are different and fall outside the allowed tolerance for numeric expressions (|a - b| <= max(0.5, 1% of reference)).	Both answers state the same numerical value.
