dataset	id	question	gold_answer	assistant_label	assistant_notes	stable_wrong_models	frontier_open_consensus_count	frontier_open_consensus_answer	model_dir__gemini_2_5_pro	stable_wrong__gemini_2_5_pro	open_correct__gemini_2_5_pro	consistency_equivalent__gemini_2_5_pro	open_answer__gemini_2_5_pro	assistive_answer__gemini_2_5_pro	open_correctness_reasoning__gemini_2_5_pro	consistency_reasoning__gemini_2_5_pro	model_dir__gemini_2_5_flash	stable_wrong__gemini_2_5_flash	open_correct__gemini_2_5_flash	consistency_equivalent__gemini_2_5_flash	open_answer__gemini_2_5_flash	assistive_answer__gemini_2_5_flash	open_correctness_reasoning__gemini_2_5_flash	consistency_reasoning__gemini_2_5_flash	model_dir__gpt_5_1	stable_wrong__gpt_5_1	open_correct__gpt_5_1	consistency_equivalent__gpt_5_1	open_answer__gpt_5_1	assistive_answer__gpt_5_1	open_correctness_reasoning__gpt_5_1	consistency_reasoning__gpt_5_1	hand_review_label	hand_review_confidence	hand_review_notes	hand_review_suggested_action	hand_review_source
frames	139	"What is the name of the play written in May 2016 by a playwright who won the MacArthur Fellowship the same year as the poet who wrote ""Postcolonial Love Poem""?"	Skeleton Crew	frontier_consensus_vs_gold	All three frontier models agree on 'Pipeline' (normalized), which contradicts the gold answer; likely gold ambiguity/outdatedness or a shared model misconception.	gemini_2_5_flash,gpt_5_1	3	Pipeline	gemini-2.5-pro	0	0	0	Pipeline	Skeleton Crew	"The prediction ""Pipeline"" contradicts the gold answer ""Skeleton Crew""."	"The two answers provide different play titles, ""Pipeline"" and ""Skeleton Crew"", which are not equivalent."	gemini-2.5-flash	1	0	1	Pipeline	Pipeline	"The prediction ""Pipeline"" contradicts the gold answer ""Skeleton Crew""."	Both answers are identical strings.	gpt-5.1	1	0.0	1.0	Pipeline	Pipeline	"The prediction ""Pipeline"" contradicts the gold answer ""Skeleton Crew""."	Both answers are identical strings.	needs_verification	low	Complex chain (MacArthur year + specific play month). Cannot validate offline whether gold 'Skeleton Crew' or consensus 'Pipeline' is intended without checking the linked entities.		cons31
frames	86	What medal did the woman who tied for 19th in the 2011 Pan American Games women's individual bowling event win as part of a women's bowling doubles team in the 2017 World Games?	Bronze medalist	frontier_consensus_vs_gold	All three frontier models agree on 'Gold' (normalized), which contradicts the gold answer; likely gold ambiguity/outdatedness or a shared model misconception.	gemini_2_5_pro,gpt_5_1	3	Gold	gemini-2.5-pro	1	0	1	Gold	Gold	"The prediction ""Gold"" contradicts the gold answer ""Bronze medalist""."	Both answers are identical.	gemini-2.5-flash	0	0	0	Gold	silver	"The prediction ""Gold"" contradicts the gold answer ""Bronze medalist""."	"""Gold"" and ""silver"" are different medals and thus different facts."	gpt-5.1	1	0.0	1.0	gold	Gold	"The prediction ""gold"" contradicts the gold answer ""Bronze medalist""."	"Case normalization makes ""gold"" and ""Gold"" equivalent."	needs_verification	low	Medal color for the athlete at the 2017 World Games requires checking the event results; cannot verify offline.		cons31
hotpotqa	5a7d231555429909bec76986	La Barredora was a gang that declared war on the leader of the cartel based where?	Sinaloa	frontier_consensus_vs_gold	All three frontier models agree on 'Acapulco' (normalized), which contradicts the gold answer; likely gold ambiguity/outdatedness or a shared model misconception.	gemini_2_5_flash	3	Acapulco	google-gemini-2-5-pro	0	0	0	Acapulco	Sinaloa	The gold answer states the cartel was based in 'Sinaloa', while the prediction states 'Acapulco'. These are different locations, leading to a contradiction.	The answers provide contradictory locations for the cartel's base.	google-gemini-2-5-flash	1	0	1	Acapulco	Mexico	The gold answer states the cartel was based in 'Sinaloa', while the prediction states 'Acapulco'. These are different locations, leading to a contradiction.	Answer B (Acapulco) is a city within the country mentioned in Answer A (Mexico). Answer B is a more specific but consistent location, which is considered equivalent.	gpt-5-1	0	0.0	0.0	Acapulco	Sinaloa, Mexico	The prediction 'Acapulco' contradicts the gold answer 'Sinaloa' regarding the location of the cartel's base.	The answers provide different locations (Sinaloa vs. Acapulco), which is a direct contradiction.	needs_verification	low	Requires checking the referenced cartel/leader location; cannot verify offline whether 'Sinaloa' or 'Acapulco' is intended.		cons31
hotpotqa	5a874fd15542996432c57260	What was the film debut of the actress who starred in Pandemonium?	"""Divorce American Style"""	frontier_consensus_vs_gold	All three frontier models agree on 'Carnal Knowledge' (normalized), which contradicts the gold answer; likely gold ambiguity/outdatedness or a shared model misconception.	gemini_2_5_pro,gpt_5_1	3	Carnal Knowledge	google-gemini-2-5-pro	1	0	1	Carnal Knowledge	Carnal Knowledge	The prediction 'Carnal Knowledge' contradicts the gold answer 'Divorce American Style' regarding the film debut.	Both answers are identical.	google-gemini-2-5-flash	0	0	0	Carnal Knowledge	Pocketful of Miracles	The gold answer states the film debut was 'Divorce American Style', while the prediction states it was 'Carnal Knowledge'. These are two different films, leading to a contradiction.	"The film debut of Carol Kane (the actress who starred in Pandemonium) was ""Carnal Knowledge"", which contradicts ""Pocketful of Miracles""."	gpt-5-1	1	0.0	1.0	Carnal Knowledge	Carnal Knowledge	The gold answer states the film debut was 'Divorce American Style', while the prediction states 'Carnal Knowledge'. These are two different films, leading to a contradiction.	Both answers are identical.	needs_verification	low	Film debut of the actress in Pandemonium requires confirming the actress and debut filmography; cannot verify offline.		cons31
musique	2hop__156702_51769	What is the life expectancy of the type of retriever named after the body of water the Patuxent River turns into?	average lifespan at 9.4 years	frontier_consensus_vs_gold	All three frontier models agree on '10–13 years' (normalized), which contradicts the gold answer; likely gold ambiguity/outdatedness or a shared model misconception.	gemini_2_5_pro,gpt_5_1	3	10–13 years	gemini-2.5-pro	1	0	1	10–13 years	10-13 years	The gold answer states an average lifespan of 9.4 years. The prediction gives a range of 10-13 years. The lower bound of the prediction (10) is more than 5% different from the gold value (9.4) (|(10 - 9.4) / 9.4| ≈ 6.38%), exceeding the critical tolerance for numeric expressions.	The numeric range and units are identical; the difference in dash character is a formatting detail.	gemini-2.5-flash	0	0	0	10-13 years	10-12 years	The gold answer states an average lifespan of 9.4 years. The predicted range is 10-13 years. The lower bound of the prediction (10 years) is outside the 5% tolerance of the gold value (9.4 years). 5% of 9.4 is 0.47, so the acceptable range for 9.4 years would be 8.93 to 9.87 years. The predicted range (10-13 years) does not overlap with this acceptable range.	The upper bounds of the life expectancy ranges (13 vs 12) are not within the 5% tolerance.	gpt-5.1	1	0.0	1.0	10–13 years	10-13 years	The predicted lifespan range (10-13 years) does not overlap with the gold answer (9.4 years). The lower bound of the prediction (10 years) is more than 5% different from the gold answer (0.6 / 9.4 = ~6.38%), exceeding the numeric tolerance.	The numeric range and units are identical; the difference in dash character is a formatting detail.	needs_verification	low	Chesapeake Bay Retriever life expectancy varies by source; cannot verify whether gold '9.4 years' or consensus '10–13' is correct offline.		cons31
musique	4hop1__13170_32392_823060_610794	In which county is the city sharing a border with the capitol of the first state to formally secede?	Richland County	frontier_consensus_vs_gold	All three frontier models agree on 'Lexington County' (normalized), which contradicts the gold answer; likely gold ambiguity/outdatedness or a shared model misconception.	gemini_2_5_pro,gemini_2_5_flash,gpt_5_1	3	Lexington County	gemini-2.5-pro	1	0	1	Lexington County	Lexington County	The gold answer specifies 'Richland County' as the location. The predicted answer 'Lexington County' is a different county, thus contradicting the gold fact. While Lexington County does contain cities that border Columbia (the capital of South Carolina, the first state to secede), the gold answer explicitly states Richland County.	Both answers are identical.	gemini-2.5-flash	1	0	1	Lexington County	Lexington County; Lexington County	The gold answer specifies 'Richland County' as the location. The predicted answer 'Lexington County' is a different county, thus contradicting the gold fact. While Lexington County does contain cities that border Columbia (the capital of South Carolina, the first state to secede), the gold answer explicitly states Richland County.	Answer A matches one of the semicolon-separated alternatives in Answer B exactly.	gpt-5.1	1	0.0	1.0	Lexington County	Lexington County	"The predicted county ""Lexington County"" contradicts the gold county ""Richland County""."	Both answers are identical.	needs_verification	low	County adjacency around Columbia, SC depends on which bordering city is intended (West Columbia vs others) and county boundaries; needs external check.		cons31
musique	4hop1__399219_765799_282674_759393	What is the seat of the county sharing a border with the county in which Valley New School is located?	Green Bay	alias_or_evaluation_strictness	Consistency judge mentions alias/equivalence (e.g., anglicization); open correctness may be overly strict about surface-form differences.	gemini_2_5_pro	1	Chilton	gemini-2.5-pro	1	0	1	Chilton	Chilton	The gold answer identifies 'Green Bay' as the county seat, while the prediction identifies 'Chilton'. These are two distinct cities and county seats, representing different facts. The prediction does not convey the same essential fact as the gold answer.	Both answers are identical.	gemini-2.5-flash	0	0	0	Papillion	Oakland; Stockton; Modesto; Merced; Hollister; Santa Cruz; Redwood City	The predicted answer 'Papillion' is a different city and county seat than the gold answer 'Green Bay'. They refer to distinct geographical locations, leading to a factual contradiction.	'Papillion' is not present in the list of alternatives provided in Answer B.	gpt-5.1	0	1.0	0.0	Green Bay	Oshkosh	The predicted answer is identical to the gold answer.	'Green Bay' and 'Oshkosh' are distinct cities and do not refer to the same entity.	needs_verification	low	County-adjacency chain depends on which county hosts Valley New School and which neighboring county is selected; cannot validate seat (Green Bay vs Chilton) offline.		extra_frames_musique
frames	232	How much taller (in centimetres) is Mark O'Halloran (ex West Tigers rugby league player) than the London Broncos' player with the heritage number 341?	11cm	partial_frontier_consensus_all_wrong	Two frontier models agree on '0 cm' (normalized), but all are judged incorrect; could be gold issues, underspecification, or shared misconception.	gemini_2_5_pro	2	0 cm	gemini-2.5-pro	1	0	1	0 cm	0.0	The predicted value '0 cm' is not within 5% tolerance of the gold value '11cm'. The absolute difference is 11, while 5% of 11 is 0.55.	Both answers represent the numerical value zero. The unit 'cm' in answer_a is compatible with the numerical value in answer_b.	gemini-2.5-flash	0	0	0	8 cm	10.0	The prediction '8 cm' is not within 5% tolerance of the gold value '11 cm'. The absolute difference is 3, while the allowed tolerance is 0.55 (5% of 11).	The numerical values 8 and 10.0 are not within the allowed 5% (or minimum 0.5) tolerance. The difference is 2, which is 25% of 8.	gpt-5.1	0	0.0	0.0	0 cm	15.0	The predicted numerical value '0' is not within 5% tolerance of the gold value '11' (11 - 0 = 11; 5% of 11 is 0.55).	The numeric values 0 and 15.0 are not within the allowed tolerance (±5% or minimum 0.5).	needs_verification	low	Requires checking both players' recorded heights; could be a gold error or a model arithmetic/lookup error.		extra_frames_musique
frames	330	How many years older is the police force that covers the City of London, than the political party that came 4th in the 2019 European Parliament election in Lombardy? Write the number of years in binary	10101110	one_model_correct_disagreement	Frontier answers disagree (2-of-3 on '10011011'), but exactly one model is judged correct; likely a model error rather than true ambiguity.	gemini_2_5_pro	2	10011011	gemini-2.5-pro	1	0	1	10011011	10011011	The prediction '10011011' (decimal 155) does not match the gold '10101110' (decimal 174). Binary numbers must match exactly.	Both answers are identical binary strings.	gemini-2.5-flash	0	0	0	10011011	10101101	The prediction '10011011' (decimal 155) does not match the gold '10101110' (decimal 174). Binary numbers must match exactly.	The binary numbers 10011011 (decimal 155) and 10101101 (decimal 173) are not within the allowed 5% tolerance (18 > 7.75).	gpt-5.1	0	1.0	1.0	10101110	10101110	The prediction exactly matches the gold.	Both answers are identical binary strings.	needs_verification	low	Binary result depends on which political party is 4th in Lombardy (2019) and what founding year is used, plus the police-force founding year. Two models output 10011011 (155) vs gold 10101110 (174).	Record the intermediate years (founding dates) in the dataset/explanation.	extra_frames_musique
frames	459	David Fincher has two movies in the 90's that have numbers in the title. What is the number in the title of David Fincher's later-released movie multiplied by the ratio of the sum of all of the molars in an aardvark over the number of adult teeth in a dog?	13/3 or 4.333... (infinitely repeating decimal)	partial_frontier_consensus_all_wrong	Two frontier models agree on '2' (normalized), but all are judged incorrect; could be gold issues, underspecification, or shared misconception.	gpt_5_1	2	2	gemini-2.5-pro	0	0	0	2	3.33	The gold answer is 13/3 or approximately 4.333. The prediction is 2. The absolute difference between the gold and prediction is |4.333 - 2| = 2.333. The 5% tolerance for the gold value is 0.05 * 4.333 = 0.2166. Since 2.333 > 0.2166, the prediction falls outside the acceptable numerical tolerance.	The numeric value 3.33 is not within the ±5% tolerance of 2.	gemini-2.5-flash	0	0	0	2	0.0	The gold answer is 13/3 or approximately 4.333. The prediction is 2. The absolute difference between the gold and prediction is |4.333 - 2| = 2.333. The 5% tolerance for the gold value is 0.05 * 4.333 = 0.2166. Since 2.333 > 0.2166, the prediction falls outside the acceptable numerical tolerance.	The values 2 and 0.0 are not numerically equivalent, as 0.0 is not within the ±5% (min 0.5) tolerance of 2.	gpt-5.1	1	0.0	1.0	10/3	3.3333333333	The gold value is 13/3 (approx. 4.333) and the prediction is 10/3 (approx. 3.333). The absolute difference is 1, which is greater than 5% of the gold value (0.05 * 4.333 = 0.21665).	10/3 is approximately 3.3333333333, which is numerically equivalent to answer_b.	needs_verification	low	Multi-step arithmetic depends on animal-dentition facts (aardvark molars/teeth) and which Fincher title-number convention is used (Alien 3 vs Se7en). Gold vs model mismatch may stem from a factual constant in the prompt chain.		extra_frames_musique
frames	51	"What state is the home of the losing team of the World Series three years before ""Old Shufflefoot"" managed his team to victory? "	Illinois	partial_frontier_consensus_all_wrong	Two frontier models agree on 'Massachusetts' (normalized), but all are judged incorrect; could be gold issues, underspecification, or shared misconception.	gpt_5_1	2	Massachusetts	gemini-2.5-pro	0	0	0	Massachusetts	Michigan	The predicted state 'Massachusetts' contradicts the gold state 'Illinois'.	"The states ""Massachusetts"" and ""Michigan"" are different."	gemini-2.5-flash	0	0	0	Michigan	New York	"The prediction ""Michigan"" contradicts the gold answer ""Illinois""."	"The states ""Michigan"" and ""New York"" are different, making the answers not equivalent."	gpt-5.1	1	0.0	1.0	Massachusetts	Massachusetts	The predicted state 'Massachusetts' contradicts the gold state 'Illinois'.	Both answers are identical.	needs_verification	low	Chain depends on identifying ‘Old Shufflefoot’ and the relevant World Series year; cannot validate offline.		extra_frames_musique
frames	584	Which political party held the most seats in the Leeds City Council election during the year that philosopher John Wall was born?	Conservatives held the most seats in the Leeds City Council election in 1965 when John Wall was born.	partial_frontier_consensus_all_wrong	Two frontier models agree on 'Labour Party' (normalized), but all are judged incorrect; could be gold issues, underspecification, or shared misconception.	gemini_2_5_pro,gemini_2_5_flash,gpt_5_1	2	Labour Party	gemini-2.5-pro	1	0	1	Labour Party	Labour Party	"The prediction ""Labour Party"" directly contradicts the gold fact that the ""Conservatives"" held the most seats."	Both answers are identical.	gemini-2.5-flash	1	0	1	Labour	Labour Party	"The prediction ""Labour"" contradicts the gold fact ""Conservatives"" regarding the political party that held the most seats."	"""Labour"" and ""Labour Party"" refer to the same political entity; ""Party"" is an acceptable extra."	gpt-5.1	1	0.0	1.0	Labour Party	Labour Party	"The prediction ""Labour Party"" directly contradicts the gold fact that the ""Conservatives"" held the most seats."	Both answers are identical.	needs_verification	low	Leeds council seat counts for the specific election-year require external lookup; cannot validate offline whether gold or model party is correct.		extra_frames_musique
frames	761	How many ballets did Frederick Ashton choreograph by the time he was 25 years old?	8	partial_frontier_consensus_all_wrong	Two frontier models agree on '5' (normalized), but all are judged incorrect; could be gold issues, underspecification, or shared misconception.	gemini_2_5_pro	2	5	gemini-2.5-pro	1	0	1	5	5	The prediction '5' does not match the gold '8'. The difference (3) exceeds the 5% tolerance (0.4) for numerical values.	Both answers state the same number.	gemini-2.5-flash	0	0	0	4	0	The prediction '4' does not match the gold '8'. The difference (4) exceeds the 5% tolerance (0.4).	The numbers 4 and 0 are distinct and not within the allowed tolerance of ±5% (minimum 0.5).	gpt-5.1	0	0.0	0.0	5	6	The prediction '5' is not within 5% tolerance of the gold '8'. The difference is 3, which is 37.5% of 8.	The difference between 5 and 6 is 1, which exceeds the allowed 5% (0.25) or minimum 0.5 tolerance for numbers.	needs_verification	low	Frederick Ashton ballet count by age 25 depends on which works are counted as ballets and his birthdate; needs verification.		extra_frames_musique
frames	96	In which of the three Intertidal zones would you most likely find the Septifer bilocularis?	Low Intertidal Zone	partial_frontier_consensus_all_wrong	Two frontier models agree on 'Mid-intertidal zone' (normalized), but all are judged incorrect; could be gold issues, underspecification, or shared misconception.	gemini_2_5_pro	2	Mid-intertidal zone	gemini-2.5-pro	1	0	1	Mid-intertidal zone	Middle tide zone	"The prediction ""Mid-intertidal zone"" contradicts the gold answer ""Low Intertidal Zone""."	"""Mid"" and ""Middle"" are synonymous, and ""intertidal zone"" and ""tide zone"" refer to the same concept."	gemini-2.5-flash	0	0	0	Mid-intertidal zone	Low Intertidal Zone	"The prediction ""Mid-intertidal zone"" contradicts the gold answer ""Low Intertidal Zone""."	"The specified intertidal zones are different (""Mid-intertidal zone"" vs ""Low Intertidal Zone"")."	gpt-5.1	0	0.0	0.0	middle intertidal zone	low tide zone	"The prediction ""middle intertidal zone"" contradicts the gold answer ""Low Intertidal Zone""."	"""middle intertidal zone"" and ""low tide zone"" refer to different zones."	needs_verification	low	Species-to-intertidal-zone mapping requires domain knowledge; cannot validate offline.		extra_frames_musique
musique	2hop__144317_120065	What year did the city were Hans-Joachim Merker was born end?	1738	partial_frontier_consensus_all_wrong	Two frontier models agree on '1945' (normalized), but all are judged incorrect; could be gold issues, underspecification, or shared misconception.	gemini_2_5_flash	2	1945	gemini-2.5-pro	0	0	0	1945	1990	The question asks for a year. The predicted year '1945' does not match the gold year '1738'. Years have zero tolerance and must match exactly.	Years require exact match; 1945 ≠ 1990.	gemini-2.5-flash	1	0	1	1945	1945	The question asks for a year. The predicted year '1945' does not match the gold year '1738'. Years have zero tolerance and must match exactly.	Both answers are identical.	gpt-5.1	0	0.0	0.0	1939	It has not ended as of 2022	The predicted year (1939) does not match the gold year (1738). Years have zero tolerance and must match exactly.	Answer A states the city ended in 1939, while Answer B states it has not ended as of 2022, which is a direct contradiction.	needs_verification	low	Question is ill-formed (‘What year did the city … end?’). Likely a templating/annotation issue; cannot validate offline.	Rewrite to a concrete event (e.g., city dissolved/annexed) and specify the city entity.	extra_frames_musique
musique	2hop__622308_61845	Who has played for West Ham Ajax and the team from the city where Malcolm Graham died?	Mido	partial_frontier_consensus_all_wrong	Two frontier models agree on 'Sébastien Haller' (normalized), but all are judged incorrect; could be gold issues, underspecification, or shared misconception.	gpt_5_1	2	Sébastien Haller	gemini-2.5-pro	0	0	0	Sébastien Haller	Mido	The predicted player, Sébastien Haller, is different from the gold answer, Mido. They are distinct individuals and not aliases or abbreviations of each other.	Sébastien Haller did not play for Barnsley, while Mido did play for West Ham, Ajax, and Barnsley. The answers name different players and only Mido fits the criteria.	gemini-2.5-flash	0	0	0	John Heitinga	Craig Forrest; Jesper Grønkjær; Steven Pienaar	The predicted answer 'John Heitinga' is a different individual from the gold answer 'Mido'. They do not convey the same essential fact.	John Heitinga played for West Ham, Ajax, and	gpt-5.1	1	0.0	1.0	Sébastien Haller	Sébastien Haller	"The predicted name ""Sébastien Haller"" is different from the gold name ""Mido"", representing a contradiction."	Both answers are identical.	needs_verification	low	Requires confirming which player matches the three-club constraint (West Ham, Ajax, and the third club tied to Malcolm Graham). Gold ‘Mido’ vs consensus ‘Sébastien Haller’ suggests entity/club mismatch.		extra_frames_musique
musique	2hop__861047_110949	What is the date of birth for the performer of Beat Hotel?	11 September 1962	partial_frontier_consensus_all_wrong	Two frontier models agree on '1945-09-30' (normalized), but all are judged incorrect; could be gold issues, underspecification, or shared misconception.	gemini_2_5_pro	2	1945-09-30	gemini-2.5-pro	1	0	1	1945-09-30	1945-09-30	The predicted date of birth (1945-09-30) contradicts the gold date of birth (11 September 1962). Dates have zero tolerance and must match exactly.	Both answers are identical and represent the same date.	gemini-2.5-flash	0	0	0	1945-07-01	1993-06-07	The predicted date of birth (July 1, 1945) is different from the gold date of birth (September 11, 1962). Dates have zero tolerance for discrepancies.	Calendar dates require exact match; 1945-07-01 ≠ 1993-06-07.	gpt-5.1	0	0.0	0.0	1945-09-30	1926-06-03	The predicted date (1945-09-30) contradicts the gold date (11 September 1962). Dates have zero tolerance for discrepancies.	Calendar dates require exact match; 1945-09-30 ≠ 1926-06-03.	needs_verification	low	Performer identity for ‘Beat Hotel’ is unclear offline; cannot validate date of birth discrepancy.		extra_frames_musique
musique	2hop__87580_7298	Along with the person who played Andy's brother in The Office, what notable pop artist started his career in adult contemporary radio?	Michael Bublé	one_model_correct_disagreement	Frontier answers disagree (2-of-3 on 'Josh Groban'), but exactly one model is judged correct; likely a model error rather than true ambiguity.	gemini_2_5_flash,gpt_5_1	2	Josh Groban	gemini-2.5-pro	0	1	0	Michael Bublé	Josh Groban; Josh Groban	The prediction exactly matches the gold answer.	The answers name different artists (Michael Bublé vs Josh Groban). Josh Groban played Andy's brother in The Office, while Michael Bublé did not.	gemini-2.5-flash	1	0	1	Josh Groban	Josh Groban; Michael Bublé	The predicted artist 'Josh Groban' is different from the gold artist 'Michael Bublé'. This is a direct contradiction of the factual answer.	Answer A matches one of the semicolon-separated alternatives in Answer B.	gpt-5.1	1	0.0	1.0	Josh Groban	Josh Groban; Josh Groban	The predicted artist, Josh Groban, is not the same as the gold artist, Michael Bublé.	Answer A matches one of the semicolon-separated alternatives in Answer B.	needs_verification	low	Two-entity constraint (‘along with the person who played Andy’s brother’) is easy to misread; cannot validate offline whether the intended second artist is Michael Bublé or another adult-contemporary artist.	Ensure the question clearly asks for the *other* artist besides the actor.	extra_frames_musique
musique	3hop1__152880_131926_13165	What treaty ceded territory to the US extending west to the body of water by the city Astronautalis is from?	Treaty of Paris	one_model_correct_disagreement	Frontier answers disagree (2-of-3 on 'Adams–Onís Treaty'), but exactly one model is judged correct; likely a model error rather than true ambiguity.	gemini_2_5_flash	2	Adams–Onís Treaty	gemini-2.5-pro	0	0	0	Adams–Onís Treaty	Treaty of Paris (1783)	The predicted treaty, 'Adams–Onís Treaty', is different from the gold treaty, 'Treaty of Paris', representing a direct contradiction of the core fact.	The Adams–Onís Treaty (1819) and the	gemini-2.5-flash	1	0	1	Adams-Onís Treaty	Adams-Onís Treaty	The predicted answer 'Adams-Onís Treaty' names a different treaty than the gold answer 'Treaty of Paris', which is a direct contradiction of the core fact.	Both answers are identical.	gpt-5.1	0	1.0	0.0	Treaty of Paris (1783)	Adams–Onís Treaty	"The prediction includes additional, non-contradictory information (the year 1783) but correctly identifies the ""Treaty of Paris"" as stated in the gold answer."	The Adams–Onís Treaty ceded Florida to the US, whose western boundary is the Gulf of Mexico. The Treaty of Paris (1783) established the US western boundary at the Mississippi River and did not cede Florida to the US. The answers convey contradictory facts regarding the treaty that ceded territory including Florida.	needs_verification	low	Treaty depends on identifying the body of water near Astronautalis’ city and the intended territorial cession; cannot validate Treaty of Paris vs Adams–Onís offline.		extra_frames_musique
musique	3hop1__241085_42197_18397	Where did the arguer that Yekaterina Fesenko's country of citizenship had become an imperialist power declare he would intervene in the Korean conflict?	the Politburo	partial_frontier_consensus_all_wrong	Two frontier models agree on 'Beijing' (normalized), but all are judged incorrect; could be gold issues, underspecification, or shared misconception.	gemini_2_5_pro	2	Beijing	gemini-2.5-pro	1	0	1	Beijing	Beijing	The gold answer 'the Politburo' refers to a political body, while the prediction 'Beijing' refers to a city. These are distinct and not equivalent.	Both answers are identical.	gemini-2.5-flash	0	0	0	Washington, D.C.	Pyongyang	The predicted answer 'Washington, D.C.' is a different location from the gold answer 'the Politburo', representing a direct contradiction regarding the specified location.	The two answers provide different and contradictory locations (Washington, D.C. vs Pyongyang) for the declaration.	gpt-5.1	0	0.0	0.0	Beijing	Washington, D.C.	"The prediction ""Beijing"" is a city, while the gold answer ""the Politburo"" refers to a political body. These are distinct and not equivalent."	The two answers refer to different locations (Beijing vs. Washington, D.C.) and are not equivalent.	needs_verification	low	Template-like question about a leader’s declaration on Korea: ‘Politburo’ vs ‘Beijing’ could be institution vs city. Needs source verification.	Pin the source sentence (where the declaration is stated) or accept institution-vs-location equivalence if appropriate.	extra_frames_musique
musique	3hop1__415141_42197_18397	Where did the leader who argued that the country of citizenship of Vladimir Ageev had become an imperialist power, declare that he would intervene in the Korean conflict?	the Politburo	partial_frontier_consensus_all_wrong	Two frontier models agree on 'Beijing' (normalized), but all are judged incorrect; could be gold issues, underspecification, or shared misconception.	gemini_2_5_pro	2	Beijing	gemini-2.5-pro	1	0	1	Beijing	Beijing	The gold answer 'the Politburo' refers to a specific political body, implying a location associated with the Soviet Union (Moscow). The predicted answer 'Beijing' refers to the capital city of China. These are distinct locations and political entities, leading to a contradiction.	Both answers are identical.	gemini-2.5-flash	0	0	0	Beijing	Moscow	The gold answer 'the Politburo' refers to a specific political body, implying a location associated with the Soviet Union (Moscow). The predicted answer 'Beijing' refers to the capital city of China. These are distinct locations and political entities, leading to a contradiction.	'Beijing' and 'Moscow' are distinct locations; they contradict each other regarding the same fact.	gpt-5.1	0	0.0	0.0	Washington, D.C.	Beijing	"The predicted location ""Washington, D.C."" is different from the gold location ""the Politburo""."	The question describes a specific leader (Mao Zedong, who argued the Soviet Union was an imperialist power) and asks for the location of their declaration to intervene in the Korean conflict. Mao Zedong's declarations were made from Beijing (Answer B). Washington, D.C. (Answer A) refers to the declaration by the US leader (Truman), who does not fit the specific description provided in the question. The answers refer to different leaders and locations.	needs_verification	low	Same template as other ‘intervene in the Korean conflict’ items; cannot validate ‘Politburo’ vs ‘Beijing’ offline.		extra_frames_musique
musique	3hop1__604991_339990_15538	When did the state that Frozen Run is located in reinstate the death penalty?	1984	partial_frontier_consensus_all_wrong	Two frontier models agree on '1978' (normalized), but all are judged incorrect; could be gold issues, underspecification, or shared misconception.	gemini_2_5_flash	2	1978	gemini-2.5-pro	0	0	0	1977	1974	The prediction '1977' contradicts the gold answer '1984'. Years have zero tolerance and must match exactly.	Years require exact match; 1977 ≠ 1974.	gemini-2.5-flash	1	0	1	1978	1978	The question asks for a year. The predicted year '1978' does not match the gold year '1984'. Years have zero tolerance and must match exactly.	Both answers state the same year, 1978, which is an exact match.	gpt-5.1	0	0.0	0.0	1978	1978-09-13	Years have zero tolerance; 1978 does not match 1984.	Calendar dates/years require an exact match; '1978' does not exactly match '1978-09-13' due to differing specificity.	needs_verification	low	Death-penalty reinstatement year depends on state identification for Frozen Run; cannot validate offline whether 1984 or ~1978 is correct.		extra_frames_musique
musique	3hop1__654651_55349_651302	What is the place of birth of who does the voice of stan on the series that Insecurity is part of?	Denver	partial_frontier_consensus_all_wrong	Two frontier models agree on 'Conifer, Colorado' (normalized), but all are judged incorrect; could be gold issues, underspecification, or shared misconception.	gpt_5_1	2	Conifer, Colorado	gemini-2.5-pro	0	0	0	Conifer, Colorado	Kent, Connecticut	The predicted place of birth 'Conifer, Colorado' is different from the gold answer 'Denver'. These are distinct locations, leading to a contradiction.	The two answers provide different places of birth (Conifer, Colorado vs. Kent, Connecticut); they are not equivalent.	gemini-2.5-flash	0	0	0	"There is no character named Stan in the series ""Insecure""."	Kent, Connecticut	The prediction explicitly states that there is no character named Stan in the series 'Insecure', which contradicts the premise of the question and thus the gold answer which provides a place of birth for the voice actor of Stan.	Answer A states the character does not exist, while Answer B provides a place of birth, implying the character exists. These	gpt-5.1	1	0.0	1.0	Conifer, Colorado	Conifer, Colorado	"The predicted place of birth ""Conifer, Colorado"" is a different location from the gold answer ""Denver""."	Both answers are identical.	needs_verification	low	‘Voice of Stan’ chain may be ill-posed (models disagree on whether such a character exists). Needs context verification.		extra_frames_musique
musique	3hop1__759384_42197_18397	Where did the person who argued that the country that Mark Fradkin is a citizen of had become an imperialist power declare he would intervene in the Korean conflict?	the Politburo	partial_frontier_consensus_all_wrong	Two frontier models agree on 'Beijing' (normalized), but all are judged incorrect; could be gold issues, underspecification, or shared misconception.	gemini_2_5_pro,gpt_5_1	2	Beijing	gemini-2.5-pro	1	0	1	Beijing	Beijing	The gold answer 'the Politburo' refers to a specific political body, while the prediction 'Beijing' refers to a geographical location (a city). These are not equivalent; the question asks 'where did the person declare', and the gold answer implies the declaration was made to or within the Politburo, not simply in the city of Beijing.	Both answers are identical.	gemini-2.5-flash	0	0	0	US House of Representatives	Wake Island	The predicted answer 'US House of Representatives' is a different political body from the gold answer 'the Politburo'. There is no equivalence or alias between them, and the prediction contradicts the gold fact.	'US House of Representatives' and 'Wake	gpt-5.1	1	0.0	1.0	Beijing	Beijing	"The prediction ""Beijing"" is a city, while the gold answer ""the Politburo"" is a political committee. These are distinct entities and not equivalent."	Both answers are identical.	needs_verification	low	Template-like ‘intervene in Korea’ item; cannot validate offline.		extra_frames_musique
musique	3hop1__773338_42197_18397	Where did the arguer that Yuri Bogatyryov's country of citizenship had become an imperialist power declare he would intervene in the Korean conflict?	the Politburo	partial_frontier_consensus_all_wrong	Two frontier models agree on 'Beijing' (normalized), but all are judged incorrect; could be gold issues, underspecification, or shared misconception.	gemini_2_5_pro,gemini_2_5_flash,gpt_5_1	2	Beijing	gemini-2.5-pro	1	0	1	Beijing	Beijing	The predicted answer 'Beijing' is a city, while the gold answer 'the Politburo' refers to a political body/location. These are distinct and contradictory facts regarding the location of the declaration.	Both answers are identical.	gemini-2.5-flash	1	0	1	Beijing	Beijing	The predicted answer 'Beijing' is a city, while the gold answer 'the Politburo' refers to a political body/location. These are distinct and contradictory facts regarding the location of the declaration.	Both answers are identical.	gpt-5.1	1	0.0	1.0	Blair House, Washington, D.C.	Washington, D.C.	"The predicted location ""Blair House, Washington, D.C."" is different from the gold location ""the Politburo"", constituting a contradiction."	Answer A provides a more specific location (Blair House) within the broader location given in Answer B (Washington, D.C.). The additional detail in A does not contradict B, and B is a true statement of the location.	needs_verification	low	Template-like ‘intervene in Korea’ item; cannot validate offline.		extra_frames_musique
musique	3hop1__801799_547811_41132	How many times did plague occur in the birth city of the composer of La fida ninfa?	22	partial_frontier_consensus_all_wrong	Two frontier models agree on '3' (normalized), but all are judged incorrect; could be gold issues, underspecification, or shared misconception.	gemini_2_5_flash	2	3	gemini-2.5-pro	0	0	0	69	3	The predicted number '69' is significantly different from the gold number '22'. The percentage difference is (69-22)/22 = 213.6%, which exceeds the 5% tolerance for numeric expressions.	The numerical values 69 and 3 are significantly different and fall outside the 5% tolerance.	gemini-2.5-flash	1	0	1	3	3	The gold answer is 22 and the prediction is 3. The difference |22 - 3| = 19, which is greater than the allowed 5% tolerance for numeric expressions (5% of 22 is 1.1). Therefore, the prediction is incorrect.	Both answers are identical.	gpt-5.1	0	0.0	0.0	3	22	The predicted number '3' is significantly different from the gold number '22', exceeding the 5% tolerance for numeric expressions.	Numeric values 3 and 22 are not within the 5% tolerance.	needs_verification	low	Plague-count in a birth city depends on the historical record and the specific city entity; cannot validate offline.		extra_frames_musique
musique	3hop2__103871_20335_9331	What dissolved the privileges in Poland of the empire where Tamar Abakelia was from, the Kingdom that acquired some Thuringian territory in 1815, and the Habsburg Monarchy?	March Constitution of Poland	partial_frontier_consensus_all_wrong	Two frontier models agree on 'World War I' (normalized), but all are judged incorrect; could be gold issues, underspecification, or shared misconception.	gemini_2_5_pro,gpt_5_1	2	World War I	gemini-2.5-pro	1	0	1	World War I	World War I	The gold answer 'March Constitution of Poland' refers to a specific constitutional document, while the prediction 'World War I' refers to a global conflict. These are distinct historical events/documents and do not convey the same essential fact. The prediction contradicts the gold answer.	Both answers are identical.	gemini-2.5-flash	0	0	0	End of World War I	World War I	The gold answer refers to a specific constitutional document, the 'March Constitution of Poland' (1921), which dissolved privileges. The prediction refers to a historical event, the 'End of World War I' (1918), which, while leading to Poland's independence, is not the specific legal act that dissolved privileges as stated in the gold answer. These are distinct facts.	'End of World War I' refers to the specific event of the war's conclusion, which directly led to the dissolution, while 'World War I' refers to the entire period of the conflict. These are distinct facts regarding the timing of the dissolution.	gpt-5.1	1	0.0	1.0	World War I	World War I	"The prediction ""World War I"" is a major historical event, while the gold answer ""March Constitution of Poland"" refers to a specific legal document. These are distinct and not equivalent."	Both answers are identical.	needs_verification	low	Historical ‘privileges dissolved’ chain across multiple empires is hard to validate offline; WWI vs a specific constitution may reflect different scope definitions.	Name the specific privilege-abolishing act and target entity explicitly.	extra_frames_musique
musique	4hop1__105688_17130_70784_61381	The country that Eyal Golan is from lies within a certain region. When was the area that lies immediately to the north of that region established?	1932	partial_frontier_consensus_all_wrong	Two frontier models agree on '1993-11-01' (normalized), but all are judged incorrect; could be gold issues, underspecification, or shared misconception.	gemini_2_5_pro	2	1993-11-01	gemini-2.5-pro	1	0	1	1923-10-29	1923-10-29	The gold answer specifies the year as 1932. The predicted answer specifies the year as 1923. Dates and years have zero tolerance and must match exactly, so 1923 is not equivalent to 1932.	Both answers are identical dates; dates require exact matches.	gemini-2.5-flash	0	0	0	1993-11-01	1979-04-01	The gold answer is a year (1932). The predicted answer provides a different year (1993). For dates and years, there is zero tolerance, so they must match exactly.	Calendar dates require exact match; 1993-11-01 ≠ 1979-04-01.	gpt-5.1	0	0.0	0.0	1993-11-01	Not applicable	The predicted year (1993) does not match the gold year (1932). Years have zero tolerance and must match exactly.	Answer A provides a specific date, while Answer B states the question is not applicable, which is a direct contradiction.	needs_verification	low	Region-to-northern-area establishment date chain is unclear offline; cannot validate competing dates.		extra_frames_musique
musique	4hop1__146971_698949_157828_162309	When did the country that has the same co-official language as that of the movie about the city where Petar Trifunović died send an independent team to the Olympics?	2016	partial_frontier_consensus_all_wrong	Two frontier models agree on '1992' (normalized), but all are judged incorrect; could be gold issues, underspecification, or shared misconception.	gemini_2_5_flash,gpt_5_1	2	1992	gemini-2.5-pro	0	0	0	1994	1992	The predicted year '1994' does not match the gold year '2016'. Years have zero tolerance and must match exactly.	Years require exact match; 1994 ≠ 1992.	gemini-2.5-flash	1	0	1	1992	1992	The gold answer is a year (2016), and the predicted answer is a different year (1992). Years have zero tolerance and must match exactly.	Both answers are identical and refer to the same year.	gpt-5.1	1	0.0	1.0	1992	1992-07-25	The gold answer is 2016, but the prediction is 1992. Years require an exact match, and these do not match.	Answer B provides a specific date within the year 1992, which is consistent with the year given in Answer A. The extra detail does not contradict the shared fact of the year.	needs_verification	low	Independent Olympic team year depends on which country is reached via the multi-hop language constraint; needs external verification.		extra_frames_musique
musique	4hop3__794915_466199_695123_72134	When did the town WIZE is licensed in become capitol of the state where Ward Township is located?	1839	partial_frontier_consensus_all_wrong	Two frontier models agree on 'Never' (normalized), but all are judged incorrect; could be gold issues, underspecification, or shared misconception.	gpt_5_1	2	Never	gemini-2.5-pro	0	0	0	Never	1825	The gold answer provides a specific year (1839), while the prediction states 'Never', which is a direct contradiction of the gold fact.	Answer A states the event never happened, while Answer B provides a specific year, creating a direct contradiction.	gemini-2.5-flash	0	0	0	1816	Never	The question asks for a year. The predicted year '1816' does not match the gold year '1839'. Years have zero tolerance and must match exactly.	Answer A provides a specific year (1816) for the event, while Answer B states the event never occurred, which is a direct contradiction.	gpt-5.1	1	0.0	1.0	never	Springfield, Ohio has never been the capital of Ohio	"The prediction ""never"" directly contradicts the gold answer ""1839""."	"Answer B explicitly states the implied fact from the question that Springfield, Ohio has never been the capital of Ohio, which is equivalent to the concise answer ""never"" in A."	needs_verification	low	Radio-station licensing city and township-to-state chain is unclear offline; cannot validate whether the city ever served as state capital (gold 1839 vs model ‘never’).		extra_frames_musique
