dataset	model_slug	id	time_sensitive_hint	open_assistive_exact_match	question	gold_answer	open_answer	assistive_answer	open_correctness_reasoning	consistency_equivalent	consistency_reasoning	consistency_raw	open_raw	assistive_raw	manual_label	manual_notes
bamboogle	google-gemini-2-5-pro	bamboogle_0094_f6def5e8	0	1	Who was the father of the founder of modern human anatomy?	Anders van Wesel	Andries van Wesele	Andries van Wesele	The first names 'Anders' and 'Andries' are distinct, not merely a case of capitalization, punctuation, or a common alias. While 'Wesele' is a minor spelling variation of 'Wesel', the difference in the first name makes the prediction not the same essential fact as the gold.	1	Both answers are identical.	equivalent: 1\nreasoning: Both answers are identical.	answer:\nAndries van Wesele	"```json\n{\n  ""answer_1"": ""Andreas Vesalius"",\n  ""answer_2"": ""Andries van Wesele""\n}\n```"	outlier_vs_frontier_consensus	Other frontier models agree (2/3) on 'Andries van Wesel', while this model answers 'Andries van Wesele'. Likely a model-specific stable error (or alias).
crag	google-gemini-2-5-pro	93f61f25-1bde-4e21-a826-47c9651847e4	1	1	who was the player who won the most matches in professional tennis last year?	novak djokovic, who is coached by goran ivanisevic, won the most matches in professional tennis last year.	Daniil Medvedev	Daniil Medvedev	The gold answer identifies 'Novak Djokovic' as the player who won the most matches, while the prediction states 'Daniil Medvedev'. These are different players, leading to a contradiction on the core fact.	1	Both answers are identical.	equivalent: 1\nreasoning: Both answers are identical.	Daniil Medvedev	"```json\n{\n  ""answer_1"": ""2021"",\n  ""answer_2"": ""Daniil Medvedev""\n}\n```"	time_dependent	Time-relative phrasing ('last year'); gold likely tied to a specific snapshot.
hotpotqa	google-gemini-2-5-pro	5a7e1cd05542995ed0d1669a	0	1	who produced the animated film that John Kassir acted in?	Salma Hayek	James Pentecost	James Pentecost	The gold answer identifies 'Salma Hayek' as the producer, while the prediction states 'James Pentecost'. These are two different individuals, leading to a contradiction.	1	Both answers are identical.	equivalent: 1\nreasoning: Both answers are identical.	James Pentecost	"```json\n{\n  ""answer_1"": ""Pocahontas"",\n  ""answer_2"": ""James Pentecost""\n}\n```"	unclear_needs_manual_check	No strong offline signal; could be a genuine stable model error or a dataset/gold issue.
mintaka	google-gemini-2-5-pro	a04200ad	0	1	Who is the main protagonist of the second Metal Gear game?	Raiden	Solid Snake	Solid Snake	The prediction 'Solid Snake' contradicts the gold answer 'Raiden'. These are different characters.	1	The two answers are identical.	equivalent: 1\nreasoning: The two answers are identical.	Solid Snake	"intermediate_answers:\n{\n  ""answer_1"": ""Metal Gear 2: Solid Snake"",\n  ""answer_2"": ""Solid Snake""\n}"	ambiguous_title(“second Metal Gear”)	If interpreted as 'Metal Gear 2: Solid Snake', protagonist is Solid Snake (models). Gold 'Raiden' corresponds to Metal Gear Solid 2 (different naming).
bamboogle	google-gemini-2-5-pro	bamboogle_0122_7a7aef7c	1	1	Who is the father of the scientist at MIT that won the Queen Elizabeth Prize for Engineering in 2013?	Conway Berners-Lee	Robert Langer	Robert Langer	The prediction 'Robert Langer' is a different name from the gold answer 'Conway Berners-Lee', leading to a direct contradiction of the requested fact.	1	Both answers are identical.	equivalent: 1\nreasoning: Both answers are identical.	Robert Langer	"```json\n{\n  ""answer_1"": ""Robert Langer"",\n  ""answer_2"": ""Robert Langer""\n}\n```"	outlier_vs_frontier_consensus	Other frontier models agree (2/3) on 'Conway Berners-Lee', while this model answers 'Robert Langer'. Likely a model-specific stable error (or alias).
crag	google-gemini-2-5-pro	4835d4a2-4f31-423b-9f82-4c879c7798ed	1	1	who was the goalkeeper of the team that won the champions league final last year?	ederson, who plays for manchester city, was the goalkeeper of the team that won the champions league final last year.	Thibaut Courtois	Thibaut Courtois	The gold answer identifies Ederson as the goalkeeper, while the prediction names Thibaut Courtois. These are two different individuals, leading to a direct contradiction of the core fact.	1	Both answers are identical.	equivalent: 1\nreasoning: Both answers are identical.	Thibaut Courtois	"```json\n{\n  ""intermediate_answers"": {\n    ""answer_1"": ""Real Madrid"",\n    ""answer_2"": ""Thibaut Courtois""\n  }\n}\n```"	time_dependent	'Last year' Champions League winner varies; models give different plausible goalkeepers for different years (Courtois/Mendy), while gold anchors another year (Ederson).
hotpotqa	google-gemini-2-5-pro	5adc74cd5542994650320d0c	0	1	The small town where part of  Ewe people came from is a capital of where 	Adaklu-Anyigbe	Haho Prefecture	Haho Prefecture	The prediction 'Haho Prefecture' is a different place name than the gold answer 'Adaklu-Anyigbe'. They do not refer to the same location, indicating a contradiction.	1	Both answers are identical.	equivalent: 1\nreasoning: Both answers are identical.	Haho Prefecture	"```json\n{\n  ""answer_1"": ""Notsie"",\n  ""answer_2"": ""Haho Prefecture""\n}\n```"	possible_gold_error_or_ambiguity	Frontier open-ended answers agree (2/3) on 'Haho Prefecture' vs gold; could be gold error/ambiguity or shared model misconception.
mintaka	google-gemini-2-5-pro	78a31f7a	1	0	What is the current coach's name of the team that has won the most NCAA Division I Baseball Championships?	Jason Gill	Andy Stankiewicz		The prediction 'Andy Stankiewicz' is a different name from the gold answer 'Jason Gill', indicating a direct contradiction.	1	The two answers are identical.	equivalent: 1\nreasoning: The two answers are identical.	Andy Stankiewicz	"```json\n""intermediate_answers"": {\n  ""answer_1"": ""US"	likely_gold_error/outdated	Team with most NCAA Division I baseball championships is USC; its current head coach is Andy Stankiewicz (models). Gold 'Jason Gill' appears mismatched.
bamboogle	google-gemini-2-5-pro	bamboogle_0035_f61df3cd	0	0	What is the maximum airspeed (in km/h) of the third fastest bird?	320 km/h	209 km/h	209	The numeric value in the prediction (209) is significantly different from the gold answer (320) and falls outside the allowed numeric tolerance (1% of 320 is 3.2; |320 - 209| = 111).	1	Both answers provide the same numerical value; unit in Answer B is consistent with the question and Answer A implicitly provides the value in the requested unit.	equivalent: 1\nreasoning: Both answers provide the same numerical value; unit in Answer B is consistent with the question and Answer A implicitly provides the value in the requested unit.	209 km/h	"```json\n{\n  ""answer_1"": ""Gyrfalcon"",\n  ""answer_2"": ""209""\n}\n```"	possible_gold_typo_or_alias	Open answer '209 km/h' is very close to gold '320 km/h' (edit-distance 2); likely typo/alias/normalization issue.
crag	google-gemini-2-5-pro	d52db8c5-663a-469c-a470-e6d524e2b3dd	0	1	who was the coach of the team that won the stanley cup last season?	bruce cassidy, who coaches the vegas golden knights, was the coach of the team that won the stanley cup last season.	Jared Bednar	Jared Bednar	The gold answer identifies Bruce Cassidy as the coach who won the Stanley Cup last season (2022-2023). The prediction, Jared Bednar, is a different coach who won the Stanley Cup in the 2021-2022 season, not 'last season'. Therefore, the prediction contradicts the gold fact.	1	Both answers are identical.	equivalent: 1\nreasoning: Both answers are identical.	answer:\nJared Bednar	"```json\n{\n  ""intermediate_answers"": {\n    ""answer_1"": ""Colorado Avalanche"",\n    ""answer_2"": ""Jared Bednar""\n  }\n}\n```"	time_dependent	Stanley Cup winner/coach changes each season; gold (Cassidy/Vegas) and models (Bednar/Colorado) correspond to different years.
hotpotqa	google-gemini-2-5-pro	5adeb01355429939a52fe958	0	1	Elisabeth of Bavaria's husband was born on what date?	25 April 1228	1830-08-18	1830-08-18	The predicted date (1830-08-18) contradicts the gold date (25 April 1228). Dates must match exactly.	1	Both answers provide the identical date.	equivalent: 1\nreasoning: Both answers provide the identical date.	answer:\n1830-08-18	"```json\n{\n  ""answer_1"": ""Franz Joseph I"",\n  ""answer_2"": ""1830-08-18""\n}\n```"	likely_gold_error	Elisabeth of Bavaria (Sisi) married Franz Joseph I (born 1830-08-18). Gold year 1228 is off by centuries.
mintaka	google-gemini-2-5-pro	c999b363	0	1	What is the capital of the country with the highest population in the world?	Tokyo	Beijing	Beijing	The gold answer states 'Tokyo' while the prediction states 'Beijing'. These are different cities and thus contradict each other.	1	The two answers are identical.	equivalent: 1\nreasoning: The two answers are identical.	answer:\nBeijing	"intermediate_answers:\n{\n  ""answer_1"": ""China"",\n  ""answer_2"": ""Beijing""\n}"	likely_gold_error	Gold 'Tokyo' is not the capital of the current most-populous country (China/India). All models answer Beijing.
bamboogle	google-gemini-2-5-pro	bamboogle_0064_647f7ea9	0	1	In what year was the tallest lighthouse completed?	1902	1990	1990	The gold answer is '1902' and the prediction is '1990'. Calendar dates/years must match exactly according to rule 2, and these do not match.	1	Both answers state the exact same year.	equivalent: 1\nreasoning: Both answers state the exact same year.	1990	"```json\n{\n  ""answer_1"": ""Jeddah Light"",\n  ""answer_2"": ""1990""\n}\n```"	likely_gold_error/outdated	All three models answer 1990; likely refers to the Jeddah Light (tallest lighthouse), completed in 1990. Gold year 1902 appears inconsistent with 'tallest'.
crag	google-gemini-2-5-pro	365b3655-6fc5-4731-a422-afeb3d4b3750	0	0	what company in the nasdaq brings in the most revenue?	walmart	Amazon	Amazon.com, Inc.	The prediction 'Amazon' contradicts the gold answer 'walmart' regarding the company with the most revenue in the NASDAQ.	1	"Amazon is a common alias for ""Amazon.com, Inc.""."	"equivalent: 1\nreasoning: ""Amazon"" is a common alias for ""Amazon.com, Inc.""."	Amazon	"```json\n{\n  ""answer_1"": ""Apple Inc.; Microsoft Corporation; Amazon.com, Inc.; Alphabet Inc.; Meta Platforms, Inc.; Tesla, Inc.; Nvidia Corporation"",\n  ""answer_2"": ""Amazon.com, Inc.""\n}\n```"	unclear_needs_manual_check	No strong offline signal; could be a genuine stable model error or a dataset/gold issue.
hotpotqa	google-gemini-2-5-pro	5a8f938a55429918e830d275	0	1	Approximately what percentage of the global population is made up of the ethnic group Princess Fragrant was produced to improve relations with?	17%	0.15%	0.15%	The gold answer is 17% and the prediction is 0.15%. The absolute difference is 16.85 percentage points, which is far outside the allowed 5.5 percentage-point window for naturally drifting values. These values are not numerically equivalent.	1	Both answers are identical.	equivalent: 1\nreasoning: Both answers are identical.	0.15%	"```json\n{\n  ""answer_1"": ""Uyghur"",\n  ""answer_2"": ""12,000,000"",\n  ""answer_3"": ""7,900,000,000"",\n  ""answer_4"": ""0.15%""\n}\n```"	likely_gold_error(numeric_scale)	Gold 17% vs frontier 0.15% suggests a major numeric scale error.
mintaka	google-gemini-2-5-pro	2b7aada8	0	1	Who was the US president when Lehman Brothers went bankrupt?	Barack Obama	George W. Bush	George W. Bush	The prediction 'George W. Bush' directly contradicts the gold answer 'Barack Obama' regarding the US president at the time of the Lehman Brothers bankruptcy.	1	The answers are identical.	equivalent: 1\nreasoning: The answers are identical.	answer:\nGeorge W. Bush	"intermediate_answers:\n{\n  ""answer_1"": ""2008-09-15"",\n  ""answer_2"": ""George W. Bush""\n}"	likely_gold_error	Lehman Brothers filed for bankruptcy in Sept 2008 during the George W. Bush administration; gold says Barack Obama.
bamboogle	google-gemini-2-5-pro	bamboogle_0081_cfd7f8b7	0	1	What is the official color of the third oldest surviving university?	Cambridge Blue	Yellow	Yellow	The prediction 'Yellow' directly contradicts the gold answer 'Cambridge Blue' regarding the official color.	1	Answer A provides the key fact (Yellow) along with extra, non-contradictory detail (University of Salamanca). The core fact requested by the question is present in both.	equivalent: 1\nreasoning: Answer A provides the key fact (Yellow) along with extra, non-contradictory detail (University of Salamanca). The core fact requested by the question is present in both.	Yellow	"```json\n{\n  ""intermediate_answers"": {\n    ""answer_1"": ""University of Salamanca"",\n    ""answer_2"": ""Yellow""\n  }\n}\n```"	unclear_needs_manual_check	No strong offline signal; could be a genuine stable model error or a dataset/gold issue.
crag	google-gemini-2-5-pro	79c07a6f-77a4-4f41-ad34-90804e609c2d	0	1	what is the elevation of the capital of nebraska?	366 m	1,176 ft	1,176 ft	The gold answer is 366 m. Converting this to feet gives approximately 1199.15 ft (366 * 3.28084). The prediction is 1176 ft. The absolute difference is |1199.15 - 1176| = 23.15 ft. The allowed tolerance is max(0.5, 1% of 1199.15) = 11.99 ft. Since 23.15 > 11.99, the values are not within the acceptable numeric tolerance.	1	Answer A contains extra, non-contradictory information (the name of the capital) but both answers provide the same key fact (elevation) requested by the question.	equivalent: 1\nreasoning: Answer A contains extra, non-contradictory information (the name of the capital) but both answers provide the same key fact (elevation) requested by the question.	answer:\n1,176 ft	"```json\n{\n  ""intermediate_answers"": {\n    ""answer_1"": ""Lincoln"",\n    ""answer_2"": ""1,176 ft""\n  }\n}\n```"	unclear_needs_manual_check	No strong offline signal; could be a genuine stable model error or a dataset/gold issue.
hotpotqa	google-gemini-2-5-pro	5ac3e8c65542997ea680c993	0	1	Are the New Orleans Outfall Canals the same length as the Augusta Canal?	yes	No	No	The gold answer states 'yes' (they are the same length), while the prediction states 'No', which is a direct contradiction.	1	"Both answers are ""No"", indicating agreement."	"equivalent: 1\nreasoning: Both answers are ""No"", indicating agreement."	answer:\nNo	"```json\n{\n  ""answer_1"": ""8 mi"",\n  ""answer_2"": ""13 mi"",\n  ""answer_3"": ""No""\n}\n```"	unclear/needs_verification	Gold says the canal lengths match; all models say no. Without checking the referenced canal definitions/lengths, this could be either a gold issue or a model mistake.
mintaka	google-gemini-2-5-pro	f6640eb4	0	1	What was the final major European battle of the war that primarily featured the man called Adolf Hitler?	Battle of the Bulge	Battle of Berlin	Battle of Berlin	The prediction 'Battle of Berlin' contradicts the gold answer 'Battle of the Bulge'. These are two distinct historical events.	1	The answers are identical.	equivalent: 1\nreasoning: The answers are identical.	answer:\nBattle of Berlin	"intermediate_answers:\n{\n  ""answer_1"": ""World War II"",\n  ""answer_2"": ""Battle of Berlin""\n}"	likely_gold_error	The final major European battle in WWII is commonly cited as the Battle of Berlin (models), not the Battle of the Bulge (gold).
bamboogle	google-gemini-2-5-pro	bamboogle_0067_c104c160	0	1	The third largest river (by discharge) in the world is in what countries?	India and Bangladesh	China	China	The gold answer specifies 'India and Bangladesh' as the countries, while the prediction states 'China'. These are different countries, leading to a contradiction.	1	Both answers are identical.	equivalent: 1\nreasoning: Both answers are identical.	China	"```json\n{\n  ""answer_1"": ""Yangtze River"",\n  ""answer_2"": ""China""\n}\n```"	unclear_needs_manual_check	No strong offline signal; could be a genuine stable model error or a dataset/gold issue.
crag	google-gemini-2-5-pro	df4e57f0-519e-4ce2-81c2-144985cf1a7b	1	1	when was meta's most recent vr headset released?	meta's most recent vr headset, the meta quest 3, was released on october 10, 2023.	2020-10-13	2020-10-13	The gold answer states the release date as October 10, 2023, while the prediction states 2020-10-13. The year (2023 vs 2020) and day (10 vs 13) are different, which constitutes a contradiction for calendar dates, as per rule 2.	1	Both answers provide the exact same date.	equivalent: 1\nreasoning: Both answers provide the exact same date.	2020-10-13	"```json\n{\n  ""answer_1"": ""Meta Quest 2"",\n  ""answer_2"": ""2020-10-13""\n}\n```"	time_dependent	Time-relative phrasing ('most recent'); gold likely tied to a specific snapshot.
hotpotqa	google-gemini-2-5-pro	5ae3dde35542992f92d823a4	0	1	 Benjamin Halfpenny was a footballer for a club that plays its home matches where?	Select Security Stadium	Aggborough Stadium	Aggborough Stadium	The prediction 'Aggborough Stadium' contradicts the gold answer 'Select Security Stadium'. These are two distinct stadium names.	1	Both answers are identical.	equivalent: 1\nreasoning: Both answers are identical.	answer:\nAggborough Stadium	"```json\n{\n  ""answer_1"": ""Kidderminster Harriers F.C."",\n  ""answer_2"": ""Aggborough Stadium""\n}\n```"	unclear_needs_manual_check	No strong offline signal; could be a genuine stable model error or a dataset/gold issue.
mintaka	google-gemini-2-5-pro	7c9fbf32	0	1	What is the tallest building in the capital of Texas?	The Independent	Sixth and Guadalupe	Sixth and Guadalupe	The prediction 'Sixth and Guadalupe' names a different building than the gold answer 'The Independent'. These are two distinct buildings in Austin, Texas, and the prediction contradicts the gold fact about which building is the tallest.	1	Both answers are identical.	equivalent: 1\nreasoning: Both answers are identical.	answer:\nSixth and Guadalupe	"```json\n{\n  ""answer_1"": ""Austin"",\n  ""answer_2"": ""Sixth and Guadalupe""\n}\n```"	outlier_vs_frontier_consensus	Other frontier models agree (2/3) on 'The Independent', while this model answers 'Sixth and Guadalupe'. Likely a model-specific stable error (or alias).
bamboogle	google-gemini-2-5-pro	bamboogle_0086_998cb1bd	0	1	Who was the father of the father of empiricism?	Sir Nicholas Bacon	John Locke	John Locke	The gold answer identifies Sir Nicholas Bacon as the father of Francis Bacon (the 'father of empiricism'). The prediction, John Locke, is a different individual and is incorrect in this context. John Locke is also a prominent empiricist, but not the father of Francis Bacon, nor is his father named John Locke.	1	Both answers are identical.	equivalent: 1\nreasoning: Both answers are identical.	answer:\nJohn Locke	"```json\n{\n  ""answer_1"": ""John Locke"",\n  ""answer_2"": ""John Locke""\n}\n```"	possible_gold_error_or_ambiguity	Frontier open-ended answers agree (2/3) on 'John Locke' vs gold; could be gold error/ambiguity or shared model misconception.
crag	google-gemini-2-5-pro	2a233422-8f6c-4f97-8509-ccc71afb3794	0	1	how old was leonardo dicaprio when he won best actor award?	leonardo was 42 years old in 2016 when he won best actor.	41	41	The gold answer states Leonardo DiCaprio was 42 years old, while the prediction states 41. The difference of 1 is outside the allowed numeric tolerance of max(0.5, 1% of 42 = 0.42), which is 0.5.	1	Answer A contains the key fact (age 41) requested by the question, along with extra detail (date of award) which does not contradict the age. Answer B provides only the key fact.	equivalent: 1\nreasoning: Answer A contains the key fact (age 41) requested by the question, along with extra detail (date of award) which does not contradict the age. Answer B provides only the key fact.	41	"```json\n{\n  ""intermediate_answers"": {\n    ""answer_1"": ""2016-02-28"",\n    ""answer_2"": ""41""\n  }\n}\n```"	numeric_boundary/age_definition	DiCaprio won Best Actor at the Feb 2016 ceremony; he was 41 then (turns 42 later in 2016). Gold hard-codes '42 in 2016', which is plausible only under a different age convention.
hotpotqa	google-gemini-2-5-pro	5addfe6c5542997dc790710e	1	1	"In what year was the creator of the current arrangement of the ""Simpson's Theme"" born?"	March 28, 1941	1953	1953	The gold answer specifies the birth year as 1941, while the prediction states 1953. These years are different and for calendar dates/years, an exact match is required (Rule 2).	1	Both answers state the same year.	equivalent: 1\nreasoning: Both answers state the same year.	1953	"```json\n{\n  ""answer_1"": ""Danny Elfman"",\n  ""answer_2"": ""1953""\n}\n```"	time_dependent	Time-relative phrasing ('current'); gold likely tied to a specific snapshot.
mintaka	google-gemini-2-5-pro	e79774c0	0	1	When was the director of Child's Play born?	25-Jan-63	1943-07-11	1943-07-11	The predicted birth date (July 11, 1943) contradicts the gold birth date (January 25, 1963). Calendar dates must match exactly.	1	Both answers provide the exact same date.	equivalent: 1\nreasoning: Both answers provide the exact same date.	answer:\n1943-07-11	"```json\n{\n  ""answer_1"": ""Tom Holland"",\n  ""answer_2"": ""1943-07-11""\n}\n```"	likely_gold_error	The original Child's Play (1988) director is Tom Holland (born 1943-07-11), matching all models. Gold date (1963) appears incorrect.
bamboogle	google-gemini-2-5-pro	bamboogle_0045_38628071	0	1	What was the death toll of the most intense Atlantic hurricane?	52	62	62	The gold answer is 52 and the prediction is 62. The absolute difference is 10. The allowed tolerance is max(0.5, 1% of 52) = max(0.5, 0.52) = 0.52. Since 10 is not less than or equal to 0.52, the prediction is outside the acceptable numeric tolerance.	1	Answer A contains extra information (the hurricane name) but provides the same key fact (death toll of 62) as Answer B, which directly answers the question.	equivalent: 1\nreasoning: Answer A contains extra information (the hurricane name) but provides the same key fact (death toll of 62) as Answer B, which directly answers the question.	62	"```json\n{\n  ""intermediate_answers"": {\n    ""answer_1"": ""Hurricane Wilma"",\n    ""answer_2"": ""62""\n  }\n}\n```"	possible_gold_typo_or_alias	Open answer '62' is very close to gold '52' (edit-distance 1); likely typo/alias/normalization issue.
crag	google-gemini-2-5-pro	7d6ebd01-2364-461c-8086-68c83ff90966	1	0	how long has the current president of the us been in power?	the current president of the us, joe biden, has been in power since 2020.	1 year, 8 months, 14 days	1 year, 257 days	API error: Expecting value: line 1 column 1 (char 0)	1	Both answers represent the same duration (1 year, 257 days is equivalent to 1 year, 8 months, 14 days when calculated from a specific start date like January 20, 2021, to October 4, 2022).	equivalent: 1\nreasoning: Both answers represent the same duration (1 year, 257 days is equivalent to 1 year, 8 months, 14 days when calculated from a specific start date like January 20, 2021, to October 4, 2022).	1 year, 8 months, 14 days	"```json\n{\n  ""answer_1"": ""Joe Biden"",\n  ""answer_2"": ""1 year, 257 days""\n}\n```"	time_dependent	Tenure length depends on the evaluation date; gold 'since 2020' is itself suspect (Biden took office Jan 2021), and models return a duration string tied to a specific date.
hotpotqa	google-gemini-2-5-pro	5ac3bf5e5542995ef918c20f	0	0	The Rossendale Free Press serves the town how far north of Manchester?	19 mi	27 km	17 mi	The gold answer is 19 miles. Converting 19 miles to kilometers gives approximately 30.58 km. The prediction is 27 km. The absolute difference is |30.58 - 27| = 3.58 km. The allowed tolerance is max(0.5, 1% of 30.58) = max(0.5, 0.3058) = 0.5 km. Since 3.58 km is greater than 0.5 km, the prediction is not within the acceptable numeric tolerance.	1	17 miles is approximately 27.36 km, which is within the allowed numeric tolerance of 27 km (|27.36 - 27| = 0.36, which is less than max(0.5, 1% of 27 = 0.27) = 0.5).	equivalent: 1\nreasoning: 17 miles is approximately 27.36 km, which is within the allowed numeric tolerance of 27 km (|27.36 - 27| = 0.36, which is less than max(0.5, 1% of 27 = 0.27) = 0.5).	answer:\n27 km	"```json\n{\n  ""answer_1"": ""Rossendale"",\n  ""answer_2"": ""17 mi""\n}\n```"	unclear_needs_manual_check	No strong offline signal; could be a genuine stable model error or a dataset/gold issue.
mintaka	google-gemini-2-5-pro	540c6b11	0	1	What is the tallest building in the country whose capital city is Kuala Lumpur?	Petronas Tower	Merdeka 118	Merdeka 118	The gold answer 'Petronas Tower' was formerly the tallest building in Malaysia. However, 'Merdeka 118' (the prediction) surpassed it upon its completion in 2022, becoming the current tallest building in Malaysia. Therefore, the prediction contradicts the gold fact by identifying a different, and currently correct, tallest building.	1	The answers are identical.	equivalent: 1\nreasoning: The answers are identical.	answer:\nMerdeka 118	"intermediate_answers:\n{\n  ""answer_1"": ""Malaysia"",\n  ""answer_2"": ""Merdeka 118""\n}"	likely_gold_outdated	Merdeka 118 is now taller than the Petronas Towers; gold likely reflects an older snapshot when Petronas was tallest.
bamboogle	google-gemini-2-5-pro	bamboogle_0116_082827a9	0	1	What is the nickname of the easternmost U.S. state?	Pine Tree State	The Last Frontier	The Last Frontier	The gold answer states the nickname is 'Pine Tree State' (for Maine, the easternmost state). The prediction states 'The Last Frontier', which is the nickname for Alaska. These are different and contradictory facts.	1	Both answers are identical.	equivalent: 1\nreasoning: Both answers are identical.	answer:\nThe Last Frontier	"```json\n{\n  ""answer_1"": ""Alaska"",\n  ""answer_2"": ""The Last Frontier""\n}\n```"	outlier_vs_frontier_consensus	Other frontier models agree (2/3) on 'The Pine Tree State', while this model answers 'The Last Frontier'. Likely a model-specific stable error (or alias).
crag	google-gemini-2-5-pro	b2541d0d-d31c-4ecb-8b79-2c1acbc056ac	0	0	what companies that have reached $1 trillion market cap were founded after 2000?	meta	Meta; Tesla	Meta Platforms; Tesla	API error: Expecting value: line 1 column 1 (char 0)	1	"Meta Platforms is an alias for ""Meta""; the lists contain the same unique items."	"equivalent: 1\nreasoning: ""Meta Platforms"" is an alias for ""Meta""; the lists contain the same unique items."	Meta; Tesla	"```json\n{\n  ""answer_1"": ""Apple; Microsoft; Amazon; Alphabet; Saudi Aramco; Meta Platforms; Tesla"",\n  ""answer_2"": ""Meta Platforms; Tesla""\n}\n```"	unclear_needs_manual_check	No strong offline signal; could be a genuine stable model error or a dataset/gold issue.
hotpotqa	google-gemini-2-5-pro	5ac3983a554299657fa290f5	0	1	At the 2011 census, what was he population of the city where Kerry Saxby-Junna was born?	6,960	16,506	16,506	The gold answer is 6,960 and the prediction is 16,506. These numbers are significantly different. For naturally drifting values like census counts, we compute 1 - |a - b| / max(|a|, |b|). Here, 1 - |6960 - 16506| / max(6960, 16506) = 1 - 9546 / 16506 = 1 - 0.578 = 0.422. This is far outside the allowed 1-5.5 percentage-point window for equivalence.	1	Both answers are identical numeric values.	equivalent: 1\nreasoning: Both answers are identical numeric values.	16,506	"```json\n{\n  ""answer_1"": ""Ballina"",\n  ""answer_2"": ""16,506""\n}\n```"	unclear_needs_manual_check	No strong offline signal; could be a genuine stable model error or a dataset/gold issue.
mintaka	google-gemini-2-5-pro	bc1f9c3f	0	0	Where was the lead guitarist of Guns N' Roses born?	Stoke-on-Trent, Staffordshire, England	London	Hampstead, London	The prediction 'London' contradicts the gold answer 'Stoke-on-Trent, Staffordshire, England' regarding the birthplace.	1	"Answer A provides a more specific location (Hampstead) which is within the broader location given in Answer B (London). This is allowed by the ""extra detail"" rule."	"equivalent: 1\nreasoning: Answer A provides a more specific location (Hampstead) which is within the broader location given in Answer B (London). This is allowed by the ""extra detail"" rule."	London	"```json\n{\n  ""answer_1"": ""Slash"",\n  ""answer_2"": ""Hampstead, London""\n}\n```"	likely_gold_error	Slash (Guns N' Roses lead guitarist) is widely cited as born in Hampstead, London. Gold cites Stoke-on-Trent.
bamboogle	google-gemini-2-5-pro	bamboogle_0095_fa23ed5f	0	0	What was the father of the last surviving Canadian father of Confederation?	Charles Tupper Sr.	Charles Tupper	Reverend Charles Tupper	The gold answer specifies 'Sr.' to distinguish the father from the son (who was the 'last surviving Canadian father of Confederation'). Omitting 'Sr.' makes the prediction ambiguous and potentially refers to the son, thus not communicating the same essential fact as the gold which clearly identifies the father.	1	"Answer A provides an additional title (""Reverend"") which is an extra detail but does not contradict or change the core identity of the person named in Answer B."	"equivalent: 1\nreasoning: Answer A provides an additional title (""Reverend"") which is an extra detail but does not contradict or change the core identity of the person named in Answer B."	Charles Tupper	"```json\n{\n  ""answer_1"": ""Sir Charles Tupper"",\n  ""answer_2"": ""Reverend Charles Tupper""\n}\n```"	unclear_needs_manual_check	No strong offline signal; could be a genuine stable model error or a dataset/gold issue.
crag	google-gemini-2-5-pro	e6fe70a3-61b9-4b6f-b953-9ec181806b7d	1	1	can you tell me the name of the actress who starred in the film that won the best picture oscar in 1993?	anna thomson	Frances Fisher	Frances Fisher	The gold answer states 'anna thomson' and the prediction states 'Frances Fisher'. These are two distinct names, and therefore the prediction does not communicate the same essential fact as the gold answer. They contradict each other on the identity of the actress.	1	Both answers are identical.	equivalent: 1\nreasoning: Both answers are identical.	answer:\nFrances Fisher	"```json\n{\n  ""answer_1"": ""Unforgiven"",\n  ""answer_2"": ""Frances Fisher""\n}\n```"	ambiguous_year_reference	'Best picture oscar in 1993' is ambiguous (ceremony year vs film year). Models answer Frances Fisher (fits one interpretation); gold gives Anna Thomson.
hotpotqa	google-gemini-2-5-pro	5a7272eb5542997f827839d7	0	1	How old is the female main protagonist of Catching Fire?	16-year-old	17	17	The gold answer states the protagonist is 16 years old, while the prediction states 17. This is a numerical contradiction outside the allowed tolerance (|17 - 16| = 1, which is greater than max(0.5, 1% of 16) = 0.5).	1	Both answers state the same age.	equivalent: 1\nreasoning: Both answers state the same age.	17	"```json\n{\n  ""answer_1"": ""Katniss Everdeen"",\n  ""answer_2"": ""17""\n}\n```"	likely_gold_error	Katniss Everdeen is typically 17 in Catching Fire. Gold says 16, which may conflate with The Hunger Games (book 1).
mintaka	google-gemini-2-5-pro	f1a5e729	0	1	How many kids does the lead actress of Emma have?	2	0	0	The gold answer states 2 kids, while the prediction states 0 kids. The numerical difference (2) exceeds the allowed tolerance of max(0.5, 1% of 2) = 0.5.	1	Both answers state the same numerical value.	equivalent: 1\nreasoning: Both answers state the same numerical value.	0	"```json\n{\n  ""answer_1"": ""Anya Taylor-Joy"",\n  ""answer_2"": ""0""\n}\n```"	outlier_vs_frontier_consensus	Other frontier models agree (2/3) on '2', while this model answers '0'. Likely a model-specific stable error (or alias).
crag	google-gemini-2-5-pro	7218f2f9-fc44-4ead-bf4d-00acc20aa5d6	0	1	what is the revenue of frito-lay's parent company?	$91.47 billion	$79.47 billion	$79.47 billion	The gold revenue is $91.47 billion and the prediction is $79.47 billion. The absolute difference is $12 billion, which is approximately 13.12% of the gold value. This falls outside the allowed 1-5.5 percentage-point window for naturally drifting values like revenue, making the prediction incorrect.	1	Both answers are identical.	equivalent: 1\nreasoning: Both answers are identical.	$79.47 billion	"```json\n{\n  ""answer_1"": ""PepsiCo"",\n  ""answer_2"": ""$79.47 billion""\n}\n```"	possible_gold_error_or_ambiguity	Frontier open-ended answers agree (2/3) on '$79.47 billion' vs gold; could be gold error/ambiguity or shared model misconception.
hotpotqa	google-gemini-2-5-pro	5ac2423755429951e9e684ff	0	0	According to the 2006 census what is the population of the city in which James Iroha Uchechukwu was born ?	722,664	531,340	534,265	The prediction (531,340) is a numerical value representing a census count. The gold answer is 722,664. The percentage difference between the two values is approximately 26.47% (calculated as |722,664 - 531,340| / 722,664 * 100%). This difference exceeds the allowed 5.5 percentage-point window for naturally drifting values like census counts, making the prediction incorrect.	1	The percentage difference between the two population figures (0.547%) is within the 5.5% tolerance allowed for values that naturally drift over time (like census counts) as per Rule 2.	equivalent: 1\nreasoning: The percentage difference between the two population figures (0.547%) is within the 5.5% tolerance allowed for values that naturally drift over time (like census counts) as per Rule 2.	531,340	"```json\n{\n  ""answer_1"": ""Aba"",\n  ""answer_2"": ""534,265""\n}\n```"	unclear_needs_manual_check	No strong offline signal; could be a genuine stable model error or a dataset/gold issue.
mintaka	google-gemini-2-5-pro	88c5cc4f	1	1	How old is the current manager of Barcelona FC?	58	42	42	The prediction '42' is numerically different from the gold '58'. The absolute difference (16) and percentage difference (27.58%) are well outside the allowed tolerance of max(0.5, 1% of 58 = 0.58).	1	Both answers are identical.	equivalent: 1\nreasoning: Both answers are identical.	42	"```json\n{\n  ""answer_1"": ""Xavi Hernández"",\n  ""answer_2"": ""42""\n}\n```"	time_dependent	Barcelona’s manager and their age changes over time. Models answer 42 (consistent with Xavi’s age at some snapshot), while gold gives 58 (different coach or different snapshot).
crag	google-gemini-2-5-pro	fde0f884-56cb-47c6-a15a-056eb02cfa4b	0	1	when did drake release their most popular album?	drake's most popular album, take care, released in 2011.	2016-04-29	2016-04-29	The gold answer states the album was released in 2011, while the prediction states 2016, which is a direct contradiction regarding the year of release.	1	Both answers provide the exact same date.	equivalent: 1\nreasoning: Both answers provide the exact same date.	2016-04-29	"```json\n{\n  ""answer_1"": ""Views"",\n  ""answer_2"": ""2016-04-29""\n}\n```"	ambiguous_definition(popularity)	'Most popular album' is subjective (streams vs sales vs critical). Gold picks Take Care (2011) while models pick Views (2016). Both can be defended under different metrics.
hotpotqa	google-gemini-2-5-pro	5ab7ecea55429928e1fe3938	0	1	This American actress, singer, and songwriters film roles include a road-comedy-adventure film released by who?	Walt Disney Pictures	Paramount Pictures	Paramount Pictures	The prediction 'Paramount Pictures' directly contradicts the gold answer 'Walt Disney Pictures' as they are different film studios.	1	Both answers are identical.	equivalent: 1\nreasoning: Both answers are identical.	Paramount Pictures	"```json\n{\n  ""answer_1"": ""Britney Spears"",\n  ""answer_2"": ""Crossroads"",\n  ""answer_3"": ""Paramount Pictures""\n}\n```"	unclear_needs_manual_check	No strong offline signal; could be a genuine stable model error or a dataset/gold issue.
mintaka	google-gemini-2-5-pro	2652ec2b	0	1	Which award did the first puzzle game by Fireproof Games win at the British Academy Video Games Awards?	British Academy Games Award for Best Game	British Game	British Game	The prediction 'British Game' is an incomplete and overly generic answer compared to the gold 'British Academy Games Award for Best Game'. It omits the crucial 'Academy Games Award for Best' part, which specifies the nature of the award.	1	Both answers are identical.	equivalent: 1\nreasoning: Both answers are identical.	answer:\nBritish Game	"```json\n{\n  ""answer_1"": ""The Room"",\n  ""answer_2"": ""British Game""\n}\n```"	possible_gold_error_or_ambiguity	Frontier open-ended answers agree (2/3) on 'British Game' vs gold; could be gold error/ambiguity or shared model misconception.
crag	google-gemini-2-5-pro	bd5325a3-6ba0-4088-a1a2-4a80ce096335	1	1	who was the goalkeeper of the team that won the fifa world cup last year?	martinez, who plays for argentina, was the goalkeeper of the team that won the fifa world cup last year.	Hugo Lloris	Hugo Lloris	The gold answer identifies 'Martinez' (Emiliano Martínez) as the goalkeeper, while the prediction states 'Hugo Lloris'. These are different individuals, and Hugo Lloris was the goalkeeper for the *runner-up* team (France), not the winning team (Argentina). Therefore, the prediction contradicts the gold fact.	1	Both answers are identical.	equivalent: 1\nreasoning: Both answers are identical.	answer:\nHugo Lloris	"```json\n{\n  ""intermediate_answers"": {\n    ""answer_1"": ""France"",\n    ""answer_2"": ""Hugo Lloris""\n  }\n}\n```"	time_dependent	Time-relative phrasing ('last year'); gold likely tied to a specific snapshot.
hotpotqa	google-gemini-2-5-pro	5a874fd15542996432c57260	0	1	What was the film debut of the actress who starred in Pandemonium?	Divorce American Style	Carnal Knowledge	Carnal Knowledge	The prediction 'Carnal Knowledge' contradicts the gold answer 'Divorce American Style' regarding the film debut.	1	Both answers are identical.	equivalent: 1\nreasoning: Both answers are identical.	Carnal Knowledge	"```json\n{\n  ""answer_1"": ""Carol Kane"",\n  ""answer_2"": ""Carnal Knowledge""\n}\n```"	likely_gold_error	All frontier models answer Carnal Knowledge while gold gives Divorce American Style; likely a gold mistake for the actress’s film debut (verify the actress in Pandemonium).
mintaka	google-gemini-2-5-pro	aa423d1a	0	1	When was the oldest parliament in world history established?	930 BC	930	930	The gold answer specifies '930 BC', while the prediction only states '930'. For calendar dates and years, an exact match is required, and the 'BC' designation is a critical part of the date.	1	The answers are identical.	equivalent: 1\nreasoning: The answers are identical.	930	"intermediate_answers:\n{\n  ""answer_1"": ""Althing"",\n  ""answer_2"": ""930""\n}"	likely_gold_error(BC_vs_AD)	The value '930' likely refers to 930 AD (e.g., Althing), while gold says 930 BC. This looks like a BC/AD labeling error.
crag	google-gemini-2-5-pro	c47ece5d-49ba-4ee2-ba5e-cfee323dbec0	0	1	who was the first actor to play the role of a comic book hero in a live-action movie?	warren hall was the first actor to play the role of a superhero in a live-action movie, in his iconic portrayal of mandrake the magician in 1939, directed by norman deming and sam nelson.	Tom Tyler	Tom Tyler	The gold answer identifies 'Warren Hall' as the first actor, while the prediction states 'Tom Tyler'. These are different names, leading to a contradiction on the core fact.	1	Both answers are identical.	equivalent: 1\nreasoning: Both answers are identical.	answer:\nTom Tyler	"```json\n{\n  ""answer_1"": ""Adventures of Captain Marvel"",\n  ""answer_2"": ""Tom Tyler""\n}\n```"	ambiguous_definition(comic_book_vs_comic_strip)	Gold cites a comic-strip character (Mandrake, 1939) while models cite Tom Tyler (comic-book superhero serial). Depends on whether 'comic book hero' includes comic strips / superheroes only.
hotpotqa	google-gemini-2-5-pro	5a812fce55429926c1cdad02	0	0	The first person to interpret Relational quantum mechanics has worked in what countries? 	Italy, the United States and since 2000, in France	Italy; USA; France; Canada	Italy; United States; France	The prediction includes 'Canada' which is not present in the gold answer, thus adding an incorrect country to the list and contradicting the gold's implied completeness.	1	"Answer A is a subset of Answer B, and there is no contradiction. ""United States"" and ""USA"" are equivalent."	"equivalent: 1\nreasoning: Answer A is a subset of Answer B, and there is no contradiction. ""United States"" and ""USA"" are equivalent."	Italy; USA; France; Canada	"```json\n{\n  ""answer_1"": ""Carlo Rovelli"",\n  ""answer_2"": ""Italy; United States; France""\n}\n```"	unclear_needs_manual_check	No strong offline signal; could be a genuine stable model error or a dataset/gold issue.
mintaka	google-gemini-2-5-pro	852d9a1a	0	0	"How tall is the singer of ""Ridin Dirty""?"	"5'10"""	"6' 0"""	6 ft 2 in	"The gold answer is 5'10"" (70 inches) and the prediction is 6'0"" (72 inches). The absolute difference is 2 inches. The allowed tolerance is max(0.5, 1% of 70 inches) = max(0.5, 0.7) = 0.7 inches. Since 2 inches is greater than 0.7 inches, the prediction is outside the acceptable numeric tolerance."	1	Feet–inches notation normalization; same height.	equivalent: 1\nreasoning: Feet–inches notation normalization; same height.	"6' 0"""	"intermediate_answers:\n{\n  ""answer_1"": ""Chamillionaire"",\n  ""answer_2"": ""6 ft 2 in""\n}"	possible_gold_typo_or_alias	"Open answer '6' 0""' is very close to gold '5'10""' (edit-distance 2); likely typo/alias/normalization issue."
crag	google-gemini-2-5-pro	27f2284d-0d87-46c6-a0a1-e46135a3fc67	0	1	when did the most expensive action movie come out?	the most expensive action movie ever produced, star wars: the force awakens, came out in 2015.	2011-05-20	2011-05-20	The gold answer states the movie came out in 2015, while the prediction gives 2011-05-20. The years do not match, and calendar dates/years must match exactly.	1	Both answers provide the exact same calendar date.	equivalent: 1\nreasoning: Both answers provide the exact same calendar date.	answer:\n2011-05-20	"```json\n{\n  ""answer_1"": ""Pirates of the Caribbean: On Stranger Tides"",\n  ""answer_2"": ""2011-05-20""\n}\n```"	ambiguous_definition	'Most expensive action movie' varies by list (budget accounting, genre). Models converge on a May 2011 release date (likely a specific blockbuster), while gold names a different film/year.
hotpotqa	google-gemini-2-5-pro	5addc8765542997dc7907022	0	1	The plaintiff in the civil suit Paul v. Clinton was born in which year ?	1948	1966	1966	The gold answer states the birth year is 1948, while the prediction states 1966. These are different years and for calendar dates/years, an exact match is required, leading to a contradiction.	1	Both answers state the same year.	equivalent: 1\nreasoning: Both answers state the same year.	answer:\n1966	"```json\n{\n  ""answer_1"": ""Paula Jones"",\n  ""answer_2"": ""1966""\n}\n```"	possible_gold_error_or_ambiguity	Frontier open-ended answers agree (2/3) on '1966' vs gold; could be gold error/ambiguity or shared model misconception.
mintaka	google-gemini-2-5-pro	aad2514e	1	1	How many children does the current manager of the Los Angeles Lakers have?	2	3	3	The gold answer is '2' and the prediction is '3'. The absolute difference is 1, which exceeds the allowed numerical tolerance of max(0.5, 1% of 2) = 0.5. Therefore, the prediction contradicts the gold fact.	1	Both answers state the same number.	equivalent: 1\nreasoning: Both answers state the same number.	3	"```json\n{\n  ""answer_1"": ""Darvin Ham"",\n  ""answer_2"": ""3""\n}\n```"	time_dependent	Time-relative phrasing ('current'); gold likely tied to a specific snapshot.
crag	google-gemini-2-5-pro	3e6f239d-0354-4867-99ef-9542db6a83c8	1	1	what team does the player who threw the most interceptions last year play for?	the player who threw the most interceptions last year, sam howell, plays for the washington commanders.	Jacksonville Jaguars; Los Angeles Rams	Jacksonville Jaguars; Los Angeles Rams	The gold answer states the player plays for the 'Washington Commanders', while the prediction lists 'Jacksonville Jaguars' and 'Los Angeles Rams'. These teams do not match the gold answer.	1	Both answers are identical lists of teams.	equivalent: 1\nreasoning: Both answers are identical lists of teams.	Jacksonville Jaguars; Los Angeles Rams	"```json\n{\n  ""intermediate_answers"": {\n    ""answer_1"": ""Trevor Lawrence; Matthew Stafford"",\n    ""answer_2"": ""Jacksonville Jaguars; Los Angeles Rams""\n  }\n}\n```"	time_dependent	'Last year' depends on the evaluation year; model answers point to a different season/player than gold.
hotpotqa	google-gemini-2-5-pro	5a72d98f5542992359bc31ac	0	1	Torrens Bridge railway station was located east of a park named after who?	Sir John Langdon Bonython	Sir Thomas Elder	Sir Thomas Elder	The prediction 'Sir Thomas Elder' contradicts the gold answer 'Sir John Langdon Bonython'. These are two distinct individuals.	1	Both answers are identical.	equivalent: 1\nreasoning: Both answers are identical.	Sir Thomas Elder	"```json\n{\n  ""answer_1"": ""Elder Park"",\n  ""answer_2"": ""Sir Thomas Elder""\n}\n```"	unclear_needs_manual_check	No strong offline signal; could be a genuine stable model error or a dataset/gold issue.
mintaka	google-gemini-2-5-pro	513f3181	0	1	What is the oldest monument in the capital of France?	Arenes de Lutece	Luxor Obelisk	Luxor Obelisk	The prediction 'Luxor Obelisk' names a different monument than the gold answer 'Arenes de Lutece', directly contradicting the gold fact about the oldest monument.	1	Both answers are identical.	equivalent: 1\nreasoning: Both answers are identical.	Luxor Obelisk	"```json\n{\n  ""answer_1"": ""Paris"",\n  ""answer_2"": ""Luxor Obelisk""\n}\n```"	possible_gold_error_or_ambiguity	Frontier open-ended answers agree (2/3) on 'Luxor Obelisk' vs gold; could be gold error/ambiguity or shared model misconception.
crag	google-gemini-2-5-pro	0531f5e7-d6ac-4c45-be32-5e530f83835b	1	1	what's the most recent album from the founder of ysl records?	business is business	Punk	Punk	The prediction 'Punk' is a different album title than the gold answer 'business is business'. There is no equivalence or normalization that makes them the same.	1	Both answers are identical.	equivalent: 1\nreasoning: Both answers are identical.	Punk	"```json\n{\n  ""answer_1"": ""Young Thug"",\n  ""answer_2"": ""Punk""\n}\n```"	time_dependent	Time-relative phrasing ('most recent'); gold likely tied to a specific snapshot.
hotpotqa	google-gemini-2-5-pro	5a80b23a5542992bc0c4a7b2	0	1	Ted Sutton plays Sergeant Cunningham in a2002 film that stars Mel Gibson as what character?	Graham Hess	Lt. Col. Hal Moore	Lt. Col. Hal Moore	The prediction 'Lt. Col. Hal Moore' contradicts the gold answer 'Graham Hess' regarding the character Mel Gibson played. 'Graham Hess' is the character Mel Gibson played in 'Signs' (2002), while 'Lt. Col. Hal Moore' is the character he played in 'We Were Soldiers' (2002).	1	Both answers are identical.	equivalent: 1\nreasoning: Both answers are identical.	answer:\nLt. Col. Hal Moore	"```json\n{\n  ""answer_1"": ""We Were Soldiers"",\n  ""answer_2"": ""Lt. Col. Hal Moore""\n}\n```"	unclear_needs_manual_check	No strong offline signal; could be a genuine stable model error or a dataset/gold issue.
mintaka	google-gemini-2-5-pro	9d4dccb3	0	1	"Where did the rapper in the song ""I am different"" graduate college from?"	Virginia State University	Alabama State University	Alabama State University	The prediction names 'Alabama State University' which directly contradicts the gold answer 'Virginia State University'. These are distinct entities.	1	The answers are identical.	equivalent: 1\nreasoning: The answers are identical.	Alabama State University	"intermediate_answers:\n{\n  ""answer_1"": ""2 Chainz"",\n  ""answer_2"": ""Alabama State University""\n}"	likely_gold_error	"The song ""I’m Different"" is commonly associated with 2 Chainz, who attended Alabama State University; models align on Alabama State while gold says Virginia State."
crag	google-gemini-2-5-pro	0512b2a6-b900-4454-8613-512e65b1913e	1	1	who was the top scorer in the women's world cup last year?	miyazawa hinata	Megan Rapinoe; Alex Morgan; Ellen White	Megan Rapinoe; Alex Morgan; Ellen White	The prediction lists 'Megan Rapinoe; Alex Morgan; Ellen White' as top scorers, which does not match the gold answer 'miyazawa hinata'. The gold answer is a single name, and none of the names in the prediction are equivalent to the gold answer.	1	Both answers are identical, listing the same names in the same order.	equivalent: 1\nreasoning: Both answers are identical, listing the same names in the same order.	Megan Rapinoe; Alex Morgan; Ellen White	"```json\n{\n  ""answer_1"": ""2019"",\n  ""answer_2"": ""Megan Rapinoe; Alex Morgan; Ellen White""\n}\n```"	time_dependent	Time-relative phrasing ('last year'); gold likely tied to a specific snapshot.
hotpotqa	google-gemini-2-5-pro	5ab345db55429969a97a8122	0	1	Which state does the drug stores, of which the CEO is Warren Bryant, are located?	Hawaii	California	California	The prediction 'California' directly contradicts the gold answer 'Hawaii' regarding the state where the drug stores are located.	1	Both answers are identical.	equivalent: 1\nreasoning: Both answers are identical.	California	"```json\n{\n  ""answer_1"": ""Longs Drugs"",\n  ""answer_2"": ""California""\n}\n```"	unclear/needs_verification	Entity linkage ('drug stores' with CEO Warren Bryant) is unclear from the question alone; models answer California vs gold Hawaii.
mintaka	google-gemini-2-5-pro	e6f29b34	0	1	Where was the last queen of Egypt born?	Greece	Alexandria	Alexandria	The gold answer states the last queen of Egypt was born in 'Greece', while the prediction states 'Alexandria'. These are different locations, leading to a contradiction.	1	The answers are identical.	equivalent: 1\nreasoning: The answers are identical.	answer:\nAlexandria	"intermediate_answers:\n{\n  ""answer_1"": ""Cleopatra"",\n  ""answer_2"": ""Alexandria""\n}"	likely_gold_error	Cleopatra VII is widely cited as born in Alexandria (Egypt). Gold 'Greece' appears to conflate ancestry/origin with birthplace.
crag	google-gemini-2-5-pro	41dea43b-d187-4844-b33a-a46e3879dd96	1	1	how many locations were filmed in the bourne movie released in 2004?	the bourne supremacy was shot in 4 locations moscow, russia; berlin, germany; goa, india; and new york city, new york, usa.	5	5	The gold answer explicitly states '4 locations', while the prediction states '5', which is a direct contradiction of the numerical fact.	1	Both answers state the same numerical value.	equivalent: 1\nreasoning: Both answers state the same numerical value.	5	"```json\n{\n  ""answer_1"": ""The Bourne Supremacy"",\n  ""answer_2"": ""5""\n}\n```"	possible_gold_error_or_ambiguity	Frontier open-ended answers agree (2/3) on '5' vs gold; could be gold error/ambiguity or shared model misconception.
hotpotqa	google-gemini-2-5-pro	5a846f395542990548d0b2b8	0	1	What actor portrayed a character in a television series about a fictional race of superhumans appearing in American comic books published by Marvel Comics?	"Kenneth ""Ken"" Leung"	Anson Mount	Anson Mount	"The gold answer specifies 'Kenneth ""Ken"" Leung' while the prediction provides 'Anson Mount'. These are two different actors. Although both actors portrayed characters in the Marvel series 'Inhumans' (which fits the description), the prediction does not match the specific actor provided in the gold answer."	1	Both answers are identical.	equivalent: 1\nreasoning: Both answers are identical.	Anson Mount	"```json\n{\n  ""answer_1"": ""Inhumans"",\n  ""answer_2"": ""Black Bolt"",\n  ""answer_3"": ""Anson Mount""\n}\n```"	possible_gold_error_or_ambiguity	Frontier open-ended answers agree (2/3) on 'Anson Mount' vs gold; could be gold error/ambiguity or shared model misconception.
mintaka	google-gemini-2-5-pro	4b066327	0	1	How old was John Lennon when The Beatles formed?	16	19	19	The gold answer is 16, and the prediction is 19. The absolute difference is 3, which is outside the allowed numeric tolerance of max(0.5, 1% of 16 = 0.16).	1	Both answers are identical.	equivalent: 1\nreasoning: Both answers are identical.	19	"```json\n{\n  ""answer_1"": ""1960"",\n  ""answer_2"": ""19""\n}\n```"	ambiguous_event_definition	19 aligns with 1960 (Beatles formation era) given Lennon’s 1940 birth. Gold 16 may instead correspond to the Quarrymen/earlier pre-Beatles formation.
crag	google-gemini-2-5-pro	5a55dd6b-371b-4daa-a2a2-7df503885d21	1	1	how far did last year's west coast conference champion go in the postseason?	gonzaga, last year's west coast conference champion, made it to the elite 8 in the ncaa tournament.	Sweet Sixteen	Sweet Sixteen	The gold answer states the team made it to the 'Elite 8', while the prediction states 'Sweet Sixteen'. These are different stages in a tournament, making the prediction a contradiction of the gold fact.	1	Both answers are identical.	equivalent: 1\nreasoning: Both answers are identical.	Sweet Sixteen	"```json\n{\n  ""intermediate_answers"": {\n    ""answer_1"": ""Gonzaga Bulldogs"",\n    ""answer_2"": ""Sweet Sixteen""\n  }\n}\n```"	time_dependent	Conference champions and tournament exits vary by year. 'Last year' makes this unstable; gold and models reflect different seasons.
hotpotqa	google-gemini-2-5-pro	5a74a3bd55429979e28829da	0	1	Who invented the type of script used in autographs?	the Sumerians	Niccolò de' Niccoli	Niccolò de' Niccoli	The gold answer states 'the Sumerians' invented the script, while the prediction states 'Niccolò de' Niccoli'. These are two distinct and contradictory answers for the inventor.	1	Both answers are identical.	equivalent: 1\nreasoning: Both answers are identical.	Niccolò de' Niccoli	"```json\n{\n  ""answer_1"": ""Cursive script"",\n  ""answer_2"": ""Niccolò de' Niccoli""\n}\n```"	unclear_needs_manual_check	No strong offline signal; could be a genuine stable model error or a dataset/gold issue.
mintaka	google-gemini-2-5-pro	9ac70118	0	0	How old was the youngest U.S. president when he died?	46	60		The prediction '60' is numerically different from the gold answer '46'. The difference (14) is outside the allowed numeric tolerance for ages, which is 1-5.5 percentage points. 14/46 is approximately 30.4%, which is well outside the tolerance.	1	The answers are identical.	equivalent: 1\nreasoning: The answers are identical.	60	"```json\n""intermediate_answers"": {\n  ""answer_1"": ""The"	possible_gold_error_or_ambiguity	Frontier open-ended answers agree (2/3) on '60' vs gold; could be gold error/ambiguity or shared model misconception.
crag	google-gemini-2-5-pro	ba92e6b9-fcd3-4ff7-899a-fe59dbb2c8db	0	1	what weight class is the ufc number one men's pound for pound fighter in?	islam makhachev, the number one men's pound for pound fighter in the ufc, fights at lightweight.	Featherweight	Featherweight	The gold answer states the fighter is in 'lightweight', while the prediction states 'Featherweight'. These are different weight classes, leading to a contradiction.	1	Both answers are identical.	equivalent: 1\nreasoning: Both answers are identical.	answer:\nFeatherweight	"```json\n{\n  ""intermediate_answers"": {\n    ""answer_1"": ""Alexander Volkanovski"",\n    ""answer_2"": ""Featherweight""\n  }\n}\n```"	time_dependent	UFC pound-for-pound #1 changes across updates (e.g., Makhachev vs Volkanovski), which also changes the weight class. Models answer Featherweight while gold anchors Lightweight.
hotpotqa	google-gemini-2-5-pro	5ae27edc5542992decbdcd2d	0	1	Jake David Shapiro was best know for being the screenwriter of a film directed by who?	Roger Christian	Mel Brooks	Mel Brooks	The gold answer states the director was 'Roger Christian', while the prediction states 'Mel Brooks'. These are two different individuals, leading to a contradiction.	1	Both answers are identical.	equivalent: 1\nreasoning: Both answers are identical.	Mel Brooks	"```json\n{\n  ""answer_1"": ""Robin Hood: Men in Tights"",\n  ""answer_2"": ""Mel Brooks""\n}\n```"	unclear_needs_manual_check	No strong offline signal; could be a genuine stable model error or a dataset/gold issue.
mintaka	google-gemini-2-5-pro	249c69f3	0	1	Who was the wife of the 21st president?	Eliza Johnson	Ellen Lewis Herndon Arthur	Ellen Lewis Herndon Arthur	The prediction 'Ellen Lewis Herndon Arthur' is a different name from the gold answer 'Eliza Johnson'. Therefore, the prediction does not communicate the same essential fact as the gold answer.	1	Both answers are identical.	equivalent: 1\nreasoning: Both answers are identical.	answer:\nEllen Lewis Herndon Arthur	"```json\n{\n  ""answer_1"": ""Chester A. Arthur"",\n  ""answer_2"": ""Ellen Lewis Herndon Arthur""\n}\n```"	likely_gold_error	21st US president is Chester A. Arthur; his wife was Ellen Lewis Herndon Arthur (models). Gold gives Eliza Johnson (Andrew Johnson’s wife).
crag	google-gemini-2-5-pro	90d5a2d9-2973-4e6b-affe-76af6c7d943e	1	1	what's the most recent album from the puerto rican artist that's been in wwe?	nadie sabe lo que va a pasar mañana	Un Verano Sin Ti	Un Verano Sin Ti	The prediction 'Un Verano Sin Ti' is a different album title than the gold answer 'nadie sabe lo que va a pasar mañana'. They are not equivalent.	1	Both answers are identical.	equivalent: 1\nreasoning: Both answers are identical.	Un Verano Sin Ti	"```json\n{\n  ""answer_1"": ""Bad Bunny"",\n  ""answer_2"": ""Un Verano Sin Ti""\n}\n```"	time_dependent	Time-relative phrasing ('most recent'); gold likely tied to a specific snapshot.
hotpotqa	google-gemini-2-5-pro	5abd7ca05542993062266cab	0	1	Where is the company that purchased Aixam based in?	Roseau, Minnesota, USA	Medina, Minnesota	Medina, Minnesota	The prediction states 'Medina, Minnesota' while the gold answer specifies 'Roseau, Minnesota, USA'. The cities (Medina vs. Roseau) are different, leading to a contradiction on the specific location.	1	Both answers are identical.	equivalent: 1\nreasoning: Both answers are identical.	Medina, Minnesota	"```json\n{\n  ""answer_1"": ""Polaris Inc."",\n  ""answer_2"": ""Medina, Minnesota""\n}\n```"	ambiguous_location(HQ_vs_facility)	Gold Roseau, MN vs models Medina, MN suggests a 'headquarters vs operations' mismatch (Medina is a common HQ location for large MN firms).
mintaka	google-gemini-2-5-pro	863655c5	0	0	"What is the population of the country where the ""Spanish Steps"" are located?"	4.2 million	59,037,474	58983122	The gold answer is 4.2 million (4,200,000) and the prediction is 59,037,474. These values are significantly different and fall outside the allowed numeric tolerance for naturally drifting values (1-5.5 percentage-point window). The absolute difference is 54,837,474, which is much larger than 1% of the gold value (42,000).	1	Numeric values for population are within the 5.5 percentage-point tolerance for values that drift over time. (0.09% difference)	equivalent: 1\nreasoning: Numeric values for population are within the 5.5 percentage-point tolerance for values that drift over time. (0.09% difference)	answer:\n59,037,474	"```json\n{\n  ""answer_1"": ""Italy"",\n  ""answer_2"": ""58983122""\n}\n```"	likely_gold_error(scope_mismatch)	Spanish Steps are in Italy; models give Italy’s population (~60M). Gold 4.2M matches a city-scale value (Rome) rather than the country.
crag	google-gemini-2-5-pro	470ed1c7-8a71-4c0c-9be8-bb1fe82ce59f	0	1	what is the elevation of the capital of ohio?	238 m	902 ft	902 ft	The gold answer is 238 m. Converting this to feet: 238 m * 3.28084 ft/m = 780.84 ft. The prediction is 902 ft. The difference between 902 ft and 780.84 ft is 121.16 ft. The allowed tolerance is max(0.5, 1% of 780.84) = 7.81 ft. Since 121.16 ft is greater than 7.81 ft, the prediction is outside the acceptable numeric tolerance.	1	Answer A provides extra detail (the name of the capital) which is consistent with the question and does not contradict the core fact (the elevation). Both answers state the elevation as 902 ft.	equivalent: 1\nreasoning: Answer A provides extra detail (the name of the capital) which is consistent with the question and does not contradict the core fact (the elevation). Both answers state the elevation as 902 ft.	answer:\n902 ft	"```json\n{\n  ""intermediate_answers"": {\n    ""answer_1"": ""Columbus"",\n    ""answer_2"": ""902 ft""\n  }\n}\n```"	possible_gold_error_or_ambiguity	Frontier open-ended answers agree (2/3) on '902 ft' vs gold; could be gold error/ambiguity or shared model misconception.
hotpotqa	google-gemini-2-5-pro	5a82171f5542990a1d231f4a	0	0	 What nationality was James Henry Miller's wife?	American	English; American	American	The gold answer states the nationality was 'American'. The prediction includes 'American' but also adds 'English'. If the gold answer 'American' is the complete and correct nationality, then adding 'English' is a contradiction or an incorrect additional fact, as it implies another nationality that is not supported by the gold. Rule 7 states that if any part of the prediction contradicts the gold fact on the same detail, it is incorrect.	1	Answer A matches one of the alternatives in Answer B (American).	equivalent: 1\nreasoning: Answer A matches one of the alternatives in Answer B (American).	English; American	"```json\n{\n  ""answer_1"": ""Peggy Seeger"",\n  ""answer_2"": ""American""\n}\n```"	unclear_needs_manual_check	No strong offline signal; could be a genuine stable model error or a dataset/gold issue.
mintaka	google-gemini-2-5-pro	13cd720a	0	1	What is the capital of the largest country in Europe?	Paris	Moscow	Moscow	The gold answer states the capital is 'Paris', while the prediction states it is 'Moscow'. These are two different cities, leading to a direct contradiction.	1	The two answers are identical.	equivalent: 1\nreasoning: The two answers are identical.	answer:\nMoscow	"intermediate_answers:\n{\n  ""answer_1"": ""Russia"",\n  ""answer_2"": ""Moscow""\n}"	ambiguous_scope(Europe_vs_EU)	If interpreted as Europe (continent), largest country is Russia → capital Moscow (models). Gold Paris may reflect largest EU country (France) or another scope.
crag	google-gemini-2-5-pro	d5124253-4271-40b5-986b-dd3021ab828e	1	1	who was the winner of the wimbledon women's singles tournament this year?	marketa vondrousova, who is coached by jiri hrebec and jan hernych, won the wimbledon women's singles tournament this year.	Elena Rybakina	Elena Rybakina	The gold answer states the winner was 'Marketa Vondrousova', while the prediction states 'Elena Rybakina'. These are different individuals, leading to a direct contradiction of the core fact.	1	Both answers are identical.	equivalent: 1\nreasoning: Both answers are identical.	answer:\nElena Rybakina	"```json\n{\n  ""intermediate_answers"": {\n    ""answer_1"": ""2022"",\n    ""answer_2"": ""Elena Rybakina""\n  }\n}\n```"	time_dependent	Wimbledon winner depends on year; gold corresponds to one year and models to another.
hotpotqa	google-gemini-2-5-pro	5ac13d745542991316484a91	0	1	What comic book published the female superhero created by J. H. Williams III?	DC Comics	Promethea	Promethea	The question asks for the publisher of the comic book, and the gold answer 'DC Comics' correctly identifies the publisher. The prediction 'Promethea' is the name of the comic book series itself, not the publisher, thus it does not answer the question.	1	Both answers are identical.	equivalent: 1\nreasoning: Both answers are identical.	Promethea	"```json\n{\n  ""answer_1"": ""Promethea"",\n  ""answer_2"": ""Promethea""\n}\n```"	unclear_needs_manual_check	No strong offline signal; could be a genuine stable model error or a dataset/gold issue.
mintaka	google-gemini-2-5-pro	6613db77	0	1	How many Supreme Court Justices were nominated by the president, the most in history?	14	11	11	The gold answer is 14, and the prediction is 11. The absolute difference is 3, which is outside the allowed numerical tolerance of max(0.5, 1% of 14 = 0.14) = 0.5.	1	Both answers are identical and state the same number.	equivalent: 1\nreasoning: Both answers are identical and state the same number.	answer:\n11	"```json\n{\n  ""answer_1"": ""George Washington"",\n  ""answer_2"": ""11""\n}\n```"	ambiguous_definition(nominations_vs_confirmed)	Gold 14 vs frontier 11 may reflect counting nominations (including unsuccessful/declined) vs counting confirmed appointments.
crag	google-gemini-2-5-pro	280d60d1-f2be-4895-ae73-29461c8f1b35	1	1	who is the starting small forward for the team that is currently number one in the nba's eastern conference?	jayson tatum is the starting small forward for the boston celtics, currently the number one in the nba's eastern conference.	Jimmy Butler	Jimmy Butler	The gold answer identifies Jayson Tatum as the starting small forward, while the prediction states Jimmy Butler. These are different individuals, making the prediction incorrect.	1	Both answers are identical.	equivalent: 1\nreasoning: Both answers are identical.	Jimmy Butler	"```json\n{\n  ""intermediate_answers"": {\n    ""answer_1"": ""Miami Heat"",\n    ""answer_2"": ""Jimmy Butler""\n  }\n}\n```"	time_dependent	Time-relative phrasing ('currently'); gold likely tied to a specific snapshot.
hotpotqa	google-gemini-2-5-pro	5a72a00d5542991f9a20c53c	0	1	Who developed the prototype pacemaker used by the 34th President of the USA?	R Adams Cowley	Wilson Greatbatch	Wilson Greatbatch	The gold answer 'R Adams Cowley' and the prediction 'Wilson Greatbatch' are two different individuals. The prediction contradicts the gold answer regarding who developed the prototype pacemaker.	1	Both answers are identical.	equivalent: 1\nreasoning: Both answers are identical.	Wilson Greatbatch	"```json\n{\n  ""answer_1"": ""Dwight D. Eisenhower"",\n  ""answer_2"": ""Wilson Greatbatch""\n}\n```"	possible_gold_error_or_ambiguity	Frontier open-ended answers agree (2/3) on 'Wilson Greatbatch' vs gold; could be gold error/ambiguity or shared model misconception.
mintaka	google-gemini-2-5-pro	7e554842	0	1	How long did the longest serving mayor serve in New York?	11 years (1934–1945)	12 years	12 years	The gold answer states '11 years' while the prediction states '12 years'. The difference of 1 year is outside the allowed numeric tolerance of max(0.5, 1% of 11) = 0.5.	1	Both answers are identical.	equivalent: 1\nreasoning: Both answers are identical.	answer:\n12 years	"```json\n{\n  ""answer_1"": ""Fiorello La Guardia"",\n  ""answer_2"": ""12 years""\n}\n```"	numeric_counting_convention	La Guardia served 1934–1945; models answer 12 years while gold says 11, likely due to inclusive/exclusive counting.
crag	google-gemini-2-5-pro	b87aa578-d977-40f3-b96d-8ebba8aa3910	0	1	who was the player of the year in the premier league last season?	erling haaland, who plays for manchester city, was the player of the year in the premier league last season.	Kevin De Bruyne	Kevin De Bruyne	The prediction names 'Kevin De Bruyne' as the player of the year, which contradicts the gold answer 'Erling Haaland'.	1	Both answers are identical.	equivalent: 1\nreasoning: Both answers are identical.	answer:\nKevin De Bruyne	"```json\n{\n  ""answer_1"": ""2021–22"",\n  ""answer_2"": ""Kevin De Bruyne""\n}\n```"	time_dependent	Premier League season awards vary each year; gold and models correspond to different seasons or award definitions.
hotpotqa	google-gemini-2-5-pro	5adfedb755429942ec259b95	0	1	Emprise Bank has branches in a city situated along what river?	Neosho River	Arkansas River	Arkansas River	The prediction names 'Arkansas River' which is a different river than the 'Neosho River' provided in the gold answer, leading to a contradiction.	1	Both answers are identical.	equivalent: 1\nreasoning: Both answers are identical.	answer:\nArkansas River	"```json\n{\n  ""answer_1"": ""Wichita"",\n  ""answer_2"": ""Arkansas River""\n}\n```"	ambiguous_entity_mapping	Likely the city is Wichita, KS (on the Arkansas River), but the question does not name the city; gold says Neosho River while models say Arkansas River.
mintaka	google-gemini-2-5-pro	6f62ab02	1	1	How old is the current manager of the New York Mets?	40	66	66	The prediction '66' is numerically different from the gold answer '40'. For naturally drifting values like age, the difference (26) is far outside the allowed 1-5.5 percentage-point window (26/66 = 39.39% difference).	1	Both answers provide the exact same numerical value.	equivalent: 1\nreasoning: Both answers provide the exact same numerical value.	66	"```json\n{\n  ""answer_1"": ""Buck Showalter"",\n  ""answer_2"": ""66""\n}\n```"	time_dependent	Mets manager changes over time; models answer an older manager (66) while gold gives 40 (different manager/snapshot).
crag	google-gemini-2-5-pro	adabdcb6-3d4d-4dac-93f7-d54bdb5dccf2	0	1	who was the coach of the team that won the nba championship last season?	michael malone, who coaches the denver nuggets, was the coach of the team that won the nba championship last season.	Steve Kerr	Steve Kerr	The gold answer identifies Michael Malone as the coach, while the prediction states Steve Kerr. These are two different individuals, leading to a contradiction.	1	Both answers are identical.	equivalent: 1\nreasoning: Both answers are identical.	answer:\nSteve Kerr	"```json\n{\n  ""answer_1"": ""Golden State Warriors"",\n  ""answer_2"": ""Steve Kerr""\n}\n```"	time_dependent	'Last season' is underspecified and shifts year to year; models return Steve Kerr (Warriors season), while gold returns Michael Malone (Nuggets season).
hotpotqa	google-gemini-2-5-pro	5abee5e25542994516f45473	0	1	Pauline Henry was known as the vocalist of a very popular cover song. Which album was this song from?	The Joshua Tree	The Chimes	The Chimes	The prediction 'The Chimes' contradicts the gold answer 'The Joshua Tree' regarding the album name. These are distinct album titles.	1	Both answers are identical.	equivalent: 1\nreasoning: Both answers are identical.	answer:\nThe Chimes	"```json\n{\n  ""answer_1"": ""I Still Haven't Found What I'm Looking For"",\n  ""answer_2"": ""The Chimes""\n}\n```"	possible_gold_error_or_ambiguity	Frontier open-ended answers agree (2/3) on 'The Chimes' vs gold; could be gold error/ambiguity or shared model misconception.
mintaka	google-gemini-2-5-pro	c18486eb	0	1	What is the name of the U.S. state with the biggest volcano?	Washington	Hawaii	Hawaii	The prediction 'Hawaii' contradicts the gold answer 'Washington'. These are two distinct U.S. states.	1	Both answers are identical.	equivalent: 1\nreasoning: Both answers are identical.	answer:\nHawaii	"```json\n{\n  ""answer_1"": ""Mauna Loa"",\n  ""answer_2"": ""Hawaii""\n}\n```"	likely_gold_error	All frontier models answer Hawaii; gold answers Washington. This looks like a dataset/gold issue unless a different 'biggest volcano' definition was intended.
crag	google-gemini-2-5-pro	6ed9dc10-0df5-4e16-b0df-e11967edb740	1	1	how old is the current ceo of microsoft?	the current ceo of microsoft, sadya nadella, is 57 years old.	55	55	The gold answer states the CEO is 57 years old, while the prediction states 55. The difference of 2 is outside the allowed numeric tolerance of max(0.5, 1% of 57) = 0.57.	1	Both answers state the same numerical value.	equivalent: 1\nreasoning: Both answers state the same numerical value.	55	"```json\n{\n  ""answer_1"": ""Satya Nadella"",\n  ""answer_2"": ""55""\n}\n```"	time_dependent	Time-relative phrasing ('current'); gold likely tied to a specific snapshot.
hotpotqa	google-gemini-2-5-pro	5a7c75a655429935c91b51c4	0	1	Where is the company that built Woodvale Historic District located?	Rockhill Furnace, Pennsylvania	Johnstown, Pennsylvania	Johnstown, Pennsylvania	The prediction states 'Johnstown, Pennsylvania' as the location, which contradicts the gold answer 'Rockhill Furnace, Pennsylvania'. These are two distinct locations.	1	Both answers are identical.	equivalent: 1\nreasoning: Both answers are identical.	Johnstown, Pennsylvania	"```json\n{\n  ""answer_1"": ""Cambria Iron Company"",\n  ""answer_2"": ""Johnstown, Pennsylvania""\n}\n```"	unclear/needs_verification	Gold Rockhill Furnace vs models Johnstown. Without the referenced builder name, it's hard to verify whether this is a gold error or a model mistake.
crag	google-gemini-2-5-pro	bcc88678-d327-4792-b6f5-bb7efc33e2c6	0	1	if i were to visit the capital of hawaii, how high up would i be?	5 m	6 m	6 m	The gold answer is 5 m and the prediction is 6 m. The absolute difference is 1 m. The allowed tolerance is max(0.5, 1% of 5) = max(0.5, 0.05) = 0.5 m. Since 1 m is greater than 0.5 m, the prediction is outside the acceptable numerical tolerance.	1	Both answers are identical.	equivalent: 1\nreasoning: Both answers are identical.	answer:\n6 m	"```json\n{\n  ""answer_1"": ""Honolulu"",\n  ""answer_2"": ""6 m""\n}\n```"	possible_gold_typo_or_alias	Open answer '6 m' is very close to gold '5 m' (edit-distance 1); likely typo/alias/normalization issue.
hotpotqa	google-gemini-2-5-pro	5a8a17e55542992d82986eab	0	1	"Who was the director of the film at who end a versions of the son ""Please, Please, Please, Let Me Get What I Want"" could be heard?"	Shane Meadows	John Hughes	John Hughes	The prediction 'John Hughes' contradicts the gold answer 'Shane Meadows' regarding the director of the film.	1	Both answers are identical.	equivalent: 1\nreasoning: Both answers are identical.	John Hughes	"```json\n{\n  ""answer_1"": ""Ferris Bueller's Day Off"",\n  ""answer_2"": ""John Hughes""\n}\n```"	ambiguous_reference(film)	Multiple films may include this song; models converge on John Hughes (likely Ferris Bueller's Day Off), while gold gives Shane Meadows.
crag	google-gemini-2-5-pro	318361f8-af94-4b0b-8017-c0f04ec1755c	0	1	what company in the dow jones has the largest market capitalization?	microsoft	Apple Inc.	Apple Inc.	The prediction 'Apple Inc.' is a different company than the gold answer 'microsoft', directly contradicting the gold fact about which company has the largest market capitalization in the Dow Jones.	1	Both answers are identical.	equivalent: 1\nreasoning: Both answers are identical.	answer:\nApple Inc.	"```json\n{\n  ""answer_1"": ""$2.4 trillion"",\n  ""answer_2"": ""Apple Inc.""\n}\n```"	time_dependent	Largest market cap among Dow components varies over time; gold says Microsoft while all models say Apple.
hotpotqa	google-gemini-2-5-pro	5ae65d055542996d980e7b14	0	0	What was population of the city where the Dutch retired footballer Foeke Booy born?	108,249	124,499	124,484	The question asks for a population, which is a naturally drifting value. The gold answer is 108,249 and the prediction is 124,499. The percentage difference is approximately 13.05% (|108,249 - 124,499| / max(108,249, 124,499) * 100), which falls outside the allowed 1-5.5 percentage-point window for equivalence.	1	Numeric values are within the 1% tolerance (15 is less than 1% of 124,484).	equivalent: 1\nreasoning: Numeric values are within the 1% tolerance (15 is less than 1% of 124,484).	124,499	"```json\n{\n  ""answer_1"": ""Leeuwarden"",\n  ""answer_2"": ""124,484""\n}\n```"	time_dependent_or_definition(city_vs_municipality)	City population varies by census year and by administrative boundary; three models give three nearby values, suggesting boundary/year ambiguity rather than a single fixed 'correct' number.
crag	google-gemini-2-5-pro	4713fbb8-0591-47fc-baa6-23b3d2595a6d	1	1	who was the player who won the most titles in the wta last year?	iga swiatek won the most titles in the wta last year.	Ashleigh Barty	Ashleigh Barty	The gold answer identifies 'Iga Swiatek' as the player, while the prediction states 'Ashleigh Barty'. These are different individuals, leading to a contradiction.	1	Both answers are identical.	equivalent: 1\nreasoning: Both answers are identical.	answer:\nAshleigh Barty	"```json\n{\n  ""answer_1"": ""2021"",\n  ""answer_2"": ""Ashleigh Barty""\n}\n```"	time_dependent	Time-relative phrasing ('last year'); gold likely tied to a specific snapshot.
hotpotqa	google-gemini-2-5-pro	5ab265de5542993be8fa9901	0	1	Jonas Hummels is the younger brother of a German professional footballer who plays for the German national team, and who else?	Bayern Munich	Borussia Dortmund	Borussia Dortmund	The gold answer states 'Bayern Munich' as the team, while the prediction states 'Borussia Dortmund'. These are two distinct football clubs, leading to a contradiction.	1	Both answers are identical.	equivalent: 1\nreasoning: Both answers are identical.	Borussia Dortmund	"```json\n{\n  ""answer_1"": ""Mats Hummels"",\n  ""answer_2"": ""Borussia Dortmund""\n}\n```"	ambiguous_time/context	Mats Hummels has played for both Borussia Dortmund and Bayern Munich. The question does not pin a time period, so either club can be argued depending on when.
crag	google-gemini-2-5-pro	4ebbb760-c5ae-4307-9764-567a357f4cc1	0	1	who is the first actress to play the bond girl?	vesper lynd in 1953	Ursula Andress	Ursula Andress	The gold answer identifies 'Vesper Lynd' as the first actress, while the prediction identifies 'Ursula Andress'. These are different individuals, leading to a contradiction regarding the identity of the actress.	1	Both answers are identical.	equivalent: 1\nreasoning: Both answers are identical.	Ursula Andress	"```json\n{\n  ""answer_1"": ""Honey Ryder"",\n  ""answer_2"": ""Ursula Andress""\n}\n```"	ambiguous_definition(bond_girl)	Gold cites a character/year (Vesper Lynd, 1953 novel) rather than an actress. Models answer Ursula Andress (first on-screen Bond girl), implying a mismatch in what 'first' means.
hotpotqa	google-gemini-2-5-pro	5ae753b75542997b22f6a6db	0	1	Jayantabhai Ki Luv Story includes a lead role for the film actress and model who is a native of what city?	Bihar	Bhagalpur	Bhagalpur	The question asks for a 'city'. The gold answer 'Bihar' is a state, not a city. The prediction 'Bhagalpur' is a city. While Bhagalpur is located within Bihar, the prediction and gold refer to different geographical entities (a city vs. a state), and thus do not communicate the same essential fact, especially given the specific request for a 'city' in the question.	1	Both answers are identical.	equivalent: 1\nreasoning: Both answers are identical.	Bhagalpur	"```json\n{\n  ""answer_1"": ""Neha Sharma"",\n  ""answer_2"": ""Bhagalpur""\n}\n```"	likely_gold_error(scope_mismatch)	Question asks for a city; gold answers a state/region ('Bihar'). Frontier answers Bhagalpur (a city in Bihar).
crag	google-gemini-2-5-pro	a019b11a-6b26-4f70-9d3f-20c46005bec6	1	0	what were the box office numbers for martin scorsese's most recent movie?	killers of the flower moon has grossed $67.8 million in the united states and canada, and $89 million in other territories, for a worldwide total of $156.8 million.	$9.8 million	$9.6 million	The prediction of '$9.8 million' is numerically significantly different from all the box office numbers provided in the gold answer ($67.8 million, $89 million, $156.8 million). The difference exceeds the allowed 5.5% tolerance for numeric expressions.	1	Numeric values are within the allowed tolerance (0.2 million difference, which is less than max(0.5, 1% of 9.8 million = 0.098 million), and also within the 1-5.5 percentage-point window for values that naturally drift over time).	equivalent: 1\nreasoning: Numeric values are within the allowed tolerance (0.2 million difference, which is less than max(0.5, 1% of 9.8 million = 0.098 million), and also within the 1-5.5 percentage-point window for values that naturally drift over time).	$9.8 million	"```json\n{\n  ""answer_1"": ""The Irishman"",\n  ""answer_2"": ""$9.6 million""\n}\n```"	time_dependent	Time-relative phrasing ('most recent'); gold likely tied to a specific snapshot.
crag	google-gemini-2-5-pro	83cfd2c8-d469-409d-bd32-24696ca5e21a	1	1	who was the mvp of the nba finals last year?	nikola jokic, who plays for the denver nuggets, was the mvp of the nba finals last year.	Stephen Curry	Stephen Curry	The gold answer states the MVP was Nikola Jokic, while the prediction states Stephen Curry. These are different individuals, leading to a contradiction.	1	Both answers are identical.	equivalent: 1\nreasoning: Both answers are identical.	answer:\nStephen Curry	"```json\n{\n  ""answer_1"": ""2022 NBA Finals"",\n  ""answer_2"": ""Stephen Curry""\n}\n```"	time_dependent	Time-relative phrasing ('last year'); gold likely tied to a specific snapshot.
crag	google-gemini-2-5-pro	00283e38-b411-425f-ad12-b6de87e4dc45	1	0	how old is the oldest currently working action movie actor?	one of the oldest currently working action movie actors, arnold schwarzenegger, is 76 years old.	93	92	The gold answer states an age of 76, while the prediction states 93. These numerical values are significantly different and outside the allowed tolerance for numeric expressions.	1	Numeric values for age are within the 1-5.5 percentage-point tolerance for values that drift over time (1.075% difference).	equivalent: 1\nreasoning: Numeric values for age are within the 1-5.5 percentage-point tolerance for values that drift over time (1.075% difference).	93	"```json\n{\n  ""answer_1"": ""Clint Eastwood"",\n  ""answer_2"": ""92""\n}\n```"	time_dependent	Time-relative phrasing ('currently'); gold likely tied to a specific snapshot.
crag	google-gemini-2-5-pro	e9751dcf-72ec-434f-9ca8-30a0a72da8fc	1	1	how old is the current president of the us?	the current president of the us, joe biden, is 81 years old.	79	79	The gold answer states the age is 81, while the prediction states 79. The difference of 2 is outside the allowed numeric tolerance of max(0.5, 1% of 81 = 0.81).	1	Both answers state the same age.	equivalent: 1\nreasoning: Both answers state the same age.	79	"```json\n{\n  ""answer_1"": ""Joe Biden"",\n  ""answer_2"": ""79""\n}\n```"	time_dependent	Time-relative phrasing ('current'); gold likely tied to a specific snapshot.
crag	google-gemini-2-5-pro	d93b3615-3ef8-446f-a635-95b3b7ece245	1	1	who was the coach of the team that won the ncaa men's basketball championship last year?	dan hurley, who coaches the uconn huskies, was the coach of the team that won the ncaa men's basketball championship last year.	Bill Self	Bill Self	The gold answer identifies 'Dan Hurley' as the coach, while the prediction states 'Bill Self'. These are different individuals, leading to a contradiction.	1	Both answers are identical.	equivalent: 1\nreasoning: Both answers are identical.	answer:\nBill Self	"```json\n{\n  ""answer_1"": ""Kansas Jayhawks"",\n  ""answer_2"": ""Bill Self""\n}\n```"	time_dependent	Time-relative phrasing ('last year'); gold likely tied to a specific snapshot.
crag	google-gemini-2-5-pro	04fd2c98-6531-41a0-8f9f-4af6b7f012ef	1	1	who was the mvp of the mlb world series last year?	corey saeger, who plays for the texas rangers, was the mvp of the mlb world series last year.	Jorge Soler	Jorge Soler	The gold answer states 'Corey Seager' as the MVP, while the prediction states 'Jorge Soler'. These are different individuals, leading to a contradiction on the core fact of the question.	1	Both answers are identical.	equivalent: 1\nreasoning: Both answers are identical.	answer:\nJorge Soler	"```json\n{\n  ""answer_1"": ""2021"",\n  ""answer_2"": ""Jorge Soler""\n}\n```"	time_dependent	World Series MVP depends on year; gold and models align to different seasons (e.g., Seager vs Soler).
