dataset	id	time_sensitive_hint	question	gold_answer	open_answer__google_gemini_2_5_pro	assistive_answer__google_gemini_2_5_pro	open_correctness_reasoning__google_gemini_2_5_pro	consistency_reasoning__google_gemini_2_5_pro	consistency_raw__google_gemini_2_5_pro	open_answer__google_gemini_2_5_flash	assistive_answer__google_gemini_2_5_flash	open_correctness_reasoning__google_gemini_2_5_flash	consistency_reasoning__google_gemini_2_5_flash	consistency_raw__google_gemini_2_5_flash	open_answer__gpt_5_1	assistive_answer__gpt_5_1	open_correctness_reasoning__gpt_5_1	consistency_reasoning__gpt_5_1	consistency_raw__gpt_5_1	models_open_agree	consensus_open_answer	assistant_label	assistant_confidence	assistant_notes	assistant_suggested_action
bamboogle	bamboogle_0064_647f7ea9	0	In what year was the tallest lighthouse completed?	1902	1990	1990	The gold answer is '1902' and the prediction is '1990'. Calendar dates/years must match exactly according to rule 2, and these do not match.	Both answers state the exact same year.	equivalent: 1\nreasoning: Both answers state the exact same year.	1990	1990	The predicted year (1990) does not match the gold year (1902). Calendar dates/years must match exactly according to rule 2.	Both answers state the exact same year.	equivalent: 1\nreasoning: Both answers state the exact same year.	1990	1990	The gold answer is '1902' and the prediction is '1990'. Calendar dates/years must match exactly, and these values are different.	Both answers state the same year.	equivalent: 1\nreasoning: Both answers state the same year.	1	1990	likely_gold_error/outdated	high	All three models answer 1990; likely refers to the Jeddah Light (tallest lighthouse), completed in 1990. Gold year 1902 appears inconsistent with 'tallest'.	Verify/replace gold; clarify which lighthouse or year-of-record.
crag	2a233422-8f6c-4f97-8509-ccc71afb3794	0	how old was leonardo dicaprio when he won best actor award?	leonardo was 42 years old in 2016 when he won best actor.	41	41	The gold answer states Leonardo DiCaprio was 42 years old, while the prediction states 41. The difference of 1 is outside the allowed numeric tolerance of max(0.5, 1% of 42 = 0.42), which is 0.5.	Answer A contains the key fact (age 41) requested by the question, along with extra detail (date of award) which does not contradict the age. Answer B provides only the key fact.	equivalent: 1\nreasoning: Answer A contains the key fact (age 41) requested by the question, along with extra detail (date of award) which does not contradict the age. Answer B provides only the key fact.	41	41	The gold answer states Leonardo DiCaprio was 42 years old, while the prediction states 41. The difference of 1 is outside the allowed numeric tolerance of max(0.5, 1% of 42) = 0.5.	Both answers state the same numerical value.	equivalent: 1\nreasoning: Both answers state the same numerical value.	41	41	The gold answer states Leonardo DiCaprio was 42 years old, while the prediction states 41. The difference of 1 is outside the allowed numeric tolerance of max(0.5, 1% of 42 = 0.42) = 0.5.	Both answers state the same age.	equivalent: 1\nreasoning: Both answers state the same age.	1	41	numeric_boundary/age_definition	high	DiCaprio won Best Actor at the Feb 2016 ceremony; he was 41 then (turns 42 later in 2016). Gold hard-codes '42 in 2016', which is plausible only under a different age convention.	Update gold to age-at-ceremony or specify convention (age at end-of-year).
hotpotqa	5a7272eb5542997f827839d7	0	How old is the female main protagonist of Catching Fire?	16-year-old	17	17	The gold answer states the protagonist is 16 years old, while the prediction states 17. This is a numerical contradiction outside the allowed tolerance (|17 - 16| = 1, which is greater than max(0.5, 1% of 16) = 0.5).	Both answers state the same age.	equivalent: 1\nreasoning: Both answers state the same age.	17	17	The gold answer states the protagonist is 16 years old, while the prediction states 17. This is a direct contradiction as the difference (1 year) exceeds the allowed numeric tolerance of 0.5 for exact values.	Both answers state the same age.	equivalent: 1\nreasoning: Both answers state the same age.	17	17	The gold answer states the protagonist is 16 years old, while the prediction states 17. This is a direct contradiction as the difference (1 year) exceeds the allowed numeric tolerance of 0.5 for exact values like age.	Both answers state the same age.	equivalent: 1\nreasoning: Both answers state the same age.	1	17	likely_gold_error	medium-high	Katniss Everdeen is typically 17 in Catching Fire. Gold says 16, which may conflate with The Hunger Games (book 1).	Verify protagonist age in Catching Fire and update gold if needed.
mintaka	4b066327	0	How old was John Lennon when The Beatles formed?	16	19	19	The gold answer is 16, and the prediction is 19. The absolute difference is 3, which is outside the allowed numeric tolerance of max(0.5, 1% of 16 = 0.16).	Both answers are identical.	equivalent: 1\nreasoning: Both answers are identical.	19	19	The gold answer is 16, and the prediction is 19. The absolute difference is 3, which is outside the allowed numeric tolerance of max(0.5, 1% of 16) = 0.5. This is not a naturally drifting value, so the stricter tolerance applies.	The answers are identical.	equivalent: 1\nreasoning: The answers are identical.	19	19	The gold answer is 16, and the prediction is 19. The absolute difference is 3, which exceeds the allowed numeric tolerance of max(0.5, 1% of 16) = 0.5. This is a direct contradiction of the age.	Both answers are identical.	equivalent: 1\nreasoning: Both answers are identical.	1	19	ambiguous_event_definition	high	19 aligns with 1960 (Beatles formation era) given Lennon’s 1940 birth. Gold 16 may instead correspond to the Quarrymen/earlier pre-Beatles formation.	Clarify 'formed' (Quarrymen vs The Beatles) or update gold accordingly.
crag	adabdcb6-3d4d-4dac-93f7-d54bdb5dccf2	0	who was the coach of the team that won the nba championship last season?	michael malone, who coaches the denver nuggets, was the coach of the team that won the nba championship last season.	Steve Kerr	Steve Kerr	The gold answer identifies Michael Malone as the coach, while the prediction states Steve Kerr. These are two different individuals, leading to a contradiction.	Both answers are identical.	equivalent: 1\nreasoning: Both answers are identical.	Steve Kerr	Steve Kerr	The gold answer identifies Michael Malone as the coach, while the prediction states Steve Kerr. These are two different individuals, making the prediction factually incorrect and a contradiction to the gold answer.	Both answers are identical.	equivalent: 1\nreasoning: Both answers are identical.	Steve Kerr	Steve Kerr	The gold answer states the coach was Michael Malone, while the prediction states Steve Kerr. These are two different individuals, leading to a direct contradiction.	Both answers are identical.	equivalent: 1\nreasoning: Both answers are identical.	1	Steve Kerr	time_dependent	high	'Last season' is underspecified and shifts year to year; models return Steve Kerr (Warriors season), while gold returns Michael Malone (Nuggets season).	Time-filter or specify an explicit season/year in the question+gold.
hotpotqa	5ac3e8c65542997ea680c993	0	Are the New Orleans Outfall Canals the same length as the Augusta Canal?	yes	No	No	The gold answer states 'yes' (they are the same length), while the prediction states 'No', which is a direct contradiction.	"Both answers are ""No"", indicating agreement."	"equivalent: 1\nreasoning: Both answers are ""No"", indicating agreement."	No	No	The gold answer states 'yes' (they are the same length), while the prediction states 'No', which is a direct contradiction.	"Both answers are ""No"", which are equivalent."	"equivalent: 1\nreasoning: Both answers are ""No"", which are equivalent."	No	No	The gold answer states 'yes' (they are the same length), while the prediction states 'No', which is a direct contradiction.	"Both answers are ""No"", which is the same."	"equivalent: 1\nreasoning: Both answers are ""No"", which is the same."	1	No	unclear/needs_verification	low	Gold says the canal lengths match; all models say no. Without checking the referenced canal definitions/lengths, this could be either a gold issue or a model mistake.	Re-check source lengths (which outfall canal(s)?) and revise question/gold to be unambiguous.
mintaka	9d4dccb3	0	"Where did the rapper in the song ""I am different"" graduate college from?"	Virginia State University	Alabama State University	Alabama State University	The prediction names 'Alabama State University' which directly contradicts the gold answer 'Virginia State University'. These are distinct entities.	The answers are identical.	equivalent: 1\nreasoning: The answers are identical.	Alabama State University	Alabama State University	The prediction 'Alabama State University' directly contradicts the gold answer 'Virginia State University' by naming a different university.	The two answers are identical.	equivalent: 1\nreasoning: The two answers are identical.	Alabama State University	Alabama State University	The prediction 'Alabama State University' directly contradicts the gold answer 'Virginia State University' by naming a different university.	Both answers are identical.	equivalent: 1\nreasoning: Both answers are identical.	1	Alabama State University	likely_gold_error	high	"The song ""I’m Different"" is commonly associated with 2 Chainz, who attended Alabama State University; models align on Alabama State while gold says Virginia State."	Verify the artist mapping and update gold/sourcing.
crag	d5124253-4271-40b5-986b-dd3021ab828e	1	who was the winner of the wimbledon women's singles tournament this year?	marketa vondrousova, who is coached by jiri hrebec and jan hernych, won the wimbledon women's singles tournament this year.	Elena Rybakina	Elena Rybakina	The gold answer states the winner was 'Marketa Vondrousova', while the prediction states 'Elena Rybakina'. These are different individuals, leading to a direct contradiction of the core fact.	Both answers are identical.	equivalent: 1\nreasoning: Both answers are identical.	Elena Rybakina	Elena Rybakina	The gold answer states the winner was 'Marketa Vondrousova', while the prediction states 'Elena Rybakina'. These are different individuals, leading to a direct contradiction on the core fact requested.	Both answers are identical.	equivalent: 1\nreasoning: Both answers are identical.	Elena Rybakina	Elena Rybakina	The gold answer states the winner was 'Marketa Vondrousova', while the prediction states 'Elena Rybakina'. These are different individuals, leading to a contradiction on the core fact of who won the tournament.	Both answers are identical.	equivalent: 1\nreasoning: Both answers are identical.	1	Elena Rybakina	time_dependent	high	Wimbledon winner depends on year; gold corresponds to one year and models to another.	Time-filter or include the explicit year in the question.
hotpotqa	5adfedb755429942ec259b95	0	Emprise Bank has branches in a city situated along what river?	Neosho River	Arkansas River	Arkansas River	The prediction names 'Arkansas River' which is a different river than the 'Neosho River' provided in the gold answer, leading to a contradiction.	Both answers are identical.	equivalent: 1\nreasoning: Both answers are identical.	Arkansas River	Arkansas River	The prediction 'Arkansas River' contradicts the gold answer 'Neosho River'. These are two distinct rivers.	The answers are identical.	equivalent: 1\nreasoning: The answers are identical.	Arkansas River	Arkansas River	The prediction names 'Arkansas River' which is a different river than the 'Neosho River' provided in the gold answer, leading to a contradiction.	Both answers are identical.	equivalent: 1\nreasoning: Both answers are identical.	1	Arkansas River	ambiguous_entity_mapping	medium	Likely the city is Wichita, KS (on the Arkansas River), but the question does not name the city; gold says Neosho River while models say Arkansas River.	Pin the specific branch city and then answer with its river.
mintaka	13cd720a	0	What is the capital of the largest country in Europe?	Paris	Moscow	Moscow	The gold answer states the capital is 'Paris', while the prediction states it is 'Moscow'. These are two different cities, leading to a direct contradiction.	The two answers are identical.	equivalent: 1\nreasoning: The two answers are identical.	Moscow	Moscow	The gold answer states the capital is 'Paris', while the prediction states it is 'Moscow'. These are two different cities, leading to a direct contradiction.	The two answers are identical.	equivalent: 1\nreasoning: The two answers are identical.	Moscow	Moscow	The prediction 'Moscow' directly contradicts the gold answer 'Paris'. The largest country in Europe by area is Russia, whose capital is Moscow. However, the largest country *entirely within* Europe is Ukraine, and the largest country *by population* entirely within Europe is Germany. The question is ambiguous, but the gold answer 'Paris' implies the question is referring to France as the 'largest country in Europe' in some context (e.g., historically or culturally, or perhaps by GDP within the EU). Regardless of the interpretation of 'largest country in Europe', 'Moscow' and 'Paris' are distinct and contradictory answers.	Both answers are identical.	equivalent: 1\nreasoning: Both answers are identical.	1	Moscow	ambiguous_scope(Europe_vs_EU)	high	If interpreted as Europe (continent), largest country is Russia → capital Moscow (models). Gold Paris may reflect largest EU country (France) or another scope.	Disambiguate Europe vs EU or specify 'by area' and intended region.
crag	27f2284d-0d87-46c6-a0a1-e46135a3fc67	0	when did the most expensive action movie come out?	the most expensive action movie ever produced, star wars: the force awakens, came out in 2015.	2011-05-20	2011-05-20	The gold answer states the movie came out in 2015, while the prediction gives 2011-05-20. The years do not match, and calendar dates/years must match exactly.	Both answers provide the exact same calendar date.	equivalent: 1\nreasoning: Both answers provide the exact same calendar date.	2011-05-20	2011-05-20	The gold answer states the movie came out in 2015, while the prediction gives 2011-05-20. The years do not match, and calendar dates/years must match exactly.	Both answers provide the exact same calendar date.	equivalent: 1\nreasoning: Both answers provide the exact same calendar date.	2011-05-20	2011-05-20	The gold answer states the movie came out in 2015, while the prediction states 2011. Calendar dates and years must match exactly according to rule 2.	Calendar dates match exactly.	equivalent: 1\nreasoning: Calendar dates match exactly.	1	2011-05-20	ambiguous_definition	medium-high	'Most expensive action movie' varies by list (budget accounting, genre). Models converge on a May 2011 release date (likely a specific blockbuster), while gold names a different film/year.	Define the reference list/criterion (e.g., inflation-adjusted budget, genre).
hotpotqa	5ab345db55429969a97a8122	0	Which state does the drug stores, of which the CEO is Warren Bryant, are located?	Hawaii	California	California	The prediction 'California' directly contradicts the gold answer 'Hawaii' regarding the state where the drug stores are located.	Both answers are identical.	equivalent: 1\nreasoning: Both answers are identical.	California	California	The prediction 'California' directly contradicts the gold answer 'Hawaii' regarding the state where the drug stores are located.	The answers are identical.	equivalent: 1\nreasoning: The answers are identical.	California	California	The prediction 'California' directly contradicts the gold answer 'Hawaii' regarding the state where the drug stores are located.	Both answers are identical.	equivalent: 1\nreasoning: Both answers are identical.	1	California	unclear/needs_verification	low	Entity linkage ('drug stores' with CEO Warren Bryant) is unclear from the question alone; models answer California vs gold Hawaii.	Audit the entity (which chain?) and correct the gold/state mapping.
mintaka	e6f29b34	0	Where was the last queen of Egypt born?	Greece	Alexandria	Alexandria	The gold answer states the last queen of Egypt was born in 'Greece', while the prediction states 'Alexandria'. These are different locations, leading to a contradiction.	The answers are identical.	equivalent: 1\nreasoning: The answers are identical.	Alexandria	Alexandria	The gold answer states 'Greece' as the birthplace, while the prediction states 'Alexandria'. These are distinct geographical locations, and Alexandria is not in Greece, thus the prediction contradicts the gold fact.	The answers are identical.	equivalent: 1\nreasoning: The answers are identical.	Alexandria, Egypt	Alexandria, Egypt	The gold answer states the birthplace was 'Greece', while the prediction states 'Alexandria, Egypt'. These are different locations, leading to a direct contradiction.	Both answers are identical.	equivalent: 1\nreasoning: Both answers are identical.	0		likely_gold_error	high	Cleopatra VII is widely cited as born in Alexandria (Egypt). Gold 'Greece' appears to conflate ancestry/origin with birthplace.	Update gold to Alexandria, Egypt or revise question to ask about ancestry.
crag	3e6f239d-0354-4867-99ef-9542db6a83c8	1	what team does the player who threw the most interceptions last year play for?	the player who threw the most interceptions last year, sam howell, plays for the washington commanders.	Jacksonville Jaguars; Los Angeles Rams	Jacksonville Jaguars; Los Angeles Rams	The gold answer states the player plays for the 'Washington Commanders', while the prediction lists 'Jacksonville Jaguars' and 'Los Angeles Rams'. These teams do not match the gold answer.	Both answers are identical lists of teams.	equivalent: 1\nreasoning: Both answers are identical lists of teams.	Jacksonville Jaguars	Jacksonville Jaguars	The gold answer states the player plays for the 'Washington Commanders', while the prediction states 'Jacksonville Jaguars'. These are different teams, leading to a contradiction.	Both answers are identical.	equivalent: 1\nreasoning: Both answers are identical.	Jacksonville Jaguars	Jacksonville Jaguars	The gold answer states the player plays for the 'Washington Commanders', while the prediction states 'Jacksonville Jaguars'. These are different teams, leading to a contradiction.	Both answers are identical.	equivalent: 1\nreasoning: Both answers are identical.	0		time_dependent	high	'Last year' depends on the evaluation year; model answers point to a different season/player than gold.	Time-filter or specify the exact season/year.
hotpotqa	5ae65d055542996d980e7b14	0	What was population of the city where the Dutch retired footballer Foeke Booy born?	108,249	124,499	124,484	The question asks for a population, which is a naturally drifting value. The gold answer is 108,249 and the prediction is 124,499. The percentage difference is approximately 13.05% (|108,249 - 124,499| / max(108,249, 124,499) * 100), which falls outside the allowed 1-5.5 percentage-point window for equivalence.	Numeric values are within the 1% tolerance (15 is less than 1% of 124,484).	equivalent: 1\nreasoning: Numeric values are within the 1% tolerance (15 is less than 1% of 124,484).	96,573	93,961	The gold population is 108,249 and the prediction is 96,573. The percentage difference is approximately 10.79% (|108,249 - 96,573| / 108,249 * 100), which falls outside the allowed 5.5% tolerance for naturally drifting values like population counts.	The two population figures are different, but the difference (approx 2.7%) falls within the allowed tolerance for values that drift over time, such as census counts.	equivalent: 1\nreasoning: The two population figures are different, but the difference (approx 2.7%) falls within the allowed tolerance for values that drift over time, such as census counts.	123107	128383	The question asks for a population, which is a naturally drifting value. The gold answer is 108,249 and the prediction is 123,107. The percentage difference is approximately 12.07% (calculated as |108,249 - 123,107| / max(108,249, 123,107) * 100). This falls outside the allowed 1-5.5 percentage-point window for equivalence, according to Rule 2.	The difference between the two population figures (5276) is within the 5.5% tolerance for values that naturally drift over time (4.11% of 128383).	equivalent: 1\nreasoning: The difference between the two population figures (5276) is within the 5.5% tolerance for values that naturally drift over time (4.11% of 128383).	0		time_dependent_or_definition(city_vs_municipality)	medium	City population varies by census year and by administrative boundary; three models give three nearby values, suggesting boundary/year ambiguity rather than a single fixed 'correct' number.	Specify census year and population definition, or accept a tolerance/interval.
mintaka	c999b363	0	What is the capital of the country with the highest population in the world?	Tokyo	Beijing	Beijing	The gold answer states 'Tokyo' while the prediction states 'Beijing'. These are different cities and thus contradict each other.	The two answers are identical.	equivalent: 1\nreasoning: The two answers are identical.	Beijing	Beijing	The gold answer states 'Tokyo' while the prediction states 'Beijing'. These are two distinct cities and therefore represent different facts. The prediction does not match the gold answer.	The answers are identical.	equivalent: 1\nreasoning: The answers are identical.	Beijing	Beijing	The gold answer states 'Tokyo' while the prediction states 'Beijing'. These are two different cities and therefore the prediction does not communicate the same essential fact as the gold.	Both answers are identical.	equivalent: 1\nreasoning: Both answers are identical.	1	Beijing	likely_gold_error	high	Gold 'Tokyo' is not the capital of the current most-populous country (China/India). All models answer Beijing.	Fix gold; if the dataset intended 'highest population in 2010', etc., specify the year.
crag	ba92e6b9-fcd3-4ff7-899a-fe59dbb2c8db	0	what weight class is the ufc number one men's pound for pound fighter in?	islam makhachev, the number one men's pound for pound fighter in the ufc, fights at lightweight.	Featherweight	Featherweight	The gold answer states the fighter is in 'lightweight', while the prediction states 'Featherweight'. These are different weight classes, leading to a contradiction.	Both answers are identical.	equivalent: 1\nreasoning: Both answers are identical.	Featherweight	Featherweight	The gold answer states the fighter is in 'lightweight' class, while the prediction states 'Featherweight'. These are different and contradictory facts.	Both answers are identical.	equivalent: 1\nreasoning: Both answers are identical.	Featherweight	Featherweight	The gold answer states the fighter is in 'lightweight' class, while the prediction states 'Featherweight'. These are different and contradictory facts.	Both answers are identical.	equivalent: 1\nreasoning: Both answers are identical.	1	Featherweight	time_dependent	high	UFC pound-for-pound #1 changes across updates (e.g., Makhachev vs Volkanovski), which also changes the weight class. Models answer Featherweight while gold anchors Lightweight.	Time-filter or include the date/ranking snapshot.
hotpotqa	5ab265de5542993be8fa9901	0	Jonas Hummels is the younger brother of a German professional footballer who plays for the German national team, and who else?	Bayern Munich	Borussia Dortmund	Borussia Dortmund	The gold answer states 'Bayern Munich' as the team, while the prediction states 'Borussia Dortmund'. These are two distinct football clubs, leading to a contradiction.	Both answers are identical.	equivalent: 1\nreasoning: Both answers are identical.	Borussia Dortmund	Borussia Dortmund	The gold answer specifies 'Bayern Munich' as the club, while the prediction states 'Borussia Dortmund'. These are two different football clubs, leading to a contradiction on the specific club mentioned.	The two answers are identical.	equivalent: 1\nreasoning: The two answers are identical.	Borussia Dortmund	Borussia Dortmund	The gold answer states 'Bayern Munich' as the team, while the prediction states 'Borussia Dortmund'. These are two distinct football clubs, leading to a contradiction.	Both answers are identical.	equivalent: 1\nreasoning: Both answers are identical.	1	Borussia Dortmund	ambiguous_time/context	medium-high	Mats Hummels has played for both Borussia Dortmund and Bayern Munich. The question does not pin a time period, so either club can be argued depending on when.	Add a time qualifier (season/year) or ask for 'current club at time X'.
mintaka	e79774c0	0	When was the director of Child's Play born?	25-Jan-63	1943-07-11	1943-07-11	The predicted birth date (July 11, 1943) contradicts the gold birth date (January 25, 1963). Calendar dates must match exactly.	Both answers provide the exact same date.	equivalent: 1\nreasoning: Both answers provide the exact same date.	1943-07-11	1943-07-11	The predicted birth date (July 11, 1943) is different from the gold birth date (January 25, 1963). Calendar dates must match exactly.	The answers are identical.	equivalent: 1\nreasoning: The answers are identical.	1943-07-11	1943-07-11	The gold answer provides the birth date as January 25, 1963, while the prediction states July 11, 1943. Calendar dates must match exactly, and these dates are different.	Both answers provide the exact same date.	equivalent: 1\nreasoning: Both answers provide the exact same date.	1	1943-07-11	likely_gold_error	high	The original Child's Play (1988) director is Tom Holland (born 1943-07-11), matching all models. Gold date (1963) appears incorrect.	Fix gold to Tom Holland’s birthdate or clarify which Child’s Play entry/director.
crag	5a55dd6b-371b-4daa-a2a2-7df503885d21	1	how far did last year's west coast conference champion go in the postseason?	gonzaga, last year's west coast conference champion, made it to the elite 8 in the ncaa tournament.	Sweet Sixteen	Sweet Sixteen	The gold answer states the team made it to the 'Elite 8', while the prediction states 'Sweet Sixteen'. These are different stages in a tournament, making the prediction a contradiction of the gold fact.	Both answers are identical.	equivalent: 1\nreasoning: Both answers are identical.	Sweet Sixteen	Sweet Sixteen	The gold answer states the team made it to the 'Elite 8', while the prediction states 'Sweet Sixteen'. These are different stages in a tournament, and 'Sweet Sixteen' is not equivalent to 'Elite 8'.	Both answers are identical.	equivalent: 1\nreasoning: Both answers are identical.	Sweet Sixteen	They reached the Sweet Sixteen in the NCAA Tournament	The gold answer states the team made it to the 'Elite 8', while the prediction states 'Sweet Sixteen'. These are different stages in a tournament, making the prediction factually incorrect.	"Answer A provides extra descriptive text (""in the NCAA Tournament"") that does not contradict or change the core fact (""Sweet Sixteen"") present in Answer B."	"equivalent: 1\nreasoning: Answer A provides extra descriptive text (""in the NCAA Tournament"") that does not contradict or change the core fact (""Sweet Sixteen"") present in Answer B."	1	Sweet Sixteen	time_dependent	high	Conference champions and tournament exits vary by year. 'Last year' makes this unstable; gold and models reflect different seasons.	Time-filter or specify year/season explicitly.
hotpotqa	5a8a17e55542992d82986eab	0	"Who was the director of the film at who end a versions of the son ""Please, Please, Please, Let Me Get What I Want"" could be heard?"	Shane Meadows	John Hughes	John Hughes	The prediction 'John Hughes' contradicts the gold answer 'Shane Meadows' regarding the director of the film.	Both answers are identical.	equivalent: 1\nreasoning: Both answers are identical.	John Hughes	John Hughes	The prediction 'John Hughes' contradicts the gold answer 'Shane Meadows' as they are different individuals.	Both answers are identical.	equivalent: 1\nreasoning: Both answers are identical.	John Hughes	John Hughes	The prediction 'John Hughes' contradicts the gold answer 'Shane Meadows' as they are different individuals. There is no equivalence between the two names.	Both answers are identical.	equivalent: 1\nreasoning: Both answers are identical.	1	John Hughes	ambiguous_reference(film)	medium	Multiple films may include this song; models converge on John Hughes (likely Ferris Bueller's Day Off), while gold gives Shane Meadows.	Include the film title in the question or verify which film the dataset intended.
mintaka	863655c5	0	"What is the population of the country where the ""Spanish Steps"" are located?"	4.2 million	59,037,474	58983122	The gold answer is 4.2 million (4,200,000) and the prediction is 59,037,474. These values are significantly different and fall outside the allowed numeric tolerance for naturally drifting values (1-5.5 percentage-point window). The absolute difference is 54,837,474, which is much larger than 1% of the gold value (42,000).	Numeric values for population are within the 5.5 percentage-point tolerance for values that drift over time. (0.09% difference)	equivalent: 1\nreasoning: Numeric values for population are within the 5.5 percentage-point tolerance for values that drift over time. (0.09% difference)	59,110,000	59110000	The gold answer '4.2 million' (4,200,000) and the prediction '59,110,000' are vastly different numerical values. The difference is 54,910,000, which is far outside the allowed tolerance for naturally drifting values (1-5.5 percentage points). The prediction is approximately 14 times larger than the gold.	Numeric formatting normalized; thousands separators are ignored.	equivalent: 1\nreasoning: Numeric formatting normalized; thousands separators are ignored.	60000000	approximately 59,000,000	The gold answer is 4.2 million (4,200,000) and the prediction is 60,000,000. These values are significantly different and fall outside the allowed numeric tolerance for population figures (1-5.5 percentage-point window). The difference is approximately 93% relative to the larger value, or 1330% relative to the smaller value.	Numeric values are within the 1-5.5 percentage-point tolerance for values that naturally drift over time (population).	equivalent: 1\nreasoning: Numeric values are within the 1-5.5 percentage-point tolerance for values that naturally drift over time (population).	0		likely_gold_error(scope_mismatch)	high	Spanish Steps are in Italy; models give Italy’s population (~60M). Gold 4.2M matches a city-scale value (Rome) rather than the country.	Fix gold or change question to ask city population instead of country.
crag	7d6ebd01-2364-461c-8086-68c83ff90966	1	how long has the current president of the us been in power?	the current president of the us, joe biden, has been in power since 2020.	1 year, 8 months, 14 days	1 year, 257 days	API error: Expecting value: line 1 column 1 (char 0)	Both answers represent the same duration (1 year, 257 days is equivalent to 1 year, 8 months, 14 days when calculated from a specific start date like January 20, 2021, to October 4, 2022).	equivalent: 1\nreasoning: Both answers represent the same duration (1 year, 257 days is equivalent to 1 year, 8 months, 14 days when calculated from a specific start date like January 20, 2021, to October 4, 2022).	1 year, 8 months, 14 days	1 year, 8 months	The gold answer provides a start year ('since 2020'), while the prediction provides a duration ('1 year, 8 months, 14 days'). These are different types of information and do not communicate the same essential fact. Additionally, the duration provided in the prediction is not consistent with the start year given in the gold answer (2020) when calculating the duration to the current date, nor is it consistent with the actual inauguration year (2021) for the current date.	The difference of 14 days (2.24%) falls within the 1-5.5 percentage-point tolerance for values that naturally drift over time.	equivalent: 1\nreasoning: The difference of 14 days (2.24%) falls within the 1-5.5 percentage-point tolerance for values that naturally drift over time.	1 year 8 months 14 days	1 year 257 days	The gold answer states that the president has been in power 'since 2020'. The prediction gives a duration of '1 year 8 months 14 days'. This duration, if calculated from the actual inauguration date of Joe Biden (January 20, 2021), would correspond to a date around October 4, 2022. This implies a start year of 2021, which contradicts the start year of 2020 stated in the gold answer. Therefore, the prediction contradicts the gold on the specific detail of the start year.	"The ""1 year"" component is identical. Converting ""8 months 14 days"" to days using an average month length (365.25/12 = 30.4375 days/month) yields 8 * 30.4375 + 14 = 243.5 + 14 = 257.5 days. Comparing this to ""257 days"" from Answer A, the difference is 0.5 days. This difference falls within the allowed numeric tolerance of max(0.5, 1% of 257) = max(0.5, 2.57) = 2.57 days."	"equivalent: 1\nreasoning: The ""1 year"" component is identical. Converting ""8 months 14 days"" to days using an average month length (365.25/12 = 30.4375 days/month) yields 8 * 30.4375 + 14 = 243.5 + 14 = 257.5 days. Comparing this to ""257 days"" from Answer A, the difference is 0.5 days. This difference falls within the allowed numeric tolerance of max(0.5, 1% of 257) = max(0.5, 2.57) = 2.57 days."	0		time_dependent	high	Tenure length depends on the evaluation date; gold 'since 2020' is itself suspect (Biden took office Jan 2021), and models return a duration string tied to a specific date.	Time-filter or rewrite as 'Since what year did X take office?' with explicit reference date.
hotpotqa	5adeb01355429939a52fe958	0	Elisabeth of Bavaria's husband was born on what date?	25 April 1228	1830-08-18	1830-08-18	The predicted date (1830-08-18) contradicts the gold date (25 April 1228). Dates must match exactly.	Both answers provide the identical date.	equivalent: 1\nreasoning: Both answers provide the identical date.	1830-08-18	1830-08-18	The predicted date (18 August 1830) contradicts the gold date (25 April 1228). The year, month, and day are all different.	Both answers provide the exact same date.	equivalent: 1\nreasoning: Both answers provide the exact same date.	1830-08-18	1830-08-18	The predicted date (18 August 1830) contradicts the gold date (25 April 1228). Dates must match exactly.	Both answers provide the exact same date.	equivalent: 1\nreasoning: Both answers provide the exact same date.	1	1830-08-18	likely_gold_error	high	Elisabeth of Bavaria (Sisi) married Franz Joseph I (born 1830-08-18). Gold year 1228 is off by centuries.	Correct gold to 1830-08-18.
mintaka	bc1f9c3f	0	Where was the lead guitarist of Guns N' Roses born?	Stoke-on-Trent, Staffordshire, England	London	Hampstead, London	The prediction 'London' contradicts the gold answer 'Stoke-on-Trent, Staffordshire, England' regarding the birthplace.	"Answer A provides a more specific location (Hampstead) which is within the broader location given in Answer B (London). This is allowed by the ""extra detail"" rule."	"equivalent: 1\nreasoning: Answer A provides a more specific location (Hampstead) which is within the broader location given in Answer B (London). This is allowed by the ""extra detail"" rule."	Hampstead, London, England	Hampstead, London, England	The prediction states 'Hampstead, London, England' as the birthplace, which contradicts the gold answer 'Stoke-on-Trent, Staffordshire, England'. The locations are different.	The answers are identical.	equivalent: 1\nreasoning: The answers are identical.	Hampstead, London, United Kingdom	Hampstead, London, England	The prediction states 'Hampstead, London, United Kingdom' as the birthplace, which contradicts the gold answer 'Stoke-on-Trent, Staffordshire, England'. These are distinct locations.	"England is a constituent country of the ""United Kingdom"", making Answer A more specific but consistent with Answer B."	"equivalent: 1\nreasoning: ""England"" is a constituent country of the ""United Kingdom"", making Answer A more specific but consistent with Answer B."	0		likely_gold_error	high	Slash (Guns N' Roses lead guitarist) is widely cited as born in Hampstead, London. Gold cites Stoke-on-Trent.	Fix gold; ensure the question unambiguously refers to Slash.
crag	318361f8-af94-4b0b-8017-c0f04ec1755c	0	what company in the dow jones has the largest market capitalization?	microsoft	Apple Inc.	Apple Inc.	The prediction 'Apple Inc.' is a different company than the gold answer 'microsoft', directly contradicting the gold fact about which company has the largest market capitalization in the Dow Jones.	Both answers are identical.	equivalent: 1\nreasoning: Both answers are identical.	Apple	Apple	The prediction 'Apple' contradicts the gold answer 'microsoft' as they are different companies.	Both answers are identical.	equivalent: 1\nreasoning: Both answers are identical.	Apple Inc.	Apple Inc.	The prediction 'Apple Inc.' is a different company than the gold answer 'microsoft', directly contradicting the gold fact.	Both answers are identical.	equivalent: 1\nreasoning: Both answers are identical.	0		time_dependent	medium-high	Largest market cap among Dow components varies over time; gold says Microsoft while all models say Apple.	Time-filter or include 'as of <date>' in question and gold.
hotpotqa	5abd7ca05542993062266cab	0	Where is the company that purchased Aixam based in?	Roseau, Minnesota, USA	Medina, Minnesota	Medina, Minnesota	The prediction states 'Medina, Minnesota' while the gold answer specifies 'Roseau, Minnesota, USA'. The cities (Medina vs. Roseau) are different, leading to a contradiction on the specific location.	Both answers are identical.	equivalent: 1\nreasoning: Both answers are identical.	Medina, Minnesota	Medina, Minnesota	The prediction states 'Medina, Minnesota' while the gold answer specifies 'Roseau, Minnesota, USA'. The cities (Medina vs. Roseau) are different, leading to a contradiction on the specific location.	The answers are identical.	equivalent: 1\nreasoning: The answers are identical.	Medina, Minnesota, United States	Medina, Minnesota, United States	The prediction states 'Medina' as the city, which contradicts the gold answer's 'Roseau'. While the state and country are equivalent ('Minnesota' and 'USA'/'United States'), the city is a direct contradiction.	Both answers are identical.	equivalent: 1\nreasoning: Both answers are identical.	0		ambiguous_location(HQ_vs_facility)	medium	Gold Roseau, MN vs models Medina, MN suggests a 'headquarters vs operations' mismatch (Medina is a common HQ location for large MN firms).	Specify whether you want headquarters location or another site.
mintaka	78a31f7a	1	What is the current coach's name of the team that has won the most NCAA Division I Baseball Championships?	Jason Gill	Andy Stankiewicz		The prediction 'Andy Stankiewicz' is a different name from the gold answer 'Jason Gill', indicating a direct contradiction.	The two answers are identical.	equivalent: 1\nreasoning: The two answers are identical.	Andy Stankiewicz	Andy Stankiewicz	The prediction 'Andy Stankiewicz' is a different name from the gold answer 'Jason Gill', indicating a direct contradiction.	The two answers are identical.	equivalent: 1\nreasoning: The two answers are identical.	Andy Stankiewicz	Andy Stankiewicz	The prediction 'Andy Stankiewicz' is a different name from the gold answer 'Jason Gill', indicating a factual contradiction.	Both answers are identical.	equivalent: 1\nreasoning: Both answers are identical.	1	Andy Stankiewicz	likely_gold_error/outdated	high	Team with most NCAA Division I baseball championships is USC; its current head coach is Andy Stankiewicz (models). Gold 'Jason Gill' appears mismatched.	Fix gold or correct the team/entity in the question.
crag	4835d4a2-4f31-423b-9f82-4c879c7798ed	1	who was the goalkeeper of the team that won the champions league final last year?	ederson, who plays for manchester city, was the goalkeeper of the team that won the champions league final last year.	Thibaut Courtois	Thibaut Courtois	The gold answer identifies Ederson as the goalkeeper, while the prediction names Thibaut Courtois. These are two different individuals, leading to a direct contradiction of the core fact.	Both answers are identical.	equivalent: 1\nreasoning: Both answers are identical.	Thibaut Courtois	Thibaut Courtois	The gold answer identifies Ederson as the goalkeeper of the winning team (Manchester City) in the Champions League final last year. The prediction names Thibaut Courtois, who is a different goalkeeper and did not play for the winning team last year, thus contradicting the gold fact.	Both answers are identical.	equivalent: 1\nreasoning: Both answers are identical.	Édouard Mendy	Édouard Mendy	The gold answer states the goalkeeper was 'Ederson', while the prediction states 'Édouard Mendy'. These are different individuals, leading to a contradiction.	Both answers are identical.	equivalent: 1\nreasoning: Both answers are identical.	0		time_dependent	high	'Last year' Champions League winner varies; models give different plausible goalkeepers for different years (Courtois/Mendy), while gold anchors another year (Ederson).	Time-filter or specify the year explicitly.
hotpotqa	5a7c75a655429935c91b51c4	0	Where is the company that built Woodvale Historic District located?	Rockhill Furnace, Pennsylvania	Johnstown, Pennsylvania	Johnstown, Pennsylvania	The prediction states 'Johnstown, Pennsylvania' as the location, which contradicts the gold answer 'Rockhill Furnace, Pennsylvania'. These are two distinct locations.	Both answers are identical.	equivalent: 1\nreasoning: Both answers are identical.	Johnstown, Pennsylvania	Johnstown, Pennsylvania	The prediction states 'Johnstown, Pennsylvania' as the location, which contradicts the gold answer 'Rockhill Furnace, Pennsylvania'. These are different places.	The answers are identical.	equivalent: 1\nreasoning: The answers are identical.	Johnstown	Johnstown, Pennsylvania	The prediction 'Johnstown' contradicts the gold answer 'Rockhill Furnace, Pennsylvania' regarding the location of the company.	Answer A provides a more specific location (state) but does not contradict Answer B. Answer B is a subset of Answer A's information.	equivalent: 1\nreasoning: Answer A provides a more specific location (state) but does not contradict Answer B. Answer B is a subset of Answer A's information.	0		unclear/needs_verification	low	Gold Rockhill Furnace vs models Johnstown. Without the referenced builder name, it's hard to verify whether this is a gold error or a model mistake.	Audit the builder entity in the supporting data and update gold accordingly.
mintaka	f6640eb4	0	What was the final major European battle of the war that primarily featured the man called Adolf Hitler?	Battle of the Bulge	Battle of Berlin	Battle of Berlin	The prediction 'Battle of Berlin' contradicts the gold answer 'Battle of the Bulge'. These are two distinct historical events.	The answers are identical.	equivalent: 1\nreasoning: The answers are identical.	Battle of Berlin	Battle of Berlin	The gold answer 'Battle of the Bulge' was a major battle but not the final one in Europe. The prediction 'Battle of Berlin' was indeed the final major European battle of World War II, during which Adolf Hitler was present in Berlin and committed suicide. Therefore, the prediction contradicts the gold answer on the specific fact of being the 'final' battle.	The answers are identical.	equivalent: 1\nreasoning: The answers are identical.	Battle of Berlin	Battle of Berlin	The gold answer states 'Battle of the Bulge' while the prediction states 'Battle of Berlin'. These are two distinct historical events, and thus the prediction does not communicate the same essential fact as the gold answer.	Both answers are identical.	equivalent: 1\nreasoning: Both answers are identical.	1	Battle of Berlin	likely_gold_error	high	The final major European battle in WWII is commonly cited as the Battle of Berlin (models), not the Battle of the Bulge (gold).	Fix gold to Battle of Berlin or clarify the criterion used.
crag	4ebbb760-c5ae-4307-9764-567a357f4cc1	0	who is the first actress to play the bond girl?	vesper lynd in 1953	Ursula Andress	Ursula Andress	The gold answer identifies 'Vesper Lynd' as the first actress, while the prediction identifies 'Ursula Andress'. These are different individuals, leading to a contradiction regarding the identity of the actress.	Both answers are identical.	equivalent: 1\nreasoning: Both answers are identical.	Ursula Andress	Ursula Andress	The gold answer identifies a character (Vesper Lynd) and a year (1953), not an actress. The question asks for an 'actress'. The prediction identifies an actress (Ursula Andress). Since the gold answer does not provide an actress, the prediction does not communicate the same essential fact as the gold.	Both answers are identical.	equivalent: 1\nreasoning: Both answers are identical.	Ursula Andress	Ursula Andress	The gold answer identifies 'Vesper Lynd' as the first actress, while the prediction identifies 'Ursula Andress'. These are different individuals (Vesper Lynd is a character, not an actress), leading to a direct contradiction on the identity of the actress.	Both answers are identical.	equivalent: 1\nreasoning: Both answers are identical.	1	Ursula Andress	ambiguous_definition(bond_girl)	high	Gold cites a character/year (Vesper Lynd, 1953 novel) rather than an actress. Models answer Ursula Andress (first on-screen Bond girl), implying a mismatch in what 'first' means.	Define whether you mean the first Bond girl in the novels vs in films, then update gold.
mintaka	88c5cc4f	1	How old is the current manager of Barcelona FC?	58	42	42	The prediction '42' is numerically different from the gold '58'. The absolute difference (16) and percentage difference (27.58%) are well outside the allowed tolerance of max(0.5, 1% of 58 = 0.58).	Both answers are identical.	equivalent: 1\nreasoning: Both answers are identical.	42	42	The prediction '42' is numerically different from the gold '58'. The absolute difference (16) and percentage difference (approx. 27.6%) exceed the allowed numeric tolerance of max(0.5, 1% of 58 = 0.58).	The answers are identical.	equivalent: 1\nreasoning: The answers are identical.	42	42	The gold answer is 58 and the prediction is 42. The absolute difference is 16, which is outside the allowed numeric tolerance of max(0.5, 1% of 58) = 0.58.	Both answers are identical.	equivalent: 1\nreasoning: Both answers are identical.	1	42	time_dependent	high	Barcelona’s manager and their age changes over time. Models answer 42 (consistent with Xavi’s age at some snapshot), while gold gives 58 (different coach or different snapshot).	Time-filter or specify 'as of <date>' and the manager name.
crag	d52db8c5-663a-469c-a470-e6d524e2b3dd	0	who was the coach of the team that won the stanley cup last season?	bruce cassidy, who coaches the vegas golden knights, was the coach of the team that won the stanley cup last season.	Jared Bednar	Jared Bednar	The gold answer identifies Bruce Cassidy as the coach who won the Stanley Cup last season (2022-2023). The prediction, Jared Bednar, is a different coach who won the Stanley Cup in the 2021-2022 season, not 'last season'. Therefore, the prediction contradicts the gold fact.	Both answers are identical.	equivalent: 1\nreasoning: Both answers are identical.	Jared Bednar	Jared Bednar	The gold answer identifies 'Bruce Cassidy' as the coach, while the prediction states 'Jared Bednar'. These are different names, leading to a contradiction.	Both answers are identical.	equivalent: 1\nreasoning: Both answers are identical.	Jared Bednar	Jared Bednar	The gold answer identifies 'Bruce Cassidy' as the coach, while the prediction states 'Jared Bednar'. These are different names, leading to a contradiction.	Both answers are identical.	equivalent: 1\nreasoning: Both answers are identical.	1	Jared Bednar	time_dependent	high	Stanley Cup winner/coach changes each season; gold (Cassidy/Vegas) and models (Bednar/Colorado) correspond to different years.	Time-filter or specify the season year.
mintaka	6f62ab02	1	How old is the current manager of the New York Mets?	40	66	66	The prediction '66' is numerically different from the gold answer '40'. For naturally drifting values like age, the difference (26) is far outside the allowed 1-5.5 percentage-point window (26/66 = 39.39% difference).	Both answers provide the exact same numerical value.	equivalent: 1\nreasoning: Both answers provide the exact same numerical value.	66	66	The prediction '66' is numerically different from the gold answer '40'. The difference (26) is outside the allowed 1-5.5 percentage-point window for naturally drifting values like age (1 - |40 - 66| / max(40, 66) = 1 - 26/66 = 0.606, which is not within 0.945-0.99).	The answers are identical.	equivalent: 1\nreasoning: The answers are identical.	66	66	The prediction '66' is numerically different from the gold answer '40'. For naturally drifting values like age, the difference of 26 years (39.39% of the maximum value) is outside the allowed 1-5.5 percentage-point window for equivalence.	Both answers provide the exact same numerical value.	equivalent: 1\nreasoning: Both answers provide the exact same numerical value.	1	66	time_dependent	high	Mets manager changes over time; models answer an older manager (66) while gold gives 40 (different manager/snapshot).	Time-filter or specify the manager name/date.
crag	04fd2c98-6531-41a0-8f9f-4af6b7f012ef	1	who was the mvp of the mlb world series last year?	corey saeger, who plays for the texas rangers, was the mvp of the mlb world series last year.	Jorge Soler	Jorge Soler	The gold answer states 'Corey Seager' as the MVP, while the prediction states 'Jorge Soler'. These are different individuals, leading to a contradiction on the core fact of the question.	Both answers are identical.	equivalent: 1\nreasoning: Both answers are identical.	Jorge Soler	Jorge Soler	The gold answer states 'Corey Seager' as the MVP, while the prediction states 'Jorge Soler'. These are different individuals, leading to a contradiction on the core fact of the question.	Both answers are identical.	equivalent: 1\nreasoning: Both answers are identical.	Jorge Soler	Jorge Soler	The gold answer states 'Corey Seager' as the MVP, while the prediction states 'Jorge Soler'. These are different individuals, leading to a contradiction on the core fact of the question.	Both answers are identical.	equivalent: 1\nreasoning: Both answers are identical.	1	Jorge Soler	time_dependent	high	World Series MVP depends on year; gold and models align to different seasons (e.g., Seager vs Soler).	Time-filter or include the year in the question.
mintaka	aa423d1a	0	When was the oldest parliament in world history established?	930 BC	930	930	The gold answer specifies '930 BC', while the prediction only states '930'. For calendar dates and years, an exact match is required, and the 'BC' designation is a critical part of the date.	The answers are identical.	equivalent: 1\nreasoning: The answers are identical.	930	930	The prediction '930' is missing the crucial 'BC' qualifier present in the gold answer '930 BC'. For calendar dates and years, the full specification must match exactly, as 930 AD is a different time period than 930 BC.	The answers are identical.	equivalent: 1\nreasoning: The answers are identical.	0930	930	The gold answer specifies '930 BC', while the prediction '0930' does not include the 'BC' designation, which is a critical part of the date. Calendar dates and years must match exactly according to Rule 2.	"Numeric formatting normalization; ""930"" and ""0930"" represent the same year."	"equivalent: 1\nreasoning: Numeric formatting normalization; ""930"" and ""0930"" represent the same year."	0		likely_gold_error(BC_vs_AD)	medium-high	The value '930' likely refers to 930 AD (e.g., Althing), while gold says 930 BC. This looks like a BC/AD labeling error.	Verify intended parliament and fix era in gold (AD vs BC).
crag	b87aa578-d977-40f3-b96d-8ebba8aa3910	0	who was the player of the year in the premier league last season?	erling haaland, who plays for manchester city, was the player of the year in the premier league last season.	Kevin De Bruyne	Kevin De Bruyne	The prediction names 'Kevin De Bruyne' as the player of the year, which contradicts the gold answer 'Erling Haaland'.	Both answers are identical.	equivalent: 1\nreasoning: Both answers are identical.	Kevin De Bruyne	Kevin De Bruyne	The gold answer states 'Erling Haaland' was the player of the year, while the prediction states 'Kevin De Bruyne'. These are different names, leading to a contradiction.	Both answers are identical.	equivalent: 1\nreasoning: Both answers are identical.	Kevin De Bruyne	Kevin De Bruyne	The gold answer states 'Erling Haaland' was the player of the year, while the prediction states 'Kevin De Bruyne'. These are different individuals, leading to a contradiction.	Both answers are identical.	equivalent: 1\nreasoning: Both answers are identical.	1	Kevin De Bruyne	time_dependent	high	Premier League season awards vary each year; gold and models correspond to different seasons or award definitions.	Time-filter or specify the season and the award name.
mintaka	540c6b11	0	What is the tallest building in the country whose capital city is Kuala Lumpur?	Petronas Tower	Merdeka 118	Merdeka 118	The gold answer 'Petronas Tower' was formerly the tallest building in Malaysia. However, 'Merdeka 118' (the prediction) surpassed it upon its completion in 2022, becoming the current tallest building in Malaysia. Therefore, the prediction contradicts the gold fact by identifying a different, and currently correct, tallest building.	The answers are identical.	equivalent: 1\nreasoning: The answers are identical.	Merdeka 118	Merdeka 118	The gold answer 'Petronas Tower' was formerly the tallest building in Malaysia. However, 'Merdeka 118' (the prediction) surpassed it upon its completion in 2022, becoming the current tallest building in Malaysia. Therefore, the prediction contradicts the gold fact by naming a different, and currently correct, tallest building.	The two answers are identical.	equivalent: 1\nreasoning: The two answers are identical.	Merdeka 118	Merdeka 118	The gold answer 'Petronas Tower' was once the tallest building in Malaysia, but 'Merdeka 118' is now the tallest building in Malaysia (completed in 2022). The prediction contradicts the gold fact by naming a different, and currently taller, building.	Both answers are identical.	equivalent: 1\nreasoning: Both answers are identical.	1	Merdeka 118	likely_gold_outdated	high	Merdeka 118 is now taller than the Petronas Towers; gold likely reflects an older snapshot when Petronas was tallest.	Update gold or add 'as of <year>' constraint.
crag	fde0f884-56cb-47c6-a15a-056eb02cfa4b	0	when did drake release their most popular album?	drake's most popular album, take care, released in 2011.	2016-04-29	2016-04-29	The gold answer states the album was released in 2011, while the prediction states 2016, which is a direct contradiction regarding the year of release.	Both answers provide the exact same date.	equivalent: 1\nreasoning: Both answers provide the exact same date.	2016-04-29	2016-04-29	The gold answer states the album was released in 2011, while the prediction states 2016-04-29. These dates contradict each other.	Both answers provide the exact same date.	equivalent: 1\nreasoning: Both answers provide the exact same date.	2016-04-29	2016-04-29	The gold answer states the album was released in 2011, while the prediction states 2016-04-29. These dates contradict each other.	Both answers provide the exact same date.	equivalent: 1\nreasoning: Both answers provide the exact same date.	1	2016-04-29	ambiguous_definition(popularity)	medium	'Most popular album' is subjective (streams vs sales vs critical). Gold picks Take Care (2011) while models pick Views (2016). Both can be defended under different metrics.	Define the metric (e.g., highest-streamed) and then update gold.
mintaka	249c69f3	0	Who was the wife of the 21st president?	Eliza Johnson	Ellen Lewis Herndon Arthur	Ellen Lewis Herndon Arthur	The prediction 'Ellen Lewis Herndon Arthur' is a different name from the gold answer 'Eliza Johnson'. Therefore, the prediction does not communicate the same essential fact as the gold answer.	Both answers are identical.	equivalent: 1\nreasoning: Both answers are identical.	Ellen Lewis Herndon Arthur	Ellen Herndon Arthur	The gold answer 'Eliza Johnson' and the prediction 'Ellen Lewis Herndon Arthur' are different names. The prediction does not communicate the same fact as the gold answer.	"Extra detail is allowed. Answer B includes an additional middle name (""Lewis""), which is a more specific but consistent version of the name in Answer A."	"equivalent: 1\nreasoning: Extra detail is allowed. Answer B includes an additional middle name (""Lewis""), which is a more specific but consistent version of the name in Answer A."	Ellen Lewis Herndon Arthur	Ellen Lewis Herndon Arthur	The gold answer 'Eliza Johnson' is a different name from the prediction 'Ellen Lewis Herndon Arthur'. They are not equivalent.	Both answers are identical.	equivalent: 1\nreasoning: Both answers are identical.	1	Ellen Lewis Herndon Arthur	likely_gold_error	high	21st US president is Chester A. Arthur; his wife was Ellen Lewis Herndon Arthur (models). Gold gives Eliza Johnson (Andrew Johnson’s wife).	Fix gold to Ellen Lewis Herndon Arthur.
mintaka	a04200ad	0	Who is the main protagonist of the second Metal Gear game?	Raiden	Solid Snake	Solid Snake	The prediction 'Solid Snake' contradicts the gold answer 'Raiden'. These are different characters.	The two answers are identical.	equivalent: 1\nreasoning: The two answers are identical.	Solid Snake	Solid Snake	The prediction 'Solid Snake' contradicts the gold answer 'Raiden'. These are different characters.	The two answers are identical.	equivalent: 1\nreasoning: The two answers are identical.	Solid Snake	Solid Snake	The prediction 'Solid Snake' directly contradicts the gold answer 'Raiden'. These are different characters.	Both answers are identical.	equivalent: 1\nreasoning: Both answers are identical.	1	Solid Snake	ambiguous_title(“second Metal Gear”)	high	If interpreted as 'Metal Gear 2: Solid Snake', protagonist is Solid Snake (models). Gold 'Raiden' corresponds to Metal Gear Solid 2 (different naming).	Clarify the game title explicitly and update gold.
mintaka	2b7aada8	0	Who was the US president when Lehman Brothers went bankrupt?	Barack Obama	George W. Bush	George W. Bush	The prediction 'George W. Bush' directly contradicts the gold answer 'Barack Obama' regarding the US president at the time of the Lehman Brothers bankruptcy.	The answers are identical.	equivalent: 1\nreasoning: The answers are identical.	George W. Bush	George W. Bush	The prediction 'George W. Bush' is a different individual than the gold answer 'Barack Obama'. These are distinct facts regarding who was president at the time.	The two answers are identical.	equivalent: 1\nreasoning: The two answers are identical.	George W. Bush	George W. Bush	The prediction 'George W. Bush' contradicts the gold answer 'Barack Obama'. These are two different individuals, and the Lehman Brothers bankruptcy occurred during George W. Bush's presidency, not Barack Obama's.	Both answers are identical.	equivalent: 1\nreasoning: Both answers are identical.	1	George W. Bush	likely_gold_error	high	Lehman Brothers filed for bankruptcy in Sept 2008 during the George W. Bush administration; gold says Barack Obama.	Fix gold to George W. Bush.
mintaka	7e554842	0	How long did the longest serving mayor serve in New York?	11 years (1934–1945)	12 years	12 years	The gold answer states '11 years' while the prediction states '12 years'. The difference of 1 year is outside the allowed numeric tolerance of max(0.5, 1% of 11) = 0.5.	Both answers are identical.	equivalent: 1\nreasoning: Both answers are identical.	12 years	12 years	The gold answer states '11 years' while the prediction states '12 years'. The difference of 1 year is outside the allowed numeric tolerance of max(0.5, 1% of 11) = 0.5.	The answers are identical.	equivalent: 1\nreasoning: The answers are identical.	12 years	12 years	The gold answer states '11 years' while the prediction states '12 years'. The difference of 1 year is outside the allowed numeric tolerance of max(0.5, 1% of 11) = 0.5.	Both answers are identical.	equivalent: 1\nreasoning: Both answers are identical.	1	12 years	numeric_counting_convention	medium-high	La Guardia served 1934–1945; models answer 12 years while gold says 11, likely due to inclusive/exclusive counting.	Normalize to a single counting convention (e.g., 12 years) and update gold.
