dataset	id	question	gold_answer	assistant_label	assistant_notes	stable_wrong_models	frontier_open_consensus_count	frontier_open_consensus_answer	model_dir__gemini_2_5_pro	stable_wrong__gemini_2_5_pro	open_correct__gemini_2_5_pro	consistency_equivalent__gemini_2_5_pro	open_answer__gemini_2_5_pro	assistive_answer__gemini_2_5_pro	open_correctness_reasoning__gemini_2_5_pro	consistency_reasoning__gemini_2_5_pro	model_dir__gemini_2_5_flash	stable_wrong__gemini_2_5_flash	open_correct__gemini_2_5_flash	consistency_equivalent__gemini_2_5_flash	open_answer__gemini_2_5_flash	assistive_answer__gemini_2_5_flash	open_correctness_reasoning__gemini_2_5_flash	consistency_reasoning__gemini_2_5_flash	model_dir__gpt_5_1	stable_wrong__gpt_5_1	open_correct__gpt_5_1	consistency_equivalent__gpt_5_1	open_answer__gpt_5_1	assistive_answer__gpt_5_1	open_correctness_reasoning__gpt_5_1	consistency_reasoning__gpt_5_1	hand_review_label	hand_review_confidence	hand_review_notes
bamboogle	bamboogle_0055_a38b6895	Who directed the highest grossing film?	James Cameroon	frontier_consensus_vs_gold	All three frontier models agree on 'James Cameron' (normalized), which contradicts the gold answer; likely gold ambiguity/outdatedness or a shared model misconception.	gemini_2_5_flash,gpt_5_1	3	James Cameron	google-gemini-2-5-pro	0	1	1	James Cameron	James Cameron	The prediction 'James Cameron' is a common and widely accepted spelling of the director's name, while 'James Cameroon' in the gold answer appears to be a misspelling. Given the context of a proper name, this minor spelling difference is considered equivalent.	Both answers are identical.	google-gemini-2-5-flash	1	0	1	James Cameron	James Cameron	The prediction 'James Cameron' differs from the gold answer 'James Cameroon' by a spelling mistake in the last name. This is not covered by normalization rules for aliases or common variations.	Both answers are identical.	gpt-5-1	1	0	1	James Cameron	James Cameron	The gold answer 'James Cameroon' has a different spelling for the last name compared to the prediction 'James Cameron'. While 'James Cameron' is the correct spelling of the director's name, the evaluation must compare the prediction against the provided gold answer, which contains a typo. The names are not identical and do not fall under alias/abbreviation normalization.	Both answers are identical.	gold_typo	high	Gold appears to have a typo ('James Cameroon'); consensus 'James Cameron' is the obvious intended string.
bamboogle	bamboogle_0059_abedd531	In what year was the tallest fixed steel structure completed?	1988	frontier_consensus_vs_gold	All three frontier models agree on '2012' (normalized), which contradicts the gold answer; likely gold ambiguity/outdatedness or a shared model misconception.	gemini_2_5_flash,gpt_5_1	3	2012	google-gemini-2-5-pro	0	0	0	2012	2000	The gold answer is '1988' and the prediction is '2012'. Calendar dates and years must match exactly according to Rule 2. The prediction contradicts the gold answer.	The years provided (2000 and 2012) are different and calendar years must match exactly.	google-gemini-2-5-flash	1	0	1	2012	2012	The prediction '2012' contradicts the gold answer '1988'. Calendar dates/years must match exactly.	Both answers state the exact same year.	gpt-5-1	1	0	1	2012	2012	The gold answer is 1988, and the prediction is 2012. Calendar dates/years must match exactly, and these values are different.	Both answers state the exact same year.	likely_outdated_or_definition	medium	All models answer 2012 vs gold 1988; likely an outdated snapshot or a definition mismatch for 'tallest fixed steel structure'.
bamboogle	bamboogle_0066_6b32e7f3	The most populous national capital city was established in what year?	1045 BC	frontier_consensus_vs_gold	All three frontier models agree on '1457' (normalized), which contradicts the gold answer; likely gold ambiguity/outdatedness or a shared model misconception.	gemini_2_5_flash	3	1457	google-gemini-2-5-pro	0	0	0	1457	1271	The gold answer specifies '1045 BC' while the prediction states '1457'. These are different years and do not match, violating the exact match requirement for calendar dates/years.	The years provided are different and do not fall within any acceptable numeric tolerance.	google-gemini-2-5-flash	1	0	1	1457	1457	The gold answer specifies '1045 BC' while the prediction is '1457'. Calendar dates or years must match exactly according to Rule 2, and these values are significantly different.	Both answers state the exact same year.	gpt-5-1	0	0	0	1457	1868	The gold answer specifies '1045 BC' while the prediction states '1457'. These are different years, and calendar dates/years must match exactly according to the rules.	The years provided are different and calendar dates/years must match exactly.	likely_gold_error	medium-high	Gold year '1045 BC' seems inconsistent with a modern most-populous capital framing; consensus 1457 likely corresponds to a different intended capital (e.g., Tokyo/Edo founding).
crag	12d2b048-e8de-470a-b4f2-81b0cf03ec5e	what was the name of the movie that won the most golden globe awards in a single year, including best motion picture – drama, best director, and best actor – motion picture drama?	the movie that won the most golden globe awards in a single year, including best motion picture – drama, best director, and best actor in a motion picture – drama, was oppenheimer, directed by christopher nolan and starring cillian murphy.	frontier_consensus_vs_gold	All three frontier models agree on 'One Flew Over the Cuckoo's Nest' (normalized), which contradicts the gold answer; likely gold ambiguity/outdatedness or a shared model misconception.	gemini_2_5_flash	3	One Flew Over the Cuckoo's Nest	google-gemini-2-5-pro	0	0	0	One Flew Over the Cuckoo's Nest	The Revenant	The gold answer states the movie was 'Oppenheimer', while the prediction states 'One Flew Over the Cuckoo's Nest'. These are different movies, leading to a direct contradiction.	"Answer A (""The Revenant"") won 3 Golden Globes, including the specified categories. Answer B (""One Flew Over the Cuckoo's Nest"") won 5 Golden Globes, including the specified categories, making it the movie that won ""the most"" among those that met the specific criteria. The answers provide different movies."	google-gemini-2-5-flash	1	0	1	One Flew Over the Cuckoo's Nest	One Flew Over the Cuckoo's Nest	The prediction 'One Flew Over the Cuckoo's Nest' directly contradicts the gold answer 'Oppenheimer' regarding the name of the movie that won the specified Golden Globe awards.	Both answers are identical.	gpt-5-1	0	0	0	One Flew Over the Cuckoo’s Nest	The Revenant	The gold answer states the movie was 'Oppenheimer', while the prediction states 'One Flew Over the Cuckoo’s Nest'. These are different movies, leading to a contradiction.	Answer A (The Revenant) won 3 Golden Globes, including the specified categories. Answer B (One Flew Over the Cuckoo’s Nest) won 6 Golden Globes, including the specified categories, making it the movie that won the most awards under the given conditions. The answers provide different, contradictory facts.	definition_mismatch	low	Record/criterion unclear: 'most Golden Globe awards in a single year' depends on which categories and whether 'record holder' vs 'recent big winner' is intended.
crag	c47ece5d-49ba-4ee2-ba5e-cfee323dbec0	who was the first actor to play the role of a comic book hero in a live-action movie?	warren hall was the first actor to play the role of a superhero in a live-action movie, in his iconic portrayal of mandrake the magician in 1939, directed by norman deming and sam nelson.	frontier_consensus_vs_gold	All three frontier models agree on 'Tom Tyler' (normalized), which contradicts the gold answer; likely gold ambiguity/outdatedness or a shared model misconception.	gemini_2_5_pro,gpt_5_1	3	Tom Tyler	google-gemini-2-5-pro	1	0	1	Tom Tyler	Tom Tyler	The gold answer identifies 'Warren Hall' as the first actor, while the prediction states 'Tom Tyler'. These are different names, leading to a contradiction on the core fact.	Both answers are identical.	google-gemini-2-5-flash	0	0	0	Tom Tyler	George Reeves	The gold answer identifies 'Warren Hall' as the first actor, while the prediction states 'Tom Tyler'. These are different names, leading to a direct contradiction on the core fact.	The answers name different actors. Tom Tyler (Captain Marvel, 1941) is generally considered the first, while George Reeves (Superman) came later.	gpt-5-1	1	0	1	Tom Tyler	Tom Tyler	The gold answer identifies 'Warren Hall' as the first actor, while the prediction states 'Tom Tyler'. These are different names, leading to a contradiction on the core fact.	Both answers are identical.	definition_mismatch(comic_book_vs_strip)	medium-high	Gold cites Mandrake (comic strip), while question asks 'comic book hero'. Consensus Tom Tyler likely aligns with an early comic-book superhero serial; dataset should clarify scope.
crag	e6fe70a3-61b9-4b6f-b953-9ec181806b7d	can you tell me the name of the actress who starred in the film that won the best picture oscar in 1993?	anna thomson	frontier_consensus_vs_gold	All three frontier models agree on 'Frances Fisher' (normalized), which contradicts the gold answer; likely gold ambiguity/outdatedness or a shared model misconception.	gemini_2_5_pro,gpt_5_1	3	Frances Fisher	google-gemini-2-5-pro	1	0	1	Frances Fisher	Frances Fisher	The gold answer states 'anna thomson' and the prediction states 'Frances Fisher'. These are two distinct names, and therefore the prediction does not communicate the same essential fact as the gold answer. They contradict each other on the identity of the actress.	Both answers are identical.	google-gemini-2-5-flash	0	1	1	Frances Fisher	Frances Fisher	The Best Picture Oscar winner in 1993 was 'Unforgiven'. Both Anna Thomson (gold) and Frances Fisher (prediction) were actresses who starred in this film. Since the question asks for 'the name of the actress' and does not require a specific one or all, the prediction provides a valid actress from the film, which is acceptable as a subset of possible correct answers (Rule 9).	Both answers are identical.	gpt-5-1	1	0	1	Frances Fisher	Frances Fisher	The gold answer 'anna thomson' is a different name from the prediction 'Frances Fisher'. They are distinct facts.	Both answers are identical.	underspecified_multi_answer	medium	'Best picture Oscar in 1993' is ambiguous (ceremony year vs film year), and even within a film there may be multiple actresses; gold vs consensus may both be defensible.
frames	139	"What is the name of the play written in May 2016 by a playwright who won the MacArthur Fellowship the same year as the poet who wrote ""Postcolonial Love Poem""?"	Skeleton Crew	frontier_consensus_vs_gold	All three frontier models agree on 'Pipeline' (normalized), which contradicts the gold answer; likely gold ambiguity/outdatedness or a shared model misconception.	gemini_2_5_flash,gpt_5_1	3	Pipeline	gemini-2.5-pro	0	0	0	Pipeline	Skeleton Crew	"The prediction ""Pipeline"" contradicts the gold answer ""Skeleton Crew""."	"The two answers provide different play titles, ""Pipeline"" and ""Skeleton Crew"", which are not equivalent."	gemini-2.5-flash	1	0	1	Pipeline	Pipeline	"The prediction ""Pipeline"" contradicts the gold answer ""Skeleton Crew""."	Both answers are identical strings.	gpt-5.1	1	0	1	Pipeline	Pipeline	"The prediction ""Pipeline"" contradicts the gold answer ""Skeleton Crew""."	Both answers are identical strings.	needs_verification	low	Complex chain (MacArthur year + specific play month). Cannot validate offline whether gold 'Skeleton Crew' or consensus 'Pipeline' is intended without checking the linked entities.
frames	202	The National Peace Corps Association was founded in 1979 by a United States politician. This founder then appointed the very first director of the Peace Corps, his brother-in-law. What is the first name of this director?	Robert	frontier_consensus_vs_gold	All three frontier models agree on 'Sargent' (normalized), which contradicts the gold answer; likely gold ambiguity/outdatedness or a shared model misconception.	gpt_5_1	3	Sargent	gemini-2.5-pro	0	0	0	Sargent	Robert	"The prediction ""Sargent"" contradicts the gold answer ""Robert""."	"The names ""Sargent"" and ""Robert"" are distinct and not equivalent."	gemini-2.5-flash	0	0	0	Sargent	Robert	"The prediction ""Sargent"" contradicts the gold answer ""Robert""."	"The names ""Sargent"" and ""Robert"" are distinct and cannot be normalized to be equivalent."	gpt-5.1	1	0	1	Sargent	Sargent	"The prediction ""Sargent"" contradicts the gold answer ""Robert""."	Both answers are identical.	likely_gold_error	high	First Peace Corps director was Sargent Shriver; gold 'Robert' is incorrect (answer should be 'Sargent').
frames	250	The Sikh empire's capital at the time of the Battle of Sobraon came under the rule of the British Crown in what year?	1858	frontier_consensus_vs_gold	All three frontier models agree on '1849' (normalized), which contradicts the gold answer; likely gold ambiguity/outdatedness or a shared model misconception.	gemini_2_5_pro,gemini_2_5_flash,gpt_5_1	3	1849	gemini-2.5-pro	1	0	1	1849	1849	The predicted year '1849' does not match the gold year '1858'. Calendar dates/years must match exactly.	Both answers state the same year, 1849, which is an exact match.	gemini-2.5-flash	1	0	1	1849	1849	The predicted year '1849' does not match the gold year '1858'. Calendar dates/years must match exactly.	Both answers state the exact same year, 1849.	gpt-5.1	1	0	1	1849	1849	The predicted year '1849' does not match the gold year '1858'. Calendar dates/years must match exactly.	Both answers state the same year, 1849, which is an exact match.	definition_mismatch(annexation_vs_crown_rule)	medium-high	1849 matches annexation of Punjab (British control), 1858 matches start of direct Crown rule. Wording 'British Crown' makes this ambiguous; question should pin which event.
frames	297	What song topped Billboard magazine's Top 30 chart in the same year that the first documented case of a person being hit and surviving a meteorite occurred?	Little Things Mean a Lot by Kitty Kallen	frontier_consensus_vs_gold	All three frontier models agree on 'Little Things Mean a Lot' (normalized), which contradicts the gold answer; likely gold ambiguity/outdatedness or a shared model misconception.	gemini_2_5_pro,gemini_2_5_flash,gpt_5_1	3	Little Things Mean a Lot	gemini-2.5-pro	1	0	1	Little Things Mean a Lot	Little Things Mean a Lot	"The prediction is missing the artist, ""Kitty Kallen"", which is a vital fact included in the gold answer for identifying the song."	Both answers are identical strings.	gemini-2.5-flash	1	0	1	Little Things Mean a Lot	Little Things Mean a Lot	"The prediction is missing the artist, ""Kitty Kallen"", which is a vital fact included in the gold answer for identifying the song."	Both answers are identical strings.	gpt-5.1	1	0	1	Little Things Mean a Lot	Little Things Mean a Lot	"The prediction is missing the artist, ""Kitty Kallen"", which is a vital fact included in the gold answer for identifying the song."	Both answers are identical strings.	gold_overspecified	high	Question asks for the song; gold includes 'by <artist>' while consensus provides only the song title. Gold should not require the artist if not asked.
frames	598	A certain singer won the Grammy Award for Song of the Year in 2008 and in the same year, sang at a prominent person's 90th Birthday Party concert in London. How many vowels are in the given first name of the person who the birthday party was for?	4	frontier_consensus_vs_gold	All three frontier models agree on '2' (normalized), which contradicts the gold answer; likely gold ambiguity/outdatedness or a shared model misconception.	gemini_2_5_pro,gemini_2_5_flash,gpt_5_1	3	2	gemini-2.5-pro	1	0	1	2	2	The prediction '2' does not match the gold answer '4'. The absolute difference (2) is greater than the allowed 5% tolerance for numbers (0.2).	Both answers state the same numerical value.	gemini-2.5-flash	1	0	1	2	2	The prediction '2' does not match the gold answer '4'. The absolute difference (2) is greater than the allowed 5% tolerance for numbers (0.2).	Both answers are identical numerical values.	gpt-5.1	1	0	1	2	2	The prediction '2' does not match the gold answer '4'. The absolute difference (2) is greater than the allowed 5% tolerance for numbers (0.2).	Both answers state the same numerical value.	likely_gold_error	high	The '90th Birthday Party concert in London' strongly suggests Nelson Mandela; first name 'Nelson' has 2 vowels, not 4.
frames	77	According to the 2011 census, what is total population of the cities of the birthplaces of author Clive Barker, Prince William, and Sir Malcolm Stanley Bradbury? Round to the nearest 100,000. 	11,300,000	frontier_consensus_vs_gold	All three frontier models agree on '9,200,000' (normalized), which contradicts the gold answer; likely gold ambiguity/outdatedness or a shared model misconception.	gemini_2_5_pro,gemini_2_5_flash,gpt_5_1	3	9,200,000	gemini-2.5-pro	1	0	1	9,200,000	9200000	The prediction (9,200,000) is not within 5% tolerance of the gold value (11,300,000). The difference is 2,100,000, while the allowed tolerance is 565,000.	Thousands separators are ignored, making 9,200,000 and 9200000 equivalent.	gemini-2.5-flash	1	0	1	9,200,000	9200000	The prediction 9,200,000 is not within 5% of the gold value 11,300,000. The allowed tolerance is 565,000, but the difference is 2,100,000.	Thousands separators are ignored for numerical comparison. Both values represent the same number.	gpt-5.1	1	0	1	9,200,000	9200000	The prediction 9,200,000 is not within 5% of the gold value 11,300,000. The allowed tolerance is 565,000, but the difference is 2,100,000.	Thousands separators are ignored, making 9,200,000 and 9200000 equivalent.	likely_gold_error	medium-high	Sum of 2011-census populations for (London + Liverpool + Sheffield) is closer to ~9.2M than 11.3M; gold likely miscomputed or used different boundaries.
frames	86	What medal did the woman who tied for 19th in the 2011 Pan American Games women's individual bowling event win as part of a women's bowling doubles team in the 2017 World Games?	Bronze medalist	frontier_consensus_vs_gold	All three frontier models agree on 'Gold' (normalized), which contradicts the gold answer; likely gold ambiguity/outdatedness or a shared model misconception.	gemini_2_5_pro,gpt_5_1	3	Gold	gemini-2.5-pro	1	0	1	Gold	Gold	"The prediction ""Gold"" contradicts the gold answer ""Bronze medalist""."	Both answers are identical.	gemini-2.5-flash	0	0	0	Gold	silver	"The prediction ""Gold"" contradicts the gold answer ""Bronze medalist""."	"""Gold"" and ""silver"" are different medals and thus different facts."	gpt-5.1	1	0	1	gold	Gold	"The prediction ""gold"" contradicts the gold answer ""Bronze medalist""."	"Case normalization makes ""gold"" and ""Gold"" equivalent."	needs_verification	low	Medal color for the athlete at the 2017 World Games requires checking the event results; cannot verify offline.
frames	88	If you were to combine two words, the first of which has a species called Polytrichum piliferum, and the second which has a breed type called Fleckvieh, you'd get the name of what countries capital city?	Russia	frontier_consensus_vs_gold	All three frontier models agree on 'Moscow' (normalized), which contradicts the gold answer; likely gold ambiguity/outdatedness or a shared model misconception.	gemini_2_5_pro,gpt_5_1	3	Moscow	gemini-2.5-pro	1	0	1	Moscow	Moscow	"The gold answer specifies a country (""Russia""), while the prediction specifies a capital city (""Moscow""). These are distinct entities, even though Moscow is the capital of Russia. The prediction does not convey the same vital fact as the gold."	Both answers are identical.	gemini-2.5-flash	0	0	0	Moscow	Harare	"The gold answer ""Russia"" refers to a country, while the prediction ""Moscow"" refers to a city. These are distinct entities and not equivalent, even though Moscow is the capital of Russia. The prediction does not convey the same vital fact as the gold."	'Moscow' and 'Harare' are different capital cities.	gpt-5.1	1	0	1	Moscow	Moscow	"The gold answer ""Russia"" refers to a country, while the prediction ""Moscow"" refers to a city. These are distinct entities and not equivalent, even though Moscow is the capital of Russia. The prediction does not convey the same vital fact as the gold."	Both answers are identical.	model_misread_question	medium-high	The combined words yield a capital-city name (Moscow). The question asks 'what country's capital city' that is, so gold 'Russia' may be correct while models answer the city.
hotpotqa	5a7d231555429909bec76986	La Barredora was a gang that declared war on the leader of the cartel based where?	Sinaloa	frontier_consensus_vs_gold	All three frontier models agree on 'Acapulco' (normalized), which contradicts the gold answer; likely gold ambiguity/outdatedness or a shared model misconception.	gemini_2_5_flash	3	Acapulco	google-gemini-2-5-pro	0	0	0	Acapulco	Sinaloa	The gold answer states the cartel was based in 'Sinaloa', while the prediction states 'Acapulco'. These are different locations, leading to a contradiction.	The answers provide contradictory locations for the cartel's base.	google-gemini-2-5-flash	1	0	1	Acapulco	Mexico	The gold answer states the cartel was based in 'Sinaloa', while the prediction states 'Acapulco'. These are different locations, leading to a contradiction.	Answer B (Acapulco) is a city within the country mentioned in Answer A (Mexico). Answer B is a more specific but consistent location, which is considered equivalent.	gpt-5-1	0	0	0	Acapulco	Sinaloa, Mexico	The prediction 'Acapulco' contradicts the gold answer 'Sinaloa' regarding the location of the cartel's base.	The answers provide different locations (Sinaloa vs. Acapulco), which is a direct contradiction.	needs_verification	low	Requires checking the referenced cartel/leader location; cannot verify offline whether 'Sinaloa' or 'Acapulco' is intended.
hotpotqa	5a874fd15542996432c57260	What was the film debut of the actress who starred in Pandemonium?	"""Divorce American Style"""	frontier_consensus_vs_gold	All three frontier models agree on 'Carnal Knowledge' (normalized), which contradicts the gold answer; likely gold ambiguity/outdatedness or a shared model misconception.	gemini_2_5_pro,gpt_5_1	3	Carnal Knowledge	google-gemini-2-5-pro	1	0	1	Carnal Knowledge	Carnal Knowledge	The prediction 'Carnal Knowledge' contradicts the gold answer 'Divorce American Style' regarding the film debut.	Both answers are identical.	google-gemini-2-5-flash	0	0	0	Carnal Knowledge	Pocketful of Miracles	The gold answer states the film debut was 'Divorce American Style', while the prediction states it was 'Carnal Knowledge'. These are two different films, leading to a contradiction.	"The film debut of Carol Kane (the actress who starred in Pandemonium) was ""Carnal Knowledge"", which contradicts ""Pocketful of Miracles""."	gpt-5-1	1	0	1	Carnal Knowledge	Carnal Knowledge	The gold answer states the film debut was 'Divorce American Style', while the prediction states 'Carnal Knowledge'. These are two different films, leading to a contradiction.	Both answers are identical.	needs_verification	low	Film debut of the actress in Pandemonium requires confirming the actress and debut filmography; cannot verify offline.
hotpotqa	5a8f938a55429918e830d275	Approximately what percentage of the global population is made up of the ethnic group Princess Fragrant was produced to improve relations with?	17%	frontier_consensus_vs_gold	All three frontier models agree on '0.15%' (normalized), which contradicts the gold answer; likely gold ambiguity/outdatedness or a shared model misconception.	gemini_2_5_pro,gemini_2_5_flash	3	0.15%	google-gemini-2-5-pro	1	0	1	0.15%	0.15%	The gold answer is 17% and the prediction is 0.15%. The absolute difference is 16.85 percentage points, which is far outside the allowed 5.5 percentage-point window for naturally drifting values. These values are not numerically equivalent.	Both answers are identical.	google-gemini-2-5-flash	1	0	1	0.15%	0.15%	The gold answer is 17% and the prediction is 0.15%. These values are significantly different and do not fall within the allowed numeric tolerance for naturally drifting values (1-5.5 percentage-point window) or the general numeric tolerance (|a − b| ≤ max(0.5, 1% of the reference)). The absolute difference is 16.85, which is far greater than 0.5 or 1% of 17 (0.17).	The answers are identical.	gpt-5-1	0	0	0	0.15%	0.15	The gold answer is 17% and the prediction is 0.15%. The difference is 16.85 percentage points, which is far outside the allowed tolerance for numeric expressions (max(0.5, 1% of reference) or a 1-5.5 percentage-point window for naturally drifting values). 0.15% is not equivalent to 17%.	Answer A (0.15) represents 15%, while Answer B (0.15%) represents 0.15%. These are different numerical values.	likely_gold_error(numeric_scale)	medium-high	Gold 17% vs consensus 0.15% suggests a large numeric scale error (percent-of-world-pop).
hotpotqa	5ac1bfd85542994ab5c67dfb	How many German scientists, engineers, and technicians, were recruited in post-Nazi Germany as a result of the clandestine operation where Arthur Rudolph became one of the main developers of the U.S. ?space program	more than 1,600	frontier_consensus_vs_gold	All three frontier models agree on '1,600' (normalized), which contradicts the gold answer; likely gold ambiguity/outdatedness or a shared model misconception.	gemini_2_5_flash	3	1,600	google-gemini-2-5-pro	0	0	0	1,600	More than 1,600	The gold answer specifies 'more than 1,600', indicating a value strictly greater than 1,600. The prediction states '1,600', which is not 'more than 1,600'. This constitutes a contradiction in the numerical value.	"""More than 1,600"" explicitly excludes the number 1,600, while ""1,600"" states the exact number. These are distinct numerical assertions and not covered by the numeric tolerance rule for small differences."	google-gemini-2-5-flash	1	0	1	1,600	1,600	The gold answer specifies 'more than 1,600', indicating a value strictly greater than 1,600. The prediction states '1,600', which is not 'more than 1,600'. This constitutes a contradiction in the numerical value.	The answers are identical.	gpt-5-1	0	0	0	1600	more than 1,600	The gold answer specifies 'more than 1,600', indicating a value strictly greater than 1,600. The prediction of '1600' contradicts this by not being 'more than' the stated number.	"Answer A states ""more than 1,600"" while Answer B states ""1600"", which are contradictory as ""more than 1,600"" excludes the value 1,600."	rounding_or_strictness	medium	Gold says 'more than 1,600' while consensus is '1,600'. This looks like strictness/rounding rather than a substantive factual disagreement.
hotpotqa	5ae753b75542997b22f6a6db	Jayantabhai Ki Luv Story includes a lead role for the film actress and model who is a native of what city?	Bihar	frontier_consensus_vs_gold	All three frontier models agree on 'Bhagalpur' (normalized), which contradicts the gold answer; likely gold ambiguity/outdatedness or a shared model misconception.	gemini_2_5_pro,gpt_5_1	3	Bhagalpur	google-gemini-2-5-pro	1	0	1	Bhagalpur	Bhagalpur	The question asks for a 'city'. The gold answer 'Bihar' is a state, not a city. The prediction 'Bhagalpur' is a city. While Bhagalpur is located within Bihar, the prediction and gold refer to different geographical entities (a city vs. a state), and thus do not communicate the same essential fact, especially given the specific request for a 'city' in the question.	Both answers are identical.	google-gemini-2-5-flash	0	1	1	Bhagalpur	Bhagalpur	The question asks for a 'city', and the gold answer provides 'Bihar', which is a state. The prediction 'Bhagalpur' is a city located within the state of Bihar. The prediction does not contradict the gold answer; instead, it provides a more specific location within the gold's broader region, and also correctly identifies a 'city' as requested by the question. This falls under the allowance for extra detail that does not contradict the gold fact.	The answers are identical.	gpt-5-1	1	0	1	Bhagalpur	Bhagalpur	The question asks for a 'city'. The gold answer provides a state ('Bihar'), while the prediction provides a city ('Bhagalpur'). Although Bhagalpur is located within Bihar, the gold and prediction refer to different types of geographical entities (state vs. city) and are therefore not the same essential fact.	Both answers are identical.	likely_gold_error(type_mismatch)	high	Question asks for a city; gold answers a state/region ('Bihar') while consensus gives a city (Bhagalpur).
mintaka	6613db77	How many Supreme Court Justices were nominated by the president, the most in history?	14	frontier_consensus_vs_gold	All three frontier models agree on '11' (normalized), which contradicts the gold answer; likely gold ambiguity/outdatedness or a shared model misconception.	gemini_2_5_pro,gpt_5_1	3	11	google-gemini-2-5-pro	1	0	1	11	11	The gold answer is 14, and the prediction is 11. The absolute difference is 3, which is outside the allowed numerical tolerance of max(0.5, 1% of 14 = 0.14) = 0.5.	Both answers are identical and state the same number.	google-gemini-2-5-flash	0	0	0	11	9	The gold answer is 14, and the prediction is 11. The absolute difference is 3, which is outside the allowed numerical tolerance of max(0.5, 1% of 14 = 0.14) = 0.5.	The two answers provide different numbers (9 vs 11) which is a direct contradiction.	gpt-5-1	1	0	1	11	11	The gold answer is 14, and the prediction is 11. The difference (3) exceeds the allowed numerical tolerance of max(0.5, 1% of 14 = 0.14), which is 0.5. Therefore, the prediction is incorrect.	Both answers are identical and state the same number.	definition_mismatch(nominated_vs_confirmed)	medium	Counts differ depending on whether you count nominations (including unsuccessful/declined) vs confirmed appointments. Question needs a consistent definition.
mintaka	c18486eb	What is the name of the U.S. state with the biggest volcano?	Washington	frontier_consensus_vs_gold	All three frontier models agree on 'Hawaii' (normalized), which contradicts the gold answer; likely gold ambiguity/outdatedness or a shared model misconception.	gemini_2_5_pro,gpt_5_1	3	Hawaii	google-gemini-2-5-pro	1	0	1	Hawaii	Hawaii	The prediction 'Hawaii' contradicts the gold answer 'Washington'. These are two distinct U.S. states.	Both answers are identical.	google-gemini-2-5-flash	0	0	0	Hawaii	Washington	The prediction 'Hawaii' contradicts the gold answer 'Washington'. These are two distinct U.S. states.	The answers provide two different U.S. states, Washington and Hawaii, which is a direct contradiction.	gpt-5-1	1	0	1	Hawaii	Hawaii	The prediction 'Hawaii' directly contradicts the gold answer 'Washington'. These are two distinct U.S. states.	Both answers are identical.	likely_gold_error(scope)	medium-high	Without a 'contiguous US' qualifier, 'biggest volcano' strongly points to Hawaii (shield volcanoes). Gold 'Washington' likely reflects a different scope/definition.
musique	2hop__135653_669373	Who is the employer of the person Mach's principle was named after?	Charles University	frontier_consensus_vs_gold	All three frontier models agree on 'University of Vienna' (normalized), which contradicts the gold answer; likely gold ambiguity/outdatedness or a shared model misconception.	gemini_2_5_pro,gemini_2_5_flash	3	University of Vienna	gemini-2.5-pro	1	0	1	University of Vienna	University of Graz; Charles University; University of Vienna	The predicted employer 'University of Vienna' is a different institution from the gold employer 'Charles University', thus contradicting the gold fact.	Answer A matches one of the semicolon-separated alternatives in Answer B.	gemini-2.5-flash	1	0	1	University of Vienna	University of Graz; University of Prague; University of Vienna	The predicted employer 'University of Vienna' is a different institution from the gold employer 'Charles University', thus contradicting the gold fact.	Answer A matches one of the semicolon-separated alternatives in Answer B.	gpt-5.1	0	0	0	University of Vienna	Charles University	"The predicted answer ""University of Vienna"" contradicts the gold answer ""Charles University"" as they are different institutions."	The two answers refer to different universities; they are not aliases and represent distinct facts.	ambiguous_time(employment)	medium	Ernst Mach held positions at both Charles University (Prague) and University of Vienna; 'employer' is time-dependent without specifying the period.
musique	2hop__135822_46621	When was the star to which Solgränd is named after discovered to be the center of the solar system?	as early as the 3rd century BC	frontier_consensus_vs_gold	All three frontier models agree on '1543' (normalized), which contradicts the gold answer; likely gold ambiguity/outdatedness or a shared model misconception.	gemini_2_5_pro,gemini_2_5_flash,gpt_5_1	3	1543	gemini-2.5-pro	1	0	1	1543	1543	The gold answer refers to an early proposal of the heliocentric model (3rd century BC, e.g., Aristarchus of Samos), while the prediction refers to a much later, widely published work (1543 AD, Copernicus). These are distinct historical periods for the 'discovery' or proposal of the heliocentric model, and years/dates have zero tolerance for discrepancy.	Both answers are identical and represent the same year.	gemini-2.5-flash	1	0	1	1543	1543	The gold answer refers to the earliest known proposal of the heliocentric model (Aristarchus of Samos in the 3rd century BC), while the prediction refers to the publication of Copernicus's heliocentric model in 1543. These are distinct historical events and do not convey the same essential fact regarding the *discovery* of the sun as the center of the solar system.	Both answers are identical and represent the same year.	gpt-5.1	1	0	1	1543	1543	The predicted year (1543) does not match the gold answer's time period (3rd century BC). Dates and years have zero tolerance.	Both answers are identical and represent the same year.	definition_mismatch(discovered_vs_proposed)	medium	Heliocentrism was proposed in antiquity (3rd century BC) but formalized/popularized much later (Copernicus 1543). Wording 'discovered' is ambiguous.
musique	2hop__156702_51769	What is the life expectancy of the type of retriever named after the body of water the Patuxent River turns into?	average lifespan at 9.4 years	frontier_consensus_vs_gold	All three frontier models agree on '10–13 years' (normalized), which contradicts the gold answer; likely gold ambiguity/outdatedness or a shared model misconception.	gemini_2_5_pro,gpt_5_1	3	10–13 years	gemini-2.5-pro	1	0	1	10–13 years	10-13 years	The gold answer states an average lifespan of 9.4 years. The prediction gives a range of 10-13 years. The lower bound of the prediction (10) is more than 5% different from the gold value (9.4) (|(10 - 9.4) / 9.4| ≈ 6.38%), exceeding the critical tolerance for numeric expressions.	The numeric range and units are identical; the difference in dash character is a formatting detail.	gemini-2.5-flash	0	0	0	10-13 years	10-12 years	The gold answer states an average lifespan of 9.4 years. The predicted range is 10-13 years. The lower bound of the prediction (10 years) is outside the 5% tolerance of the gold value (9.4 years). 5% of 9.4 is 0.47, so the acceptable range for 9.4 years would be 8.93 to 9.87 years. The predicted range (10-13 years) does not overlap with this acceptable range.	The upper bounds of the life expectancy ranges (13 vs 12) are not within the 5% tolerance.	gpt-5.1	1	0	1	10–13 years	10-13 years	The predicted lifespan range (10-13 years) does not overlap with the gold answer (9.4 years). The lower bound of the prediction (10 years) is more than 5% different from the gold answer (0.6 / 9.4 = ~6.38%), exceeding the numeric tolerance.	The numeric range and units are identical; the difference in dash character is a formatting detail.	needs_verification	low	Chesapeake Bay Retriever life expectancy varies by source; cannot verify whether gold '9.4 years' or consensus '10–13' is correct offline.
musique	2hop__54651_169233	What award did the singer of Never Had a Friend Like Me in Aladdin receive?	Academy Award for Best Supporting Actor	frontier_consensus_vs_gold	All three frontier models agree on 'Golden Globe Special Achievement Award' (normalized), which contradicts the gold answer; likely gold ambiguity/outdatedness or a shared model misconception.	gemini_2_5_pro	3	Golden Globe Special Achievement Award	gemini-2.5-pro	1	0	1	Golden Globe Special Achievement Award	Golden Globe Special Achievement Award	The predicted award, 'Golden Globe Special Achievement Award', is different from the gold award, 'Academy Award for Best Supporting Actor'. These are distinct awards from different organizations, leading to a contradiction.	Both answers are identical.	gemini-2.5-flash	0	0	0	Golden Globe Special Achievement Award	Academy Award	The predicted award, 'Golden Globe Special Achievement Award', is different from the gold award, 'Academy Award for Best Supporting Actor'. These are distinct awards from different organizations, leading to a contradiction.	"The awards ""Golden Globe Special Achievement Award"" and ""Academy Award"" are distinct and not equivalent."	gpt-5.1	0	0	0	Golden Globe Special Achievement Award	Academy Award for Best Supporting Actor	The predicted award (Golden Globe Special Achievement Award) is different from the gold award (Academy Award for Best Supporting Actor).	The awards listed are distinct and not equivalent. Golden Globe Special Achievement Award is not the same as Academy Award for Best Supporting Actor.	underspecified(many_awards)	medium	The singer received multiple awards; question does not specify which award type/criterion, so both gold and consensus could be valid under different interpretations.
musique	2hop__67660_158861	What actor had the role of the narrator of How I Met Your Mother?	Josh Radnor	frontier_consensus_vs_gold	All three frontier models agree on 'Bob Saget' (normalized), which contradicts the gold answer; likely gold ambiguity/outdatedness or a shared model misconception.	gemini_2_5_pro,gemini_2_5_flash,gpt_5_1	3	Bob Saget	gemini-2.5-pro	1	0	1	Bob Saget	Bob Saget	The predicted answer 'Bob Saget' contradicts the gold answer 'Josh Radnor'. While Bob Saget voiced the future Ted Mosby (the narrator), Josh Radnor played the character of Ted Mosby in the present day scenes, who was the narrator of the story being told. The question asks for the actor who had the role of the narrator, which is Josh Radnor, as he was the one telling the story on screen.	Both answers are identical.	gemini-2.5-flash	1	0	1	Bob Saget	Bob Saget	The predicted answer 'Bob Saget' contradicts the gold answer 'Josh Radnor'. While Bob Saget voiced the future Ted Mosby (the narrator), Josh Radnor played the character of Ted Mosby in the present day scenes, who was the narrator of the story being told. The question asks for the actor who had the role of the narrator, which is Josh Radnor, as he was the one telling the story on screen.	Both answers are identical.	gpt-5.1	1	0	1	Bob Saget	Bob Saget	"The predicted answer ""Bob Saget"" contradicts the gold answer ""Josh Radnor"" as they are different individuals."	Both answers are identical.	likely_gold_error	high	Narrator of How I Met Your Mother is Bob Saget; gold 'Josh Radnor' is incorrect (he plays Ted).
musique	2hop__70338_160040	Who is the guy defending this stuff from the book from which by the skin of your teeth originated?	Josh McDowell	frontier_consensus_vs_gold	All three frontier models agree on 'Job' (normalized), which contradicts the gold answer; likely gold ambiguity/outdatedness or a shared model misconception.	gemini_2_5_pro,gemini_2_5_flash,gpt_5_1	3	Job	gemini-2.5-pro	1	0	1	Job	Job	The predicted answer 'Job' is a different name from the gold answer 'Josh McDowell' and therefore contradicts the gold fact.	Both answers are identical.	gemini-2.5-flash	1	0	1	Job	Job	The predicted answer 'Job' is a different name from the gold answer 'Josh McDowell' and therefore contradicts the gold fact.	Both answers are identical.	gpt-5.1	1	0	1	Job	Job	"The predicted answer ""Job"" is a different name from the gold answer ""Josh McDowell"", representing a contradiction."	Both answers are identical.	likely_gold_error_or_bad_question	medium	Phrase 'by the skin of your teeth' is biblical (Job). Gold 'Josh McDowell' appears unrelated; question wording is unclear/ill-formed.
musique	2hop__73615_42173	When was the company that abolished the dual system of government in Bengal established?	1599	frontier_consensus_vs_gold	All three frontier models agree on '1600-12-31' (normalized), which contradicts the gold answer; likely gold ambiguity/outdatedness or a shared model misconception.	gemini_2_5_pro	3	1600-12-31	gemini-2.5-pro	1	0	1	1600-12-31	1600	The gold answer is a year (1599), and the predicted answer (1600) is also a year. According to the critical tolerance rules, there is zero tolerance for dates or years; they must match exactly. 1600 does not match 1599.	Answer A provides a specific date within the year given in Answer B; the extra specificity does not contradict the shared	gemini-2.5-flash	0	0	0	1600-12-31	1600	The gold answer is a year (1599), and the predicted answer (1600) is also a year. According to the critical tolerance rules, there is zero tolerance for dates or years; they must match exactly. 1600 does not match 1599.	Calendar dates/years require exact match; '1600	gpt-5.1	0	0	0	1600-12-31	1600	The gold answer is a year (1599), and the prediction provides a different year (1600). Years have zero tolerance and must match exactly.	Calendar dates/years require exact match; '1600-12-31' is not exactly '1600'.	off_by_one_year	medium	If the company is the East India Company, establishment is commonly 1600; gold 1599 may be off-by-one depending on charter/incorporation date conventions.
musique	3hop1__602329_792411_51423	What is the name of the castle in the birth city of the performer who recorded A Day in the Life?	Casa Loma	frontier_consensus_vs_gold	All three frontier models agree on 'Liverpool Castle' (normalized), which contradicts the gold answer; likely gold ambiguity/outdatedness or a shared model misconception.	gemini_2_5_pro,gemini_2_5_flash,gpt_5_1	3	Liverpool Castle	gemini-2.5-pro	1	0	1	Liverpool Castle	Liverpool Castle	The predicted castle name 'Liverpool Castle' directly contradicts the gold answer 'Casa Loma'.	Both answers are identical.	gemini-2.5-flash	1	0	1	Liverpool Castle	Liverpool Castle; Liverpool Castle	The predicted castle name 'Liverpool Castle' directly contradicts the gold answer 'Casa Loma'.	Answer A is identical to the first alternative in Answer B.	gpt-5.1	1	0	1	Liverpool Castle	Liverpool Castle	The predicted answer 'Liverpool Castle' is a different castle from the gold answer 'Casa Loma'. They are distinct entities and do not convey the same fact.	Both answers are identical.	likely_gold_error	medium-high	If the performer is a Beatle, birth city is Liverpool; 'Casa Loma' (Toronto) seems inconsistent. Consensus 'Liverpool Castle' is more plausible.
musique	4hop1__13170_32392_823060_610794	In which county is the city sharing a border with the capitol of the first state to formally secede?	Richland County	frontier_consensus_vs_gold	All three frontier models agree on 'Lexington County' (normalized), which contradicts the gold answer; likely gold ambiguity/outdatedness or a shared model misconception.	gemini_2_5_pro,gemini_2_5_flash,gpt_5_1	3	Lexington County	gemini-2.5-pro	1	0	1	Lexington County	Lexington County	The gold answer specifies 'Richland County' as the location. The predicted answer 'Lexington County' is a different county, thus contradicting the gold fact. While Lexington County does contain cities that border Columbia (the capital of South Carolina, the first state to secede), the gold answer explicitly states Richland County.	Both answers are identical.	gemini-2.5-flash	1	0	1	Lexington County	Lexington County; Lexington County	The gold answer specifies 'Richland County' as the location. The predicted answer 'Lexington County' is a different county, thus contradicting the gold fact. While Lexington County does contain cities that border Columbia (the capital of South Carolina, the first state to secede), the gold answer explicitly states Richland County.	Answer A matches one of the semicolon-separated alternatives in Answer B exactly.	gpt-5.1	1	0	1	Lexington County	Lexington County	"The predicted county ""Lexington County"" contradicts the gold county ""Richland County""."	Both answers are identical.	needs_verification	low	County adjacency around Columbia, SC depends on which bordering city is intended (West Columbia vs others) and county boundaries; needs external check.
musique	4hop2__161602_474028_88460_86452	When did Burma change its name to the country that is the natural boundary between the country that hosted the tournament and the country where A Don is located?	1989	frontier_consensus_vs_gold	All three frontier models agree on '1989-06-18' (normalized), which contradicts the gold answer; likely gold ambiguity/outdatedness or a shared model misconception.	gemini_2_5_flash	3	1989-06-18	gemini-2.5-pro	0	0	0	1989-06-18	1989	The gold answer specifies only the year '1989'. The predicted answer '1989-06-18' includes a specific month and day. For dates and years, there is zero tolerance, meaning they must match exactly. Since the prediction is more specific than the gold and not an exact match, it is considered incorrect under this strict rule.	Calendar dates/years require exact match; '1989-	gemini-2.5-flash	1	0	1	1989-06-18	1989-06-18	The gold answer specifies only the year '1989'. The predicted answer '1989-06-18' includes a specific month and day. For dates and years, there is zero tolerance, meaning they must match exactly. Since the prediction is more specific than the gold and not an exact match, it is considered incorrect under this strict rule.	Both answers are identical and represent the same calendar date.	gpt-5.1	0	1	1	1989-06-18	1989-06-18	The predicted answer includes the exact year (1989) specified in the gold answer. The additional specificity of the month and day does not contradict the gold fact.	Both answers are identical and represent the same calendar date.	date_granularity	medium	Gold gives year 1989; consensus gives exact date 1989-06-18. This is likely a granularity mismatch rather than substantive error.
