id,issues,question,answer,num_hops,last_question,complexity_score,similarity,dsl
462,final_step_mismatch,"Since the turn of the 21st century, there has only been one year in which the Pulitzer Prize for Fiction has not been awarded. Among the finalists that year, one novel was published posthumously. The author of this posthumous publication is best known for a different novel published 15 years prior. The opening lines of this book later inspired a song by a band. The name of this band can be determined with the following calculation: find the age of the author on January 1 of the year the latter book was published, add four, and subtract the sum from the year this author was a Pulitzer Prize finalist. The name of this band was inspired by yet another book. What is the name of this book and its author?",On the Road by Jack Kerouac,14,Return the name of the book ({answer_12}) and its author ({answer_13}).,0.5,0.08,"answer_1: int = qa_model(""Since the turn of the 21st century, in which year was the Pulitzer Prize for Fiction not awarded?"") | answer_2: list[str] = qa_model(""Who were the finalists for the Pulitzer Prize for Fiction in {answer_1}?"", answer_1=answer_1) | answer_3: str = qa_model(""Which novel by the finalists {answer_2} was published posthumously?"", answer_2=answer_2) | answer_4: str = qa_model(""Who is the author of the novel {answer_3}?"", answer_3=answer_3) | answer_5: str = qa_model(""What novel is {answer_4} best known for?"", answer_4=answer_4) | answer_6: int = qa_model(""In what year was the novel {answer_5} published?"", answer_5=answer_5) | answer_7: str = qa_model(""What is the birth date of {answer_4}?"", answer_4=answer_4) | answer_8: int = qa_model(""How old was a person born on {answer_7} on January 1, {answer_6}?"", answer_7=answer_7, answer_6=answer_6) | answer_9: int = qa_model(""What is {answer_8} plus 4?"", answer_8=answer_8) | answer_10: int = qa_model(""What is {answer_1} minus {answer_9}?"", answer_1=answer_1, answer_9=answer_9) | answer_11: str = qa_model(""Which band has a name equal to the number {answer_10}?"", answer_10=answer_10) | answer_12: str = qa_model(""What is the name of the book that inspired the name of the band {answer_11}?"", answer_11=answer_11) | answer_13: str = qa_model(""Who is the author of the book {answer_12}?"", answer_12=answer_12) | final_answer: str = qa_model(""Return the name of the book ({answer_12}) and its author ({answer_13})."", answer_12=answer_12, answer_13=answer_13)"
627,final_step_mismatch,One episode title from classic Doctor Who series 12 features the name of a Pentateuch book. Can you tell me which part of this episode had the lowest viewing figures in roman numerals?,"III (the answer is Genesis of the Daleks, the 3rd part had the least amount of viewers when broadcast)",4,What is the Roman numeral for {answer_3}?,3.0,0.04,"answer_1: str = qa_model(""Which episode title from classic Doctor Who series 12 features the name of a Pentateuch book?"") | answer_2: dict[str, float] = qa_model(""What were the viewing figures for each part of the Doctor Who episode {answer_1}?"", answer_1=answer_1) | answer_3: int = qa_model(""Which part number in {answer_2} corresponds to the lowest viewing figure?"", answer_2=answer_2) | final_answer: str = qa_model(""What is the Roman numeral for {answer_3}?"", answer_3=answer_3)"
664,over_decomposition,How many Red Hot Chili Peppers albums were released while Nelson Mandela was in prison?,4,4,How many Red Hot Chili Peppers albums were released between {answer_1} and {answer_2}?,0.0,0.47,"answer_1: int = qa_model(""In what year did Nelson Mandela's imprisonment begin?"") | answer_2: int = qa_model(""In what year did Nelson Mandela's imprisonment end?"") | answer_3: int = qa_model(""How many Red Hot Chili Peppers albums were released between {answer_1} and {answer_2}?"", answer_1=answer_1, answer_2=answer_2) | final_answer: int = qa_model(""How many Red Hot Chili Peppers albums were released between {answer_1} and {answer_2}?"", answer_1=answer_1, answer_2=answer_2)"
509,final_step_mismatch,"As of August 3, 2024, what is the capital of the country with the largest energy complex in South Eastern Europe?","Sofia is the capital of Bulgaria, which is home to the largest energy complex in South Eastern Europe, the Maritsa Iztok Complex in Galabovo. ",3,What is the capital of {answer_2}?,0.5,0.07,"answer_1: str = qa_model(""As of August 3, 2024, what is the largest energy complex in South Eastern Europe?"") | answer_2: str = qa_model(""Which country is the energy complex {answer_1} located in?"", answer_1=answer_1) | final_answer: str = qa_model(""What is the capital of {answer_2}?"", answer_2=answer_2)"
581,final_step_mismatch,"Among Aristotle, Alexander the Great, Socrates, and Plato, which of them taught the others? What was their order chronologically? ","Socrates taught Plato and Plato taught Aristotle. Aristotle taught Alexander the Great. So, chronologically, it was Socrates, Plato, Aristotle, and finally Alexander the Great. ",2,"Based on the teaching relationships in {answer_1}, what was the chronological order of these individuals? (key=student, value=teacher)",0.0,0.04,"answer_1: dict[str, str] = qa_model(""Among Aristotle, Alexander the Great, Socrates, and Plato, which of them taught the others (key: student, value: teacher)?"") | final_answer: list[str] = qa_model(""Based on the teaching relationships in {answer_1}, what was the chronological order of these individuals? (key=student, value=teacher)"", answer_1=answer_1)"
605,final_step_mismatch,"How many years before the founding of Google, was George Orwell's book ""1984"" published?",49 years.,3,What is the absolute difference between {answer_1} and {answer_2}?,1.0,0.0,"answer_1: int = qa_model(""In what year was George Orwell's book \""1984\"" published?"") | answer_2: int = qa_model(""In what year was Google founded?"") | final_answer: int = qa_model(""What is the absolute difference between {answer_1} and {answer_2}?"", answer_1=answer_1, answer_2=answer_2)"
734,final_step_mismatch,"Tell me the name of the place I am thinking of based on these clues:  - I am a metropolitan borough in the West Midlands, UK - I am not a city - My boroughs name does not relate to a town",Sandwell.,3,"Of the boroughs in {answer_2}, which one",1.5,0.04,"answer_1: list[str] = qa_model(""What are the metropolitan boroughs in the West Midlands, UK?"") | answer_2: list[str] = qa_model(""Which of the boroughs in {answer_1} are not cities?"", answer_1=answer_1) | final_answer: str = qa_model(""Of the boroughs in {answer_2}, which one's name does not relate to a town?"", answer_2=answer_2)"
66,final_step_mismatch,The founder of the production company at which Tim Allsop and Stewart Williams met received a bachelor's degree from a college in the state of New York. In what year was this college's sibling institution founded?,1701,5,In what year was {answer_4} founded?,0.5,0.08,"answer_1: str = qa_model(""At which production company did Tim Allsop and Stewart Williams meet?"") | answer_2: str = qa_model(""Who is the founder of the production company {answer_1}?"", answer_1=answer_1) | answer_3: str = qa_model(""From which college in the state of New York did {answer_2} receive a bachelor's degree?"", answer_2=answer_2) | answer_4: str = qa_model(""What is the sibling institution of {answer_3}?"", answer_3=answer_3) | final_answer: int = qa_model(""In what year was {answer_4} founded?"", answer_4=answer_4)"
185,over_decomposition,What actor who starred in the People's Choice Award for Favorite Comedic Movie 1993 later became a U.S. President?,"The actor who starred in the People's Choice Award for Favorite Comedic Movie in 1993 who later became the 45th President of the United States, Donald Trump. ",3,Which actor among {answer_2} later became a U.S. President?,0.0,0.35,"answer_1: str = qa_model(""What movie won the People's Choice Award for Favorite Comedic Movie in 1993?"") | answer_2: list[str] = qa_model(""Who were the actors that starred in the movie {answer_1}?"", answer_1=answer_1) | final_answer: str = qa_model(""Which actor among {answer_2} later became a U.S. President?"", answer_2=answer_2)"
700,final_step_mismatch,How many more wins did the team with the number one seed from the NBA Western Conference in the 2020-2021 season have than the team with the fifth seed from the NBA Western Conference in the 2019-2020 season?,8,5,What is the difference between {answer_2} and {answer_4}?,0.5,0.0,"answer_1: str = qa_model(""Which team had the number one seed from the NBA Western Conference in the 2020-2021 season?"") | answer_2: int = qa_model(""How many wins did the {answer_1} have in the 2020-2021 season?"", answer_1=answer_1) | answer_3: str = qa_model(""Which team had the fifth seed from the NBA Western Conference in the 2019-2020 season?"") | answer_4: int = qa_model(""How many wins did the {answer_3} have in the 2019-2020 season?"", answer_3=answer_3) | final_answer: int = qa_model(""What is the difference between {answer_2} and {answer_4}?"", answer_2=answer_2, answer_4=answer_4)"
402,final_step_mismatch,The actress who played Aunt Rose in A Brooklyn State of Mind (1997) also starred in a mafia movie where she sang a popular Sicilian song. How many years later did her version of the song occur after the earliest recording?,45 years,6,How many years are there between {answer_5} and {answer_4}?,1.5,0.06,"answer_1: str = qa_model(""Who is the actress who played Aunt Rose in A Brooklyn State of Mind (1997)?"") | answer_2: str = qa_model(""In which mafia movie did the actress {answer_1} sing a popular Sicilian song?"", answer_1=answer_1) | answer_3: str = qa_model(""What is the name of the popular Sicilian song sung by {answer_1} in the movie {answer_2}?"", answer_1=answer_1, answer_2=answer_2) | answer_4: int = qa_model(""In what year was the movie {answer_2} released?"", answer_2=answer_2) | answer_5: int = qa_model(""What year was the earliest recording of the song '{answer_3}'?"", answer_3=answer_3) | final_answer: int = qa_model(""How many years are there between {answer_5} and {answer_4}?"", answer_5=answer_5, answer_4=answer_4)"
522,over_decomposition,What two actors starred in both The Craft and Scream in the same year?,Neve Cambell and Skeet Ulrich,3,Which actors are common to both {answer_1} and {answer_2}?,0.0,0.25,"answer_1: list[str] = qa_model(""Who starred in the movie The Craft?"") | answer_2: list[str] = qa_model(""Who starred in the movie Scream?"") | final_answer: list[str] = qa_model(""Which actors are common to both {answer_1} and {answer_2}?"", answer_1=answer_1, answer_2=answer_2)"
648,over_decomposition,How old was Joel McHale the first time the Philadelphia Waterdogs won the PLL Championship?,Joel McHale was 50 years old.,3,"How old was Joel McHale on {answer_1}, given he was born on {answer_2}?",0.0,0.19,"answer_1: str = qa_model(""On what date did the Philadelphia Waterdogs first win the PLL Championship?"") | answer_2: str = qa_model(""What is Joel McHale's date of birth?"") | final_answer: int = qa_model(""How old was Joel McHale on {answer_1}, given he was born on {answer_2}?"", answer_1=answer_1, answer_2=answer_2)"
38,over_decomposition,Which species from the genus mulona are both found in the same country?,Mulona barnesi and mulona schausi,3,Which species from {answer_2} are found in the same country?,0.0,0.56,"answer_1: list[str] = qa_model(""What are the species in the genus Mulona?"") | answer_2: dict[str, str] = qa_model(""What country is each species in {answer_1} found in?"", answer_1=answer_1) | final_answer: list[list[str]] = qa_model(""Which species from {answer_2} are found in the same country?"", answer_2=answer_2)"
88,final_step_mismatch,"If you were to combine two words, the first of which has a species called Polytrichum piliferum, and the second which has a breed type called Fleckvieh, you'd get the name of what countries capital city?",Russia,3,What capital city,0.5,0.09,"answer_1: str = qa_model(""What is the common name for the genus of plant that includes the species Polytrichum piliferum?"") | answer_2: str = qa_model(""What type of animal is the Fleckvieh breed?"") | final_answer: str = qa_model(""What capital city's name is a combination of the words '{answer_1}' and '{answer_2}'?"", answer_1=answer_1, answer_2=answer_2)"
577,over_decomposition|final_step_mismatch,"As of 1 August 2024, How many more seasons did Outrageous Fortune have compared to bro'Town?",1,3,What is the absolute difference between {answer_1} and {answer_2}?,0.0,0.0,"answer_1: int = qa_model(""As of August 1, 2024, how many seasons did Outrageous Fortune have?"") | answer_2: int = qa_model(""As of August 1, 2024, how many seasons did bro'Town have?"") | final_answer: int = qa_model(""What is the absolute difference between {answer_1} and {answer_2}?"", answer_1=answer_1, answer_2=answer_2)"
217,final_step_mismatch,How old would James Logan have been when the estate of his descendent donated Neshaminy State Park land to the Commonwealth of Pennsylvania?,282 years,3,How many years are there between {answer_1} and {answer_2}?,0.5,0.0,"answer_1: int = qa_model(""In what year was James Logan born?"") | answer_2: int = qa_model(""In what year did the estate of a descendant of James Logan donate the Neshaminy State Park land to the Commonwealth of Pennsylvania?"") | final_answer: int = qa_model(""How many years are there between {answer_1} and {answer_2}?"", answer_1=answer_1, answer_2=answer_2)"
728,over_decomposition,What medal was won in 1979 by the famous physicist who attended the oldest college in London?,Albert Einstein medal,3,What medal was won in 1979 by {answer_2}?,0.0,0.36,"answer_1: str = qa_model(""What is the oldest college in London?"") | answer_2: str = qa_model(""Which famous physicist attended {answer_1}?"", answer_1=answer_1) | final_answer: str = qa_model(""What medal was won in 1979 by {answer_2}?"", answer_2=answer_2)"
91,final_step_mismatch,"As of August 3, 2024, which rabbi worked for both Reform Congregation Keneseth Israel in Philadelphia and Congregation Beth Israel in West Hartford, Connecticut?",Abraham J. Feldman worked for both congregations serving as an interim associate rabbi at the Reform Congregation Keneseth Israel and the leader of the Congregation Beth Israel.,3,What are the common items between {answer_1} and {answer_2}?,0.5,0.04,"answer_1: list[str] = qa_model(""As of August 3, 2024, which rabbis worked for Reform Congregation Keneseth Israel in Philadelphia?"") | answer_2: list[str] = qa_model(""As of August 3, 2024, which rabbis worked for Congregation Beth Israel in West Hartford, Connecticut?"") | final_answer: list[str] = qa_model(""What are the common items between {answer_1} and {answer_2}?"", answer_1=answer_1, answer_2=answer_2)"
501,over_decomposition|final_step_mismatch,How old was the U.S. President's wife when the Camp David Accords were signed?,She was 51 years old.,5,How old was a person born on {answer_4} on the date {answer_1}?,0.0,0.07,"answer_1: str = qa_model(""When were the Camp David Accords signed?"") | answer_2: str = qa_model(""Who was the U.S. President on {answer_1}?"", answer_1=answer_1) | answer_3: str = qa_model(""Who was the wife of U.S. President {answer_2}?"", answer_2=answer_2) | answer_4: str = qa_model(""What is the birth date of {answer_3}?"", answer_3=answer_3) | final_answer: int = qa_model(""How old was a person born on {answer_4} on the date {answer_1}?"", answer_4=answer_4, answer_1=answer_1)"
589,final_step_mismatch,Tell me the singer that I am thinking about. Use this information to determine who it is: The song hit #1 on the billboard in 2015. The singer is from Canada. The artist was born before the dissolution of Czechoslovakia.,The Weeknd,4,Which of the artists in {answer_3} were born before {answer_1}?,1.5,0.07,"answer_1: str = qa_model(""When was the dissolution of Czechoslovakia?"") | answer_2: list[str] = qa_model(""Which singers had a song that hit #1 on the Billboard charts in 2015?"") | answer_3: list[str] = qa_model(""Which of the singers in {answer_2} are from Canada?"", answer_2=answer_2) | final_answer: str = qa_model(""Which of the artists in {answer_3} were born before {answer_1}?"", answer_3=answer_3, answer_1=answer_1)"
746,final_step_mismatch,"who won the formula one season in the year nine people were killed on the track at the argentine grand prix, and how old were they two years before sliced bread was first sold? ","Alberto Ascari, 8 years old",4,What is the birth date of {answer_2}?,1.5,0.0,"answer_1: int = qa_model(""In what year were nine people killed on the track at the Argentine Grand Prix?"") | answer_2: str = qa_model(""Who won the Formula One season in {answer_1}?"", answer_1=answer_1) | answer_3: int = qa_model(""In what year was sliced bread first sold?"") | answer_4: str = qa_model(""What is the birth date of {answer_2}?"", answer_2=answer_2) | final_answer: str = qa_model(""State"
241,final_step_mismatch,"The screenwriter of the film, which received nominations for Best Screenplay and Best Actor in a Motion Picture - Drama at the 1995 Golden Globes, attended which Michigan university?",Grand Valley State University,3,Which Michigan university did {answer_2} attend?,0.5,0.09,"answer_1: str = qa_model(""Which film received nominations for both Best Screenplay and Best Actor in a Motion Picture - Drama at the 1995 Golden Globes?"") | answer_2: str = qa_model(""Who was the screenwriter of the film {answer_1}?"", answer_1=answer_1) | final_answer: str = qa_model(""Which Michigan university did {answer_2} attend?"", answer_2=answer_2)"
580,over_decomposition,How old was the Miss Miss Venezuela 1970 winner on the day the 68th Academy Awards was held?,"Bella La Rosa was 46 years old on March 25, 1996.",4,How old was a person born on {answer_2} on {answer_3}?,0.0,0.13,"answer_1: str = qa_model(""Who was the winner of the Miss Venezuela 1970 pageant?"") | answer_2: str = qa_model(""What is the birth date of {answer_1}?"", answer_1=answer_1) | answer_3: str = qa_model(""On what date was the 68th Academy Awards held?"") | final_answer: int = qa_model(""How old was a person born on {answer_2} on {answer_3}?"", answer_2=answer_2, answer_3=answer_3)"
334,final_step_mismatch,"Which female athlete achieved a ""world's best"" and a ""world record""  for the marathon during Tony Blair's second term as British Prime Minister.",Paula Radcliffe,5,Which athlete is common to both the {answer_3} and {answer_4}?,0.5,0.09,"answer_1: str = qa_model(""When did Tony Blair's second term as British Prime Minister begin?"") | answer_2: str = qa_model(""When did Tony Blair's second term as British Prime Minister end?"") | answer_3: list[str] = qa_model(""Which female athletes achieved a 'world's best' for the marathon between {answer_1} and {answer_2}?"", answer_1=answer_1, answer_2=answer_2) | answer_4: list[str] = qa_model(""Which female athletes achieved a 'world record' for the marathon between {answer_1} and {answer_2}?"", answer_1=answer_1, answer_2=answer_2) | final_answer: str = qa_model(""Which athlete is common to both the {answer_3} and {answer_4}?"", answer_3=answer_3, answer_4=answer_4)"
107,final_step_mismatch,Was the founder of the bank that was established 42 years before the National Banking Act was expanded to include the Territory of Hawai'i still alive when it acquired Pioneer Federal Savings Bank?,No,5,Was {answer_3} still alive on the date {answer_4}?,2.5,0.08,"answer_1: int = qa_model(""In what year was the National Banking Act expanded to include the Territory of Hawai'i?"") | answer_2: str = qa_model(""What is the name of the bank that was established 42 years before {answer_1}?"", answer_1=answer_1) | answer_3: str = qa_model(""Who was the founder of the bank {answer_2}?"", answer_2=answer_2) | answer_4: str = qa_model(""When did {answer_2} acquire Pioneer Federal Savings Bank?"", answer_2=answer_2) | final_answer: bool = qa_model(""Was {answer_3} still alive on the date {answer_4}?"", answer_3=answer_3, answer_4=answer_4)"
493,final_step_mismatch,"Meghan Markle's veil, worn at her 2018 wedding to Prince Harry, featured a flower for each Common Wealth country. What colour is the flower that was used to represent New Zealand?",Yellow,2,What colour is the {answer_1} flower?,2.0,0.08,"answer_1: str = qa_model(""What flower on Meghan Markle's 2018 wedding veil was used to represent New Zealand?"") | final_answer: str = qa_model(""What colour is the {answer_1} flower?"", answer_1=answer_1)"
298,final_step_mismatch,How much bigger was Ford Motor Company's market share of US Sales the year Matthew McConaughey won his first MTV Movie Award than the year Zac Efron won his?,10.30%,5,What is the difference between {answer_3} and {answer_4}?,0.5,0.0,"answer_1: int = qa_model(""In what year did Matthew McConaughey win his first MTV Movie Award?"") | answer_2: int = qa_model(""In what year did Zac Efron win his first MTV Movie Award?"") | answer_3: float = qa_model(""What was Ford Motor Company's market share of US Sales in {answer_1}?"", answer_1=answer_1) | answer_4: float = qa_model(""What was Ford Motor Company's market share of US Sales in {answer_2}?"", answer_2=answer_2) | final_answer: float = qa_model(""What is the difference between {answer_3} and {answer_4}?"", answer_3=answer_3, answer_4=answer_4)"
29,over_decomposition,"If Princess Diana had been born three years earlier, who would have been Prime Minister when she was ten? ",Harold Wilson,4,Who was the Prime Minister of the UK in {answer_3}?,0.0,0.12,"answer_1: int = qa_model(""In what year was Princess Diana born?"") | answer_2: int = qa_model(""What year is three years earlier than {answer_1}?"", answer_1=answer_1) | answer_3: int = qa_model(""In what year would a person born in {answer_2} turn ten years old?"", answer_2=answer_2) | final_answer: str = qa_model(""Who was the Prime Minister of the UK in {answer_3}?"", answer_3=answer_3)"
115,final_step_mismatch,"As of August 1, 2024, which player who scored more than 10 goals in the 2022 Argentine Premier League season also played for Elche in Spain?",Franco Cristaldo scored more than 10 goals that year and also played for Elche.,3,Which players are common to both {answer_1} and {answer_2}?,2.0,0.0,"answer_1: list[str] = qa_model(""As of August 1, 2024, which players scored more than 10 goals in the 2022 Argentine Premier League season?"") | answer_2: list[str] = qa_model(""As of August 1, 2024, which players have played for Elche in Spain?"") | final_answer: list[str] = qa_model(""Which players are common to both {answer_1} and {answer_2}?"", answer_1=answer_1, answer_2=answer_2)"
463,over_decomposition,How old was Akira Toriyama when Pokemon Diamond and Pearl was released in America?,Akira Toriyama was 52.,3,"How old was Akira Toriyama on {answer_2}, given he was born on {answer_1}?",0.0,0.2,"answer_1: str = qa_model(""What is the birth date of Akira Toriyama?"") | answer_2: str = qa_model(""When was Pokemon Diamond and Pearl released in America?"") | final_answer: int = qa_model(""How old was Akira Toriyama on {answer_2}, given he was born on {answer_1}?"", answer_1=answer_1, answer_2=answer_2)"
45,over_decomposition,How old was Stephen Baldwin when Hailey and Justin got married?,52,3,"How old was Stephen Baldwin, who was born on {answer_1}, on {answer_2}?",0.0,0.25,"answer_1: str = qa_model(""What is Stephen Baldwin's date of birth?"") | answer_2: str = qa_model(""When did Hailey and Justin get married?"") | final_answer: int = qa_model(""How old was Stephen Baldwin, who was born on {answer_1}, on {answer_2}?"", answer_1=answer_1, answer_2=answer_2)"
146,over_decomposition,Rosie Ruiz was disqualified from the Boston Marathon. The subsequent winner placed in what position of the 1988 Grandma's Marathon?,Jacqueline Gareau placed first in the 1988 Grandma's Marathon.,3,What was the finishing position of {answer_2} in the 1988 Grandma,0.0,0.2,"answer_1: int = qa_model(""In what year was Rosie Ruiz disqualified from the Boston Marathon?"") | answer_2: str = qa_model(""Who was the winner of the {answer_1} Boston Marathon after Rosie Ruiz was disqualified?"", answer_1=answer_1) | final_answer: int = qa_model(""What was the finishing position of {answer_2} in the 1988 Grandma's Marathon?"", answer_2=answer_2)"
289,over_decomposition,"In the year the first UK winner of Big Brother was born, who was the Prime Minister?",Sir Edward Heath,3,Who was the Prime Minister of the UK in {answer_2}?,0.0,0.3,"answer_1: str = qa_model(""Who was the first UK winner of Big Brother?"") | answer_2: int = qa_model(""In what year was {answer_1} born?"", answer_1=answer_1) | final_answer: str = qa_model(""Who was the Prime Minister of the UK in {answer_2}?"", answer_2=answer_2)"
390,over_decomposition,What song was #1 on Billboard's Hot 100 for the most days during the Cuban Missile Crisis?,Monster Mash' by Bobby 'Boris' Pickett & the Crypt-Kickers,3,What song was #1 on Billboard,0.0,0.29,"answer_1: str = qa_model(""What was the start date of the Cuban Missile Crisis?"") | answer_2: str = qa_model(""What was the end date of the Cuban Missile Crisis?"") | final_answer: str = qa_model(""What song was #1 on Billboard's Hot 100 for the most days between {answer_1} and {answer_2}?"", answer_1=answer_1, answer_2=answer_2)"
531,final_step_mismatch,"Coached in the 2023/24 season by Dusty May, this college basketball player was the 2023/24 co-winner of the AAC Player of the Year Award. Who is that player?",Johnell Davis,3,Which of the players from {answer_2} played for {answer_1}?,2.0,0.0,"answer_1: str = qa_model(""What college basketball team did Dusty May coach during the 2023/24 season?"") | answer_2: list[str] = qa_model(""Who were the co-winners of the 2023/24 AAC Player of the Year Award?"") | final_answer: str = qa_model(""Which of the players from {answer_2} played for {answer_1}?"", answer_1=answer_1, answer_2=answer_2)"
28,final_step_mismatch,"If you subtract the year that William McCrary ""Billy"" Ray II was born from the year Obama was first sworn in as President to the United States and multiply it by the number of administrative regions in France as of January 1, 2024, what number would you get?",828,4,What is the result of subtracting {answer_1} from {answer_2} and then multiplying by {answer_3}?,0.5,0.08,"answer_1: int = qa_model(""In what year was William McCrary 'Billy' Ray II born?"") | answer_2: int = qa_model(""In what year was Barack Obama first sworn in as President of the United States?"") | answer_3: int = qa_model(""As of January 1, 2024, how many administrative regions are there in France?"") | final_answer: int = qa_model(""What is the result of subtracting {answer_1} from {answer_2} and then multiplying by {answer_3}?"", answer_1=answer_1, answer_2=answer_2, answer_3=answer_3)"
319,final_step_mismatch,"The founder of the new religious movement Thelema once attempted to summit the third highest mountain in the world, but failed. How many years did it take before this feat was successfully accomplished? ",50,5,What is the absolute difference between {answer_3} and {answer_4}?,1.5,0.0,"answer_1: str = qa_model(""Who is the founder of the new religious movement Thelema?"") | answer_2: str = qa_model(""What is the third highest mountain in the world?"") | answer_3: int = qa_model(""In what year did {answer_1} attempt to summit {answer_2}?"", answer_1=answer_1, answer_2=answer_2) | answer_4: int = qa_model(""In what year was the feat of successfully summiting {answer_2} first accomplished?"", answer_2=answer_2) | final_answer: int = qa_model(""What is the absolute difference between {answer_3} and {answer_4}?"", answer_3=answer_3, answer_4=answer_4)"
422,final_step_mismatch,By what amount was the budget of Peter Jackson's King Kong higher than the budget of John Guillermin's version of King Kong?,$183 million,3,What is the difference between {answer_1} and {answer_2}?,0.5,0.0,"answer_1: int = qa_model(""What was the budget of Peter Jackson's King Kong?"") | answer_2: int = qa_model(""What was the budget of John Guillermin's version of King Kong?"") | final_answer: int = qa_model(""What is the difference between {answer_1} and {answer_2}?"", answer_1=answer_1, answer_2=answer_2)"
2,final_step_mismatch,How many years earlier would Punxsutawney Phil have to be canonically alive to have made a Groundhog Day prediction in the same state as the US capitol?,87,3,What is the difference in years between {answer_2} and {answer_1}?,2.0,0.04,"answer_1: int = qa_model(""In what year was the first Groundhog Day prediction made in the same state as the US capitol?"") | answer_2: int = qa_model(""In what year did Punxsutawney Phil canonically start making Groundhog Day predictions?"") | final_answer: int = qa_model(""What is the difference in years between {answer_2} and {answer_1}?"", answer_2=answer_2, answer_1=answer_1)"
143,final_step_mismatch,How many more votes did the Conservatives receive in the Highlands and Islands region in the 2021 Scottish Parliamentary Elections than in 2016?,"16,086",3,What is the difference between {answer_1} and {answer_2}?,0.5,0.05,"answer_1: int = qa_model(""How many votes did the Conservatives receive in the Highlands and Islands region in the 2021 Scottish Parliamentary Elections?"") | answer_2: int = qa_model(""How many votes did the Conservatives receive in the Highlands and Islands region in the 2016 Scottish Parliamentary Elections?"") | final_answer: int = qa_model(""What is the difference between {answer_1} and {answer_2}?"", answer_1=answer_1, answer_2=answer_2)"
790,final_step_mismatch,"On the same day Roald Dahl first published a work, a famous guitar player and singer was born. This person was once ranked 13th in Rolling Stone's ""100 Greatest Guitarists of All Time"" cover story. In the same year that this person was ranked 13th, who was ranked number 2 in Rolling Stone magazine's list of the 100 greatest guitarists of all time?",Duane Allman,4,In the {answer_3} Rolling Stone magazine,0.5,0.08,"answer_1: str = qa_model(""What was the publication date of Roald Dahl's first published work?"") | answer_2: str = qa_model(""Which famous guitar player and singer was born on {answer_1}?"", answer_1=answer_1) | answer_3: int = qa_model(""In what year was {answer_2} ranked 13th in Rolling Stone's '100 Greatest Guitarists of All Time' cover story?"", answer_2=answer_2) | final_answer: str = qa_model(""In the {answer_3} Rolling Stone magazine's list of the 100 greatest guitarists of all time, who was ranked number 2?"", answer_3=answer_3)"
777,over_decomposition,Which leap year happened exactly halfway between the birth of Shoghi Effendi and the founding of the college he attended?,1580,4,Which leap year happened exactly halfway between {answer_1} and {answer_3}?,0.0,0.44,"answer_1: int = qa_model(""In what year was Shoghi Effendi born?"") | answer_2: str = qa_model(""What college did Shoghi Effendi attend?"") | answer_3: int = qa_model(""In what year was the college {answer_2} founded?"", answer_2=answer_2) | final_answer: int = qa_model(""Which leap year happened exactly halfway between {answer_1} and {answer_3}?"", answer_1=answer_1, answer_3=answer_3)"
629,final_step_mismatch,"Twin brothers and former linebackers Ricardo and Devon McDonald were drafted into the NFL in 1992 and 1993, respectively. How many more games did one twin play than the other during their NFL career?",56,3,What is the absolute difference between {answer_1} and {answer_2}?,0.5,0.03,"answer_1: int = qa_model(""How many games did Ricardo McDonald play during his NFL career?"") | answer_2: int = qa_model(""How many games did Devon McDonald play during his NFL career?"") | final_answer: int = qa_model(""What is the absolute difference between {answer_1} and {answer_2}?"", answer_1=answer_1, answer_2=answer_2)"
455,final_step_mismatch,How many years older is the the library where Galileo's middle finger was first exhibited than the first public library to be lit using electric lightbulbs?,222,5,What is the difference in years between {answer_4} and {answer_2}?,0.5,0.05,"answer_1: str = qa_model(""In which library was Galileo's middle finger first exhibited?"") | answer_2: int = qa_model(""In what year was the library {answer_1} founded?"", answer_1=answer_1) | answer_3: str = qa_model(""What was the first public library to be lit using electric lightbulbs?"") | answer_4: int = qa_model(""In what year was the library {answer_3} founded?"", answer_3=answer_3) | final_answer: int = qa_model(""What is the difference in years between {answer_4} and {answer_2}?"", answer_2=answer_2, answer_4=answer_4)"
447,final_step_mismatch,"The star of the TV show ""The Bear"" had his breakout role on a Showtime show. The actress who played his older sister on that Showtime show released an album in 2007. The label who released her album released their first album 27 years previous. From their first album, what number did the title track reach on the Billboard Hot 100?",Number 3,7,From the album ,2.0,0.06,"answer_1: str = qa_model(""Who is the star of the TV show 'The Bear'?"") | answer_2: str = qa_model(""What Showtime show was the breakout role for {answer_1}?"", answer_1=answer_1) | answer_3: str = qa_model(""Who played the older sister of {answer_1}'s character on the Showtime show {answer_2}?"", answer_1=answer_1, answer_2=answer_2) | answer_4: str = qa_model(""What is the name of the album released by {answer_3} in 2007?"", answer_3=answer_3) | answer_5: str = qa_model(""What record label released the album {answer_4}?"", answer_4=answer_4) | answer_6: str = qa_model(""What was the first album released by the label {answer_5}, 27 years before 2007?"", answer_5=answer_5) | final_answer: int = qa_model(""From the album '{answer_6}', what number did the title track reach on the Billboard Hot 100?"", answer_6=answer_6)"
152,over_decomposition,What are the first three letters of the capital city of the country where Shakespeare's longest play is set?,Cop,4,What are the first three letters of the city name {answer_3}?,0.0,0.31,"answer_1: str = qa_model(""What is Shakespeare's longest play?"") | answer_2: str = qa_model(""In which country is the play {answer_1} set?"", answer_1=answer_1) | answer_3: str = qa_model(""What is the capital city of {answer_2}?"", answer_2=answer_2) | final_answer: str = qa_model(""What are the first three letters of the city name {answer_3}?"", answer_3=answer_3)"
330,final_step_mismatch,"How many years older is the police force that covers the City of London, than the political party that came 4th in the 2019 European Parliament election in Lombardy? Write the number of years in binary",10101110,5,What is {answer_4} written in binary?,0.5,0.04,"answer_1: int = qa_model(""What is the founding year of the police force that covers the City of London?"") | answer_2: str = qa_model(""Which political party came 4th in the 2019 European Parliament election in Lombardy?"") | answer_3: int = qa_model(""What is the founding year of the political party {answer_2}?"", answer_2=answer_2) | answer_4: int = qa_model(""What is the difference in years between {answer_3} and {answer_1}?"", answer_1=answer_1, answer_3=answer_3) | final_answer: str = qa_model(""What is {answer_4} written in binary?"", answer_4=answer_4)"
719,over_decomposition,Who was the president of the United States when the resort housing the BomBora steel roller coaster first opened?,Grover Cleveland,3,Who was the president of the United States on {answer_2}?,0.0,0.23,"answer_1: str = qa_model(""Which resort houses the BomBora steel roller coaster?"") | answer_2: str = qa_model(""When did the resort {answer_1} first open?"", answer_1=answer_1) | final_answer: str = qa_model(""Who was the president of the United States on {answer_2}?"", answer_2=answer_2)"
646,final_step_mismatch,"How much money would be left of Elon Musk's net worth in January of 2021, if you subtracted the 2022 average yearly gross salary of 10,000 people, working in the Philippines, written in words?",one hundred eighty-four billion nine hundred fifty-nine million four hundred forty thousand.,5,How is the number {answer_4} written in words?,0.5,0.07,"answer_1: float = qa_model(""What was Elon Musk's net worth in January of 2021?"") | answer_2: float = qa_model(""What was the 2022 average yearly gross salary in the Philippines?"") | answer_3: float = qa_model(""What is the total 2022 average yearly gross salary of 10,000 people working in the Philippines, if the individual average is {answer_2}?"", answer_2=answer_2) | answer_4: float = qa_model(""What is the result of subtracting {answer_3} from {answer_1}?"", answer_1=answer_1, answer_3=answer_3) | final_answer: str = qa_model(""How is the number {answer_4} written in words?"", answer_4=answer_4)"
331,final_step_mismatch,"Lauryn Hill has one older brother named Malaney. The year he was born, a famous baseball player who played his final season with the Philadelphia Athletics died in March. That player was elected to the Baseball Hall of Fame. 6 years later after his election, the only person to be inducted to the Baseball Hall of Fame had how many total career wins? ",365,5,How many total career wins did {answer_4} have?,3.0,0.09,"answer_1: int = qa_model(""In what year was Malaney Hill, Lauryn Hill's older brother, born?"") | answer_2: str = qa_model(""Which famous baseball player who played his final season with the Philadelphia Athletics died in March of {answer_1}?"", answer_1=answer_1) | answer_3: int = qa_model(""In what year was {answer_2} elected to the Baseball Hall of Fame?"", answer_2=answer_2) | answer_4: str = qa_model(""Who was the only person inducted into the Baseball Hall of Fame 6 years after {answer_3}?"", answer_3=answer_3) | final_answer: int = qa_model(""How many total career wins did {answer_4} have?"", answer_4=answer_4)"
232,final_step_mismatch,How much taller (in centimetres) is Mark O'Halloran (ex West Tigers rugby league player) than the London Broncos' player with the heritage number 341?,11cm,4,What is the difference in centimetres between {answer_1} and {answer_3}?,0.5,0.04,"answer_1: float = qa_model(""What is the height in centimetres of Mark O'Halloran (ex West Tigers rugby league player)?"") | answer_2: str = qa_model(""Which London Broncos' player has the heritage number 341?"") | answer_3: float = qa_model(""What is the height in centimetres of {answer_2}?"", answer_2=answer_2) | final_answer: float = qa_model(""What is the difference in centimetres between {answer_1} and {answer_3}?"", answer_1=answer_1, answer_3=answer_3)"
575,over_decomposition|final_step_mismatch,How old was Benjamin Franklin when Wolfgang Amadeus Mozart was born?,50 years old.,3,How many years are there between {answer_1} and {answer_2}?,0.0,0.0,"answer_1: str = qa_model(""What is the birth date of Benjamin Franklin?"") | answer_2: str = qa_model(""What is the birth date of Wolfgang Amadeus Mozart?"") | final_answer: int = qa_model(""How many years are there between {answer_1} and {answer_2}?"", answer_1=answer_1, answer_2=answer_2)"
171,final_step_mismatch,Which player scored 20 goals in the English Premier League in the 2006-2007 season and won 'Chelsea Players Player of the Year' award in 2007?,Didier Drogba scored 20 goals in the the 2006-2007 English Premier League season and won the  'Chelsea Players Player of the Year' award in 2007.,3,Which player from the list {answer_1} is the same as {answer_2}?,0.5,0.05,"answer_1: list[str] = qa_model(""Which players scored 20 goals in the English Premier League in the 2006-2007 season?"") | answer_2: str = qa_model(""Who won the 'Chelsea Players Player of the Year' award in 2007?"") | final_answer: str = qa_model(""Which player from the list {answer_1} is the same as {answer_2}?"", answer_1=answer_1, answer_2=answer_2)"
259,final_step_mismatch,American author Joan Didion's second fiction novel has a film adaptation. The director of this film is the uncle of a famous pop singer This pop singer once famously sang a song with lyrics describing a combustible-containing device. This song received nominations for Best Pop Solo Performance and Record of the Year at the 54th Annual Grammy Awards. This song was inspired by another book. What is the name of the song and the book that inspired it?,"Firework by Katy Perry was inspired by ""On the Road"" by Jack Kerouac ",6,Return the song ,2.0,0.02,"answer_1: str = qa_model(""What is American author Joan Didion's second fiction novel?"") | answer_2: str = qa_model(""Who is the director of the film adaptation of the novel '{answer_1}'?"", answer_1=answer_1) | answer_3: str = qa_model(""Who is the famous pop singer niece or nephew of director {answer_2}?"", answer_2=answer_2) | answer_4: str = qa_model(""Which song by {answer_3} with lyrics describing a combustible-containing device was nominated for Best Pop Solo Performance and Record of the Year at the 54th Annual Grammy Awards?"", answer_3=answer_3) | answer_5: str = qa_model(""What is the name of the book that inspired the song '{answer_4}'?"", answer_4=answer_4) | final_answer: list[str] = qa_model(""Return the song '{answer_4}' and the book '{answer_5}'?"", answer_4=answer_4, answer_5=answer_5)"
445,final_step_mismatch,What number do you get when you add up the numbers in the postcode of the hospital John Lennon was born in?,14,3,What is the sum of the digits in the postcode {answer_2}?,0.5,0.07,"answer_1: str = qa_model(""In which hospital was John Lennon born?"") | answer_2: str = qa_model(""What is the postcode of the hospital {answer_1}?"", answer_1=answer_1) | final_answer: int = qa_model(""What is the sum of the digits in the postcode {answer_2}?"", answer_2=answer_2)"
570,over_decomposition,How old was Katie Couric when Oprah Winfrey was 8 years old?,Katie Couric was 5 years old when Oprah Winfrey was 8 years old.,3,How old was Katie Couric (born {answer_2}) when Oprah Winfrey (born {answer_1}) was 8 years old?,0.0,0.7,"answer_1: str = qa_model(""What is Oprah Winfrey's date of birth?"") | answer_2: str = qa_model(""What is Katie Couric's date of birth?"") | final_answer: int = qa_model(""How old was Katie Couric (born {answer_2}) when Oprah Winfrey (born {answer_1}) was 8 years old?"", answer_1=answer_1, answer_2=answer_2)"
813,over_decomposition,What happened at the Dyatlov Pass Incident and how did it inspire the plot of 2013 horror film Devil Pass?,The Dyatlov Pass Incident was an event in 1959 where nine Soviet Hiker's died in the Northern Ural Mountains after cutting open their tents and running into the snow for a reason without explanation. Devil Pass is a found footage film that takes place in the decades following the Dyatlov Pass Incident about a group of American students who travel to Russia to investigate the event.,3,Based on the events of the Dyatlov Pass Incident ({answer_1}) and the plot of the film Devil,0.0,0.39,"answer_1: str = qa_model(""What happened at the Dyatlov Pass Incident?"") | answer_2: str = qa_model(""What is the plot of the 2013 horror film Devil's Pass?"") | final_answer: str = qa_model(""Based on the events of the Dyatlov Pass Incident ({answer_1}) and the plot of the film Devil's Pass ({answer_2}), explain what happened in the incident and how it inspired the film."", answer_1=answer_1, answer_2=answer_2)"
819,final_step_mismatch,"How many years after publishing his paper *On the Inhalation of the Vapor of Ether* did John Snow make the connection between cholera, kidney failure, and contaminated water sources?",Seven,3,What is the absolute difference between {answer_1} and {answer_2}?,1.5,0.07,"answer_1: int = qa_model(""In what year did John Snow publish his paper *On the Inhalation of the Vapor of Ether*?"") | answer_2: int = qa_model(""In what year did John Snow make the connection between cholera, kidney failure, and contaminated water sources?"") | final_answer: int = qa_model(""What is the absolute difference between {answer_1} and {answer_2}?"", answer_1=answer_1, answer_2=answer_2)"
759,final_step_mismatch,I can't recall who I'm trying to think of. This person was the partner of someone in the 1984 Olympic keelboat competition. Their partner's sister was the only American who placed in the 2003 Pan American Games for sailing in the men's or women's competition (not including the open events).,Richard Coxon.,3,Who was {answer_2},1.5,0.0,"answer_1: str = qa_model(""Who was the only American who placed in the 2003 Pan American Games for sailing in the men's or women's competition, not including open events?"") | answer_2: str = qa_model(""Who is the brother of {answer_1}?"", answer_1=answer_1) | final_answer: str = qa_model(""Who was {answer_2}'s partner in the 1984 Olympic keelboat competition?"", answer_2=answer_2)"
176,over_decomposition,"For the year 2020, what was the difference in total fertility rate (TFR) for East Timor and Japan?",1.92,3,What is the difference between {answer_1} and {answer_2}?,0.0,0.13,"answer_1: float = qa_model(""What was the total fertility rate (TFR) for East Timor in 2020?"") | answer_2: float = qa_model(""What was the total fertility rate (TFR) for Japan in 2020?"") | final_answer: float = qa_model(""What is the difference between {answer_1} and {answer_2}?"", answer_1=answer_1, answer_2=answer_2)"
173,final_step_mismatch,"In roman numerals, how many nations competed in the Olympic Games where the most gold medals was won by an athlete at a single Olympic Games, as of 1st July 2024?",CCIV,4,What is the Roman numeral for {answer_3}?,0.5,0.05,"answer_1: str = qa_model(""Which athlete won the most gold medals at a single Olympic Games, as of 1st July 2024?"") | answer_2: str = qa_model(""At which Olympic Games did {answer_1} win the most gold medals?"", answer_1=answer_1) | answer_3: int = qa_model(""How many nations competed in the {answer_2}?"", answer_2=answer_2) | final_answer: str = qa_model(""What is the Roman numeral for {answer_3}?"", answer_3=answer_3)"
520,final_step_mismatch,What was the population in 2020 of the city that is in the name of the football team that won the Super Bowl five years before Matthew McConaughey won best actor at the Academy Awards?,"302,971",5,What was the population of {answer_4} in 2020?,5.0,0.1,"answer_1: int = qa_model(""In what year did Matthew McConaughey win the Best Actor award at the Academy Awards?"") | answer_2: int = qa_model(""What year is five years before {answer_1}?"", answer_1=answer_1) | answer_3: str = qa_model(""Which football team won the Super Bowl in {answer_2}?"", answer_2=answer_2) | answer_4: str = qa_model(""What city is in the name of the football team {answer_3}?"", answer_3=answer_3) | final_answer: int = qa_model(""What was the population of {answer_4} in 2020?"", answer_4=answer_4)"
120,final_step_mismatch,"In square KM, how much bigger is the total area of La Casita-Garciasville, Texas compared to that of the independent state that was recognised in the 1929 Lateran Treaty?",10.81,4,What is the difference in square kilometers between {answer_1} and {answer_3}?,0.5,0.04,"answer_1: float = qa_model(""What is the total area of La Casita-Garciasville, Texas in square kilometers?"") | answer_2: str = qa_model(""What independent state was recognised in the 1929 Lateran Treaty?"") | answer_3: float = qa_model(""What is the total area of {answer_2} in square kilometers?"", answer_2=answer_2) | final_answer: float = qa_model(""What is the difference in square kilometers between {answer_1} and {answer_3}?"", answer_1=answer_1, answer_3=answer_3)"
128,over_decomposition,Name the teams in alphabetical order that every AL MVP from Texas Rangers retired from as of August 2024.,"Cleveland Indians, New York Yankees, Texas Rangers, Toronto Blue Jays",3,Sort the list of teams {answer_2} in alphabetical order.,0.0,0.17,"answer_1: list[str] = qa_model(""Who are the AL MVP winners from the Texas Rangers as of August 2024?"") | answer_2: list[str] = qa_model(""What teams did each of the players in {answer_1} retire from?"", answer_1=answer_1) | final_answer: list[str] = qa_model(""Sort the list of teams {answer_2} in alphabetical order."", answer_2=answer_2)"
198,over_decomposition|final_step_mismatch,Why didn't Harvard have calculus classes when it first opened?,Calculus was not invented yet.,3,Why couldn,0.0,0.09,"answer_1: int = qa_model(""In what year did Harvard first open?"") | answer_2: str = qa_model(""When was calculus invented?"") | final_answer: str = qa_model(""Why couldn't Harvard have offered calculus classes in {answer_1}, given that calculus was invented around {answer_2}?"", answer_1=answer_1, answer_2=answer_2)"
285,final_step_mismatch,This deceased American singer and songwriter who's song about censorship was nominated for a Grammy Award (for Best Hard Rock Performance) in the same year that was designated as International Space Year by the United Nations. How many letters are in his name?,11 (Layne Staley),3,How many letters are in the name ,2.0,0.09,"answer_1: int = qa_model(""What year was designated as International Space Year by the United Nations?"") | answer_2: str = qa_model(""Which deceased American singer and songwriter had a song about censorship nominated for a Grammy Award for Best Hard Rock Performance in {answer_1}?"", answer_1=answer_1) | final_answer: int = qa_model(""How many letters are in the name '{answer_2}'?"", answer_2=answer_2)"
276,over_decomposition|final_step_mismatch,"Of the 'Big Four' of Thrash Metal, whose debut full-length was released first?",Metallica,3,"Of the bands and their debut album release dates in {answer_2}, which band",0.0,0.06,"answer_1: list[str] = qa_model(""Who are the 'Big Four' of Thrash Metal?"") | answer_2: dict[str, str] = qa_model(""What were the release dates of the debut full-length albums for each of the bands in {answer_1}?"", answer_1=answer_1) | final_answer: str = qa_model(""Of the bands and their debut album release dates in {answer_2}, which band's album was released first?"", answer_2=answer_2)"
565,final_step_mismatch,Who was the Super Bowl MVP's wife the year the building Rodney Gordon designed was sold to Capital and City Group?,Abby McGrew,4,Who was the wife of {answer_3}?,0.5,0.06,"answer_1: str = qa_model(""What building designed by Rodney Gordon was sold to Capital and City Group?"") | answer_2: int = qa_model(""In what year was the {answer_1} sold to Capital and City Group?"", answer_1=answer_1) | answer_3: str = qa_model(""Who was the Super Bowl MVP in {answer_2}?"", answer_2=answer_2) | final_answer: str = qa_model(""Who was the wife of {answer_3}?"", answer_3=answer_3)"
20,over_decomposition,"As of August 1 2024, what is the most recently described genus of Colosteidae?","Deltaherpeton, first described in 2010",3,"As of August 1 2024, which genus from {answer_2} was most recently described?",0.0,0.73,"answer_1: list[str] = qa_model(""What are the genera in the family Colosteidae?"") | answer_2: dict[str, str] = qa_model(""When was each genus in {answer_1} described?"", answer_1=answer_1) | final_answer: str = qa_model(""As of August 1 2024, which genus from {answer_2} was most recently described?"", answer_2=answer_2)"
193,over_decomposition,Do the timelines in the stories of Nier: Automata and Nier Replicant intersect?,"No, they do not intersect.",3,Do the timelines of the stories of Nier: Automata ({answer_1}) and Nier Replicant ({answer_2}) intersect?,-1.0,0.8,"answer_1: str = qa_model(""What is the timeline of the story of Nier: Automata?"") | answer_2: str = qa_model(""What is the timeline of the story of Nier Replicant?"") | final_answer: str = qa_model(""Do the timelines of the stories of Nier: Automata ({answer_1}) and Nier Replicant ({answer_2}) intersect?"", answer_1=answer_1, answer_2=answer_2)"
367,final_step_mismatch,Frank Jevons was the 9th Master of Hatfield College. His death came how many years after the death of his predecessor in the same role?,5 years,4,What is the difference in years between {answer_1} and {answer_3}?,1.5,0.05,"answer_1: int = qa_model(""In what year did Frank Jevons die?"") | answer_2: str = qa_model(""Who was the predecessor to Frank Jevons as the Master of Hatfield College?"") | answer_3: int = qa_model(""In what year did {answer_2} die?"", answer_2=answer_2) | final_answer: int = qa_model(""What is the difference in years between {answer_1} and {answer_3}?"", answer_1=answer_1, answer_3=answer_3)"
517,over_decomposition|final_step_mismatch,What age was the Director of Inception (2010) when the film was released in the UK?,39,4,What was the age of a person born on {answer_2} on the date {answer_3}?,0.0,0.08,"answer_1: str = qa_model(""Who was the director of the film Inception (2010)?"") | answer_2: str = qa_model(""What is the birth date of {answer_1}?"", answer_1=answer_1) | answer_3: str = qa_model(""When was the film Inception (2010) released in the UK?"") | final_answer: int = qa_model(""What was the age of a person born on {answer_2} on the date {answer_3}?"", answer_2=answer_2, answer_3=answer_3)"
202,final_step_mismatch,"The National Peace Corps Association was founded in 1979 by a United States politician. This founder then appointed the very first director of the Peace Corps, his brother-in-law. What is the first name of this director?",Robert,3,What is the first name of {answer_2}?,0.5,0.09,"answer_1: str = qa_model(""Which United States politician founded the National Peace Corps Association in 1979?"") | answer_2: str = qa_model(""Who was the brother-in-law of {answer_1}, who was appointed as the first director of the Peace Corps?"", answer_1=answer_1) | final_answer: str = qa_model(""What is the first name of {answer_2}?"", answer_2=answer_2)"
243,final_step_mismatch,A United States women's national soccer team player scored her first career international goal during the semi-final match of the 2015 FIFA Women's World Cup. This same player scored her second goal the next year. Tell me the difference in attendance between these two games.,"43,518",4,What is the difference in attendance between {answer_2} and {answer_3}?,0.5,0.08,"answer_1: str = qa_model(""Which United States women's national soccer team player scored her first career international goal during the semi-final match of the 2015 FIFA Women's World Cup?"") | answer_2: int = qa_model(""What was the attendance for the 2015 FIFA Women's World Cup semi-final match where {answer_1} scored her first international goal?"", answer_1=answer_1) | answer_3: int = qa_model(""What was the attendance for the game where {answer_1} scored her second career international goal the next year (2016)?"", answer_1=answer_1) | final_answer: int = qa_model(""What is the difference in attendance between {answer_2} and {answer_3}?"", answer_2=answer_2, answer_3=answer_3)"
438,over_decomposition,Who was the youngest climber to podium at the first year climbing was in the olympics?,Alberto Ginés López (18 at the time).,3,Who was the youngest climber among {answer_2}?,0.0,0.2,"answer_1: int = qa_model(""In what year was sport climbing first included in the Olympics?"") | answer_2: list[str] = qa_model(""Who were the climbers who won a medal in sport climbing at the {answer_1} Olympics?"", answer_1=answer_1) | final_answer: str = qa_model(""Who was the youngest climber among {answer_2}?"", answer_2=answer_2)"
772,over_decomposition,What's the name of Goku's iconic transformation and what episode number does it first appear in the anime?,Goku becomes a Super Saiyan in episode 95 of Dragon Ball Z.,3,Return the transformation name ,0.0,0.14,"answer_1: str = qa_model(""What is the name of Goku's iconic transformation?"") | answer_2: int = qa_model(""In what episode number does the {answer_1} transformation first appear in the anime?"", answer_1=answer_1) | final_answer: str = qa_model(""Return the transformation name '{answer_1}' and the episode number '{answer_2}' as a combined string."", answer_1=answer_1, answer_2=answer_2)"
576,final_step_mismatch,"The female of the pair who have been called ""the worst guests in 'Below Deck Sailing Yacht' history"" made her TV debut five seasons before which Bachelor?",Jake Pavelka,4,Which Bachelor,5.0,0.05,"answer_1: list[str] = qa_model(""Who have been called 'the worst guests in Below Deck Sailing Yacht history'?"") | answer_2: str = qa_model(""Who is the female of the pair {answer_1}?"", answer_1=answer_1) | answer_3: int = qa_model(""What season of what show did {answer_2} make her TV debut?"", answer_2=answer_2) | final_answer: str = qa_model(""Which Bachelor's season was five seasons after season {answer_3}?"", answer_3=answer_3)"
662,over_decomposition,Which British prime minister of the 1990s had the most children?,Tony Blair,3,Which prime minister from {answer_2} had the most children?,0.0,0.56,"answer_1: list[str] = qa_model(""Which British prime ministers served in the 1990s?"") | answer_2: dict[str, int] = qa_model(""How many children did each of the prime ministers in {answer_1} have?"", answer_1=answer_1) | final_answer: str = qa_model(""Which prime minister from {answer_2} had the most children?"", answer_2=answer_2)"
729,final_step_mismatch,"What is the name of the ""pseudo label"" that collected the early collaborations of English architect Sir Peter Cook's son? ",Gamsonite,2,What is the name of the ,1.5,0.07,"answer_1: str = qa_model(""Who is the son of English architect Sir Peter Cook?"") | final_answer: str = qa_model(""What is the name of the 'pseudo label' that collected the early collaborations of {answer_1}?"", answer_1=answer_1)"
354,final_step_mismatch,How old was the 31st President of the United States when the second nuclear weapon ever used in warfare was dropped?,70 years old,4,How old was a person born on {answer_2} on {answer_3}?,0.5,0.06,"answer_1: str = qa_model(""Who was the 31st President of the United States?"") | answer_2: str = qa_model(""What is the birth date of {answer_1}?"", answer_1=answer_1) | answer_3: str = qa_model(""On what date was the second nuclear weapon ever used in warfare dropped?"") | final_answer: int = qa_model(""How old was a person born on {answer_2} on {answer_3}?"", answer_2=answer_2, answer_3=answer_3)"
713,over_decomposition,How many years did Cardi B's rap career overlap with Tupac's rap career?,Zero,4,How many years of overlap are there between Tupac,0.0,0.31,"answer_1: int = qa_model(""In what year did Tupac's rap career begin?"") | answer_2: int = qa_model(""In what year did Tupac's rap career end?"") | answer_3: int = qa_model(""In what year did Cardi B's rap career begin?"") | final_answer: int = qa_model(""How many years of overlap are there between Tupac's rap career from {answer_1} to {answer_2} and Cardi B's rap career which began in {answer_3}?"", answer_1=answer_1, answer_2=answer_2, answer_3=answer_3)"
482,over_decomposition|final_step_mismatch,How old was the first minister of the Ministry of Digital Affairs in Poland when Andrzej Halicki became minister?,"The first minister of the Ministry of Digital Affairs in Poland Anna Streżyńska was 47 years old when Andrzej Halicki became minister in 2014. Anna Streżyńska was born on May 11th, 1967.",4,How old was a person born on {answer_2} on the date {answer_3}?,0.0,0.06,"answer_1: str = qa_model(""Who was the first minister of the Ministry of Digital Affairs in Poland?"") | answer_2: str = qa_model(""What is the birth date of {answer_1}?"", answer_1=answer_1) | answer_3: str = qa_model(""When did Andrzej Halicki become minister of the Ministry of Digital Affairs?"") | final_answer: int = qa_model(""How old was a person born on {answer_2} on the date {answer_3}?"", answer_2=answer_2, answer_3=answer_3)"
346,over_decomposition,What sea borders the Irish County where the author of the short story Foster was born?,The Irish Sea,3,What sea borders County {answer_2}?,0.0,0.3,"answer_1: str = qa_model(""Who is the author of the short story Foster?"") | answer_2: str = qa_model(""In which Irish County was {answer_1} born?"", answer_1=answer_1) | final_answer: str = qa_model(""What sea borders County {answer_2}?"", answer_2=answer_2)"
568,final_step_mismatch,"How many fewer races did Sebastian Vettel complete before he retired compared to his hero, Michael Schumacher? ",Seven,3,What is the difference between {answer_1} and {answer_2}?,1.0,0.0,"answer_1: int = qa_model(""How many races did Sebastian Vettel complete before he retired?"") | answer_2: int = qa_model(""How many races did Michael Schumacher complete before he retired?"") | final_answer: int = qa_model(""What is the difference between {answer_1} and {answer_2}?"", answer_1=answer_1, answer_2=answer_2)"
226,over_decomposition,"Who were the first two women who won the Nobel Prize, in any category, who were also mothers?",Marie Curie and Grazia Deledda,3,Who are the first two women in the list {answer_2}?,0.0,0.25,"answer_1: list[str] = qa_model(""List all female Nobel Prize winners in chronological order of their win."") | answer_2: list[str] = qa_model(""Which of the women among {answer_1} were also mothers (return the names in the same order)?"", answer_1=answer_1) | final_answer: list[str] = qa_model(""Who are the first two women in the list {answer_2}?"", answer_2=answer_2)"
110,over_decomposition,"As of 1st August 2024, Are the actors who play Summer and Luke in the OC in anything else together?","Yes, Nashville series 5. ",3,"As of 1st August 2024, what other productions have the actors {answer_1} and {answer_2} appeared in together besides The OC?",0.0,0.4,"answer_1: str = qa_model(""Who is the actor who played Summer in The OC?"") | answer_2: str = qa_model(""Who is the actor who played Luke in The OC?"") | final_answer: list[str] = qa_model(""As of 1st August 2024, what other productions have the actors {answer_1} and {answer_2} appeared in together besides The OC?"", answer_1=answer_1, answer_2=answer_2)"
544,over_decomposition,"Which of these series was published earliest? Wedding Peach, Tokyo Mew Mew, Sailor Moon",Sailor Moon,4,"Which of these series was published earliest: Wedding Peach ({answer_1}), Tokyo Mew Mew ({answer_2}), or Sailor Moon ({answer_3})?",0.0,0.71,"answer_1: str = qa_model(""When was the series Wedding Peach first published?"") | answer_2: str = qa_model(""When was the series Tokyo Mew Mew first published?"") | answer_3: str = qa_model(""When was the series Sailor Moon first published?"") | final_answer: str = qa_model(""Which of these series was published earliest: Wedding Peach ({answer_1}), Tokyo Mew Mew ({answer_2}), or Sailor Moon ({answer_3})?"", answer_1=answer_1, answer_2=answer_2, answer_3=answer_3)"
