dataset	model	baseline	TP	FP	TN	FN	Precision	Recall	F1	Coverage	Acc@Cov	Overall_Acc	Decision_Acc	AUROC
bamboogle	google-gemini-2-5-flash	ays	8	4	99	12	0.667	0.4	0.5	0.902	0.892	0.805	0.87	0.6806
bamboogle	google-gemini-2-5-flash	idk	1	0	103	19	1.0	0.05	0.095	0.992	0.844	0.837	0.846	0.525
bamboogle	google-gemini-2-5-flash	pairwise_assistive	12	16	87	8	0.429	0.6	0.5	0.772	0.916	0.707	0.805	0.7223
bamboogle	google-gemini-2-5-flash	pairwise_incremental	12	9	94	8	0.571	0.6	0.585	0.829	0.922	0.764	0.862	0.7563
bamboogle	google-gemini-2-5-flash	pairwise_model_generated	13	11	92	7	0.542	0.65	0.591	0.805	0.929	0.748	0.854	0.7716
bamboogle	google-gemini-2-5-flash	self_consistency	7	7	96	13	0.5	0.35	0.412	0.886	0.881	0.78	0.837	0.641
bamboogle	google-gemini-2-5-pro	ays	7	2	103	11	0.778	0.389	0.519	0.927	0.904	0.837	0.894	0.6849
bamboogle	google-gemini-2-5-pro	idk	1	0	105	17	1.0	0.056	0.105	0.992	0.861	0.854	0.862	0.5278
bamboogle	google-gemini-2-5-pro	pairwise_assistive	8	6	99	10	0.571	0.444	0.5	0.886	0.908	0.805	0.87	0.6937
bamboogle	google-gemini-2-5-pro	pairwise_incremental	8	4	101	10	0.667	0.444	0.533	0.902	0.91	0.821	0.886	0.7032
bamboogle	google-gemini-2-5-pro	pairwise_model_generated	9	8	97	9	0.529	0.5	0.514	0.862	0.915	0.789	0.862	0.7119
bamboogle	google-gemini-2-5-pro	self_consistency	3	3	102	15	0.5	0.167	0.25	0.951	0.872	0.829	0.854	0.569
bamboogle	google-gemma-3-4b-it	ays	49	3	8	63	0.942	0.438	0.598	0.577	0.113	0.065	0.463	0.5824
bamboogle	google-gemma-3-4b-it	idk	13	0	11	99	1.0	0.116	0.208	0.894	0.1	0.089	0.195	0.558
bamboogle	google-gemma-3-4b-it	pairwise_assistive	20	3	8	92	0.87	0.179	0.296	0.813	0.08	0.065	0.228	0.4529
bamboogle	google-gemma-3-4b-it	pairwise_incremental	36	2	9	76	0.947	0.321	0.48	0.691	0.106	0.073	0.366	0.5698
bamboogle	google-gemma-3-4b-it	pairwise_model_generated	28	2	9	84	0.933	0.25	0.394	0.756	0.097	0.073	0.301	0.5341
bamboogle	google-gemma-3-4b-it	self_consistency	1	0	11	111	1.0	0.009	0.018	0.992	0.09	0.089	0.098	0.5045
bamboogle	gpt-5-1	ays	7	4	100	12	0.636	0.368	0.467	0.911	0.893	0.813	0.87	0.665
bamboogle	gpt-5-1	idk	6	3	101	13	0.667	0.316	0.429	0.927	0.886	0.821	0.87	0.6435
bamboogle	gpt-5-1	pairwise_assistive	12	2	102	7	0.857	0.632	0.727	0.886	0.936	0.829	0.927	0.8062
bamboogle	gpt-5-1	pairwise_incremental	9	4	100	10	0.692	0.474	0.562	0.894	0.909	0.813	0.886	0.7176
bamboogle	gpt-5-1	pairwise_model_generated	10	10	94	9	0.5	0.526	0.513	0.837	0.913	0.764	0.846	0.7151
bamboogle	meta-llama-llama-3-1-8b-instruct	ays	48	4	23	48	0.923	0.5	0.649	0.577	0.324	0.187	0.577	0.6759
bamboogle	meta-llama-llama-3-1-8b-instruct	idk	5	1	25	92	0.833	0.052	0.097	0.951	0.214	0.203	0.244	0.5065
bamboogle	meta-llama-llama-3-1-8b-instruct	pairwise_assistive	81	6	20	16	0.931	0.835	0.88	0.293	0.556	0.163	0.821	0.8021
bamboogle	meta-llama-llama-3-1-8b-instruct	pairwise_incremental	67	5	21	30	0.931	0.691	0.793	0.415	0.412	0.171	0.715	0.7492
bamboogle	meta-llama-llama-3-1-8b-instruct	pairwise_model_generated	72	9	17	25	0.889	0.742	0.809	0.341	0.405	0.138	0.724	0.6981
bamboogle	meta-llama-llama-3-1-8b-instruct	self_consistency	7	0	26	90	1.0	0.072	0.135	0.943	0.224	0.211	0.268	0.5361
bamboogle	meta-llama-llama-3-3-70b-instruct	ays	25	6	50	42	0.806	0.373	0.51	0.748	0.543	0.407	0.61	0.633
bamboogle	meta-llama-llama-3-3-70b-instruct	idk	24	9	47	43	0.727	0.358	0.48	0.732	0.522	0.382	0.577	0.5987
bamboogle	meta-llama-llama-3-3-70b-instruct	pairwise_assistive	60	4	52	7	0.938	0.896	0.916	0.48	0.881	0.423	0.911	0.912
bamboogle	meta-llama-llama-3-3-70b-instruct	pairwise_incremental	54	7	49	13	0.885	0.806	0.844	0.504	0.79	0.398	0.837	0.8405
bamboogle	meta-llama-llama-3-3-70b-instruct	pairwise_model_generated	61	12	44	6	0.836	0.91	0.871	0.407	0.88	0.358	0.854	0.8481
bamboogle	meta-llama-llama-3-3-70b-instruct	self_consistency	1	0	56	66	1.0	0.015	0.029	0.992	0.459	0.455	0.463	0.5075
bamboogle	mistralai-mistral-7b-instruct-v0-3	ays	39	2	17	65	0.951	0.375	0.538	0.667	0.207	0.138	0.455	0.6349
bamboogle	mistralai-mistral-7b-instruct-v0-3	idk	23	2	17	81	0.92	0.221	0.357	0.797	0.173	0.138	0.325	0.5579
bamboogle	mistralai-mistral-7b-instruct-v0-3	pairwise_assistive	45	3	16	59	0.938	0.433	0.592	0.61	0.213	0.13	0.496	0.6374
bamboogle	mistralai-mistral-7b-instruct-v0-3	pairwise_incremental	42	4	15	62	0.913	0.404	0.56	0.626	0.195	0.122	0.463	0.5967
bamboogle	mistralai-mistral-7b-instruct-v0-3	pairwise_model_generated	33	4	15	71	0.892	0.317	0.468	0.699	0.174	0.122	0.39	0.5534
bamboogle	mistralai-mistral-7b-instruct-v0-3	self_consistency	15	1	18	89	0.938	0.144	0.25	0.87	0.168	0.146	0.268	0.5458
bamboogle	qwen-qwen2-5-72b-instruct	ays	53	8	31	31	0.869	0.631	0.731	0.504	0.5	0.252	0.683	0.7129
bamboogle	qwen-qwen2-5-72b-instruct	idk	73	20	19	11	0.785	0.869	0.825	0.244	0.633	0.154	0.748	0.6781
bamboogle	qwen-qwen2-5-72b-instruct	pairwise_assistive	69	4	35	15	0.945	0.821	0.879	0.407	0.7	0.285	0.846	0.8594
bamboogle	qwen-qwen2-5-72b-instruct	pairwise_incremental	61	2	37	23	0.968	0.726	0.83	0.488	0.617	0.301	0.797	0.8375
bamboogle	qwen-qwen2-5-72b-instruct	pairwise_model_generated	70	8	31	14	0.897	0.833	0.864	0.366	0.689	0.252	0.821	0.8141
bamboogle	qwen-qwen2-5-72b-instruct	self_consistency	15	2	37	69	0.882	0.179	0.297	0.862	0.349	0.301	0.423	0.5636
bamboogle	qwen-qwen3-32b	ays	56	6	17	44	0.903	0.56	0.691	0.496	0.279	0.138	0.593	0.6496
bamboogle	qwen-qwen3-32b	idk	15	1	22	85	0.938	0.15	0.259	0.87	0.206	0.179	0.301	0.5533
bamboogle	qwen-qwen3-32b	pairwise_assistive	89	5	18	11	0.947	0.89	0.918	0.236	0.621	0.146	0.87	0.8363
bamboogle	qwen-qwen3-32b	pairwise_incremental	89	6	17	11	0.937	0.89	0.913	0.228	0.607	0.138	0.862	0.8146
bamboogle	qwen-qwen3-32b	pairwise_model_generated	92	11	12	8	0.893	0.92	0.906	0.163	0.6	0.098	0.846	0.7209
bamboogle	qwen-qwen3-8b	ays	64	4	11	44	0.941	0.593	0.727	0.447	0.2	0.089	0.61	0.663
bamboogle	qwen-qwen3-8b	idk	47	3	12	61	0.94	0.435	0.595	0.593	0.164	0.098	0.48	0.6176
bamboogle	qwen-qwen3-8b	pairwise_assistive	97	4	11	11	0.96	0.898	0.928	0.179	0.5	0.089	0.878	0.8157
bamboogle	qwen-qwen3-8b	pairwise_incremental	72	1	14	36	0.986	0.667	0.796	0.407	0.28	0.114	0.699	0.8
bamboogle	qwen-qwen3-8b	pairwise_model_generated	96	2	13	12	0.98	0.889	0.932	0.203	0.52	0.106	0.886	0.8778
bamboogle	qwen-qwen3-8b	self_consistency	11	1	14	97	0.917	0.102	0.183	0.902	0.126	0.114	0.203	0.5176
crag	google-gemini-2-5-flash	ays	39	7	94	19	0.848	0.672	0.75	0.711	0.832	0.591	0.836	0.8016
crag	google-gemini-2-5-flash	ic_idk	16	9	92	42	0.64	0.276	0.386	0.843	0.687	0.579	0.679	0.5934
crag	google-gemini-2-5-flash	pairwise_assistive	33	10	94	25	0.767	0.569	0.653	0.735	0.79	0.58	0.784	0.7364
crag	google-gemini-2-5-flash	pairwise_incremental	33	12	92	25	0.733	0.569	0.641	0.722	0.786	0.568	0.772	0.7268
crag	google-gemini-2-5-flash	pairwise_model_generated	29	17	87	29	0.63	0.5	0.558	0.716	0.75	0.537	0.716	0.6683
crag	google-gemini-2-5-flash	self_consistency	2	2	14	2	0.5	0.5	0.5	0.8	0.875	0.7	0.8	0.6875
crag	google-gemini-2-5-pro	ays	32	8	94	25	0.8	0.561	0.66	0.748	0.79	0.591	0.792	0.7415
crag	google-gemini-2-5-pro	ic_idk	17	5	97	40	0.773	0.298	0.43	0.862	0.708	0.61	0.717	0.6246
crag	google-gemini-2-5-pro	pairwise_assistive	19	8	97	38	0.704	0.333	0.452	0.833	0.719	0.599	0.716	0.6286
crag	google-gemini-2-5-pro	pairwise_incremental	17	9	96	40	0.654	0.298	0.41	0.84	0.706	0.593	0.698	0.6063
crag	google-gemini-2-5-pro	pairwise_model_generated	16	17	88	41	0.485	0.281	0.356	0.796	0.682	0.543	0.642	0.5594
crag	google-gemini-2-5-pro	self_consistency	1	0	14	5	1.0	0.167	0.286	0.95	0.737	0.7	0.75	0.5833
crag	google-gemma-3-4b-it	ays	49	3	25	82	0.942	0.374	0.536	0.673	0.234	0.157	0.465	0.6335
crag	google-gemma-3-4b-it	ic_idk	30	3	25	101	0.909	0.229	0.366	0.792	0.198	0.157	0.346	0.5609
crag	google-gemma-3-4b-it	pairwise_assistive	100	14	15	33	0.877	0.752	0.81	0.296	0.312	0.093	0.71	0.6346
crag	google-gemma-3-4b-it	pairwise_incremental	107	16	13	26	0.87	0.805	0.836	0.241	0.333	0.08	0.741	0.6264
crag	google-gemma-3-4b-it	pairwise_model_generated	109	19	10	24	0.852	0.82	0.835	0.21	0.294	0.062	0.735	0.5822
crag	google-gemma-3-4b-it	self_consistency	0	0	2	18	0.0	0.0	0.0	1.0	0.1	0.1	0.1	0.5
crag	gpt-5-1	ays	33	11	92	23	0.75	0.589	0.66	0.723	0.8	0.579	0.786	0.7412
crag	gpt-5-1	ic_idk	29	12	91	27	0.707	0.518	0.598	0.742	0.771	0.572	0.755	0.7007
crag	gpt-5-1	idk	2	0	14	4	1.0	0.333	0.5	0.9	0.778	0.7	0.8	0.6667
crag	gpt-5-1	pairwise_assistive	2	0	14	4	1.0	0.333	0.5	0.9	0.778	0.7	0.8	0.6667
crag	gpt-5-1	pairwise_incremental	2	0	14	4	1.0	0.333	0.5	0.9	0.778	0.7	0.8	0.6667
crag	gpt-5-1	pairwise_model_generated	3	3	11	3	0.5	0.5	0.5	0.7	0.786	0.55	0.7	0.6429
crag	meta-llama-llama-3-1-8b-instruct	ays	62	10	34	53	0.861	0.539	0.663	0.547	0.391	0.214	0.604	0.6559
crag	meta-llama-llama-3-1-8b-instruct	ic_idk	29	3	41	86	0.906	0.252	0.395	0.799	0.323	0.258	0.44	0.592
crag	meta-llama-llama-3-1-8b-instruct	pairwise_assistive	98	14	31	19	0.875	0.838	0.856	0.309	0.62	0.191	0.796	0.7632
crag	meta-llama-llama-3-1-8b-instruct	pairwise_incremental	102	13	32	15	0.887	0.872	0.879	0.29	0.681	0.198	0.827	0.7915
crag	meta-llama-llama-3-1-8b-instruct	pairwise_model_generated	99	21	24	18	0.825	0.846	0.835	0.259	0.571	0.148	0.759	0.6897
crag	meta-llama-llama-3-1-8b-instruct	self_consistency	1	0	7	12	1.0	0.077	0.143	0.95	0.368	0.35	0.4	0.5385
crag	meta-llama-llama-3-3-70b-instruct	ays	36	8	59	56	0.818	0.391	0.529	0.723	0.513	0.371	0.597	0.636
crag	meta-llama-llama-3-3-70b-instruct	ic_idk	75	32	35	17	0.701	0.815	0.754	0.327	0.673	0.22	0.692	0.6688
crag	meta-llama-llama-3-3-70b-instruct	pairwise_assistive	61	16	52	33	0.792	0.649	0.713	0.525	0.612	0.321	0.698	0.7068
crag	meta-llama-llama-3-3-70b-instruct	pairwise_incremental	61	9	59	33	0.871	0.649	0.744	0.568	0.641	0.364	0.741	0.7583
crag	meta-llama-llama-3-3-70b-instruct	pairwise_model_generated	71	13	55	23	0.845	0.755	0.798	0.481	0.705	0.34	0.778	0.7821
crag	meta-llama-llama-3-3-70b-instruct	self_consistency	1	0	8	11	1.0	0.083	0.154	0.95	0.421	0.4	0.45	0.5417
crag	mistralai-mistral-7b-instruct-v0-3	ays	24	2	38	95	0.923	0.202	0.331	0.836	0.286	0.239	0.39	0.5758
crag	mistralai-mistral-7b-instruct-v0-3	ic_idk	61	7	33	58	0.897	0.513	0.652	0.572	0.363	0.208	0.591	0.6688
crag	mistralai-mistral-7b-instruct-v0-3	pairwise_assistive	98	13	28	23	0.883	0.81	0.845	0.315	0.549	0.173	0.778	0.7464
crag	mistralai-mistral-7b-instruct-v0-3	pairwise_incremental	103	16	25	18	0.866	0.851	0.858	0.265	0.581	0.154	0.79	0.7305
crag	mistralai-mistral-7b-instruct-v0-3	pairwise_model_generated	97	23	18	24	0.808	0.802	0.805	0.259	0.429	0.111	0.71	0.6203
crag	mistralai-mistral-7b-instruct-v0-3	self_consistency	3	0	6	11	1.0	0.214	0.353	0.85	0.353	0.3	0.45	0.6071
crag	qwen-qwen2-5-72b-instruct	ays	78	8	43	30	0.907	0.722	0.804	0.459	0.589	0.27	0.761	0.7827
crag	qwen-qwen2-5-72b-instruct	ic_idk	51	10	41	57	0.836	0.472	0.604	0.616	0.418	0.258	0.579	0.6381
crag	qwen-qwen2-5-72b-instruct	pairwise_assistive	91	9	43	19	0.91	0.827	0.867	0.383	0.694	0.265	0.827	0.8271
crag	qwen-qwen2-5-72b-instruct	pairwise_incremental	89	10	42	21	0.899	0.809	0.852	0.389	0.667	0.259	0.809	0.8084
crag	qwen-qwen2-5-72b-instruct	pairwise_model_generated	93	9	43	17	0.912	0.845	0.877	0.37	0.717	0.265	0.84	0.8362
crag	qwen-qwen2-5-72b-instruct	self_consistency	5	0	6	9	1.0	0.357	0.526	0.75	0.4	0.3	0.55	0.6786
crag	qwen-qwen3-32b	ays	71	8	35	46	0.899	0.607	0.724	0.506	0.432	0.219	0.662	0.7104
crag	qwen-qwen3-32b	ic_idk	38	6	34	82	0.864	0.317	0.463	0.725	0.293	0.212	0.45	0.5833
crag	qwen-qwen3-32b	pairwise_assistive	103	13	31	15	0.888	0.873	0.88	0.284	0.674	0.191	0.827	0.7887
crag	qwen-qwen3-32b	pairwise_incremental	102	12	32	16	0.895	0.864	0.879	0.296	0.667	0.198	0.827	0.7958
crag	qwen-qwen3-32b	pairwise_model_generated	101	18	26	17	0.849	0.856	0.852	0.265	0.605	0.16	0.784	0.7234
crag	qwen-qwen3-32b	self_consistency	2	0	8	8	1.0	0.2	0.333	0.889	0.5	0.444	0.556	0.6
crag	qwen-qwen3-8b	ays	82	9	22	46	0.901	0.641	0.749	0.428	0.324	0.138	0.654	0.6752
crag	qwen-qwen3-8b	ic_idk	87	14	17	41	0.861	0.68	0.76	0.365	0.293	0.107	0.654	0.614
crag	qwen-qwen3-8b	pairwise_assistive	116	14	18	14	0.892	0.892	0.892	0.198	0.562	0.111	0.827	0.7274
crag	qwen-qwen3-8b	pairwise_incremental	116	14	18	14	0.892	0.892	0.892	0.198	0.562	0.111	0.827	0.7274
crag	qwen-qwen3-8b	pairwise_model_generated	111	24	8	19	0.822	0.854	0.838	0.167	0.296	0.049	0.735	0.5519
crag	qwen-qwen3-8b	self_consistency	6	0	3	11	1.0	0.353	0.522	0.7	0.214	0.15	0.45	0.6765
frames	google-gemini-2-5-flash	ays	56	26	154	57	0.683	0.496	0.574	0.72	0.73	0.526	0.717	0.6756
frames	google-gemini-2-5-flash	IC-IDK	14	6	174	99	0.7	0.124	0.211	0.932	0.637	0.594	0.642	0.5453
frames	google-gemini-2-5-flash	pairwise_assistive	80	31	147	33	0.721	0.708	0.714	0.619	0.817	0.505	0.78	0.7669
frames	google-gemini-2-5-flash	pairwise_incremental	83	38	141	29	0.686	0.741	0.712	0.584	0.829	0.485	0.77	0.7644
frames	google-gemini-2-5-flash	pairwise_model_generated	78	62	118	35	0.557	0.69	0.617	0.522	0.771	0.403	0.669	0.6729
frames	google-gemini-2-5-flash	self_consistency	55	10	170	58	0.846	0.487	0.618	0.778	0.746	0.58	0.768	0.7156
frames	gemini-2.5-pro	ays	18	15	195	65	0.545	0.217	0.31	0.887	0.75	0.666	0.727	0.5727
frames	gemini-2.5-pro	IC-IDK	4	2	208	79	0.667	0.048	0.09	0.98	0.725	0.71	0.724	0.5193
frames	gemini-2.5-pro	pairwise_assistive	43	19	191	40	0.694	0.518	0.593	0.788	0.827	0.652	0.799	0.7138
frames	gemini-2.5-pro	pairwise_incremental	48	35	174	35	0.578	0.578	0.578	0.716	0.833	0.596	0.76	0.7054
frames	gemini-2.5-pro	pairwise_model_generated	52	48	162	31	0.52	0.627	0.568	0.659	0.839	0.553	0.73	0.699
frames	gemini-2.5-pro	self_consistency	28	3	207	55	0.903	0.337	0.491	0.894	0.79	0.706	0.802	0.6615
frames	gpt-5.1	ays	32	18	194	44	0.64	0.421	0.508	0.826	0.815	0.674	0.785	0.6681
frames	gpt-5.1	IC-IDK	11	4	207	67	0.733	0.141	0.237	0.948	0.755	0.716	0.754	0.561
frames	gpt-5.1	pairwise_assistive	39	20	190	36	0.661	0.52	0.582	0.793	0.841	0.667	0.804	0.7124
frames	gpt-5.1	pairwise_incremental	52	32	171	22	0.619	0.703	0.658	0.697	0.886	0.617	0.805	0.7725
frames	gpt-5.1	pairwise_model_generated	47	49	156	22	0.49	0.681	0.57	0.65	0.876	0.569	0.741	0.7211
frames	gpt-5.1	self_consistency	10	1	211	71	0.909	0.123	0.217	0.962	0.748	0.72	0.754	0.5594
frames	meta-llama-llama-3-1-8b-instruct	ays	108	3	23	159	0.973	0.404	0.571	0.621	0.126	0.078	0.447	0.6446
frames	meta-llama-llama-3-1-8b-instruct	IC-IDK	31	1	25	236	0.969	0.116	0.207	0.891	0.096	0.085	0.191	0.5388
frames	meta-llama-llama-3-1-8b-instruct	pairwise_assistive	245	12	12	22	0.953	0.918	0.935	0.117	0.353	0.041	0.883	0.7088
frames	meta-llama-llama-3-1-8b-instruct	pairwise_incremental	246	15	11	20	0.943	0.925	0.934	0.106	0.355	0.038	0.88	0.6739
frames	meta-llama-llama-3-1-8b-instruct	pairwise_model_generated	244	20	6	23	0.924	0.914	0.919	0.099	0.207	0.02	0.853	0.5723
frames	meta-llama-llama-3-1-8b-instruct	self_consistency	12	0	26	255	1.0	0.045	0.086	0.959	0.093	0.089	0.13	0.5225
frames	meta-llama-llama-3-3-70b-instruct	ays	131	19	59	84	0.873	0.609	0.718	0.488	0.413	0.201	0.648	0.6829
frames	meta-llama-llama-3-3-70b-instruct	IC-IDK	15	1	77	200	0.938	0.07	0.13	0.945	0.278	0.263	0.314	0.5285
frames	meta-llama-llama-3-3-70b-instruct	pairwise_assistive	190	26	52	23	0.88	0.892	0.886	0.258	0.693	0.179	0.832	0.7793
frames	meta-llama-llama-3-3-70b-instruct	pairwise_incremental	194	28	50	20	0.874	0.907	0.89	0.24	0.714	0.171	0.836	0.7738
frames	meta-llama-llama-3-3-70b-instruct	pairwise_model_generated	190	39	39	25	0.83	0.884	0.856	0.218	0.609	0.133	0.782	0.6919
frames	meta-llama-llama-3-3-70b-instruct	self_consistency	15	0	78	200	1.0	0.07	0.13	0.949	0.281	0.266	0.317	0.5349
frames	mistralai-mistral-7b-instruct-v0-3	ays	106	10	25	152	0.914	0.411	0.567	0.604	0.141	0.085	0.447	0.5626
frames	mistralai-mistral-7b-instruct-v0-3	IC-IDK	95	4	31	163	0.96	0.368	0.532	0.662	0.16	0.106	0.43	0.627
frames	mistralai-mistral-7b-instruct-v0-3	pairwise_assistive	212	16	17	31	0.93	0.872	0.9	0.174	0.354	0.062	0.83	0.6938
frames	mistralai-mistral-7b-instruct-v0-3	pairwise_incremental	231	23	12	26	0.909	0.899	0.904	0.13	0.316	0.041	0.832	0.6208
frames	mistralai-mistral-7b-instruct-v0-3	pairwise_model_generated	229	26	9	29	0.898	0.888	0.893	0.13	0.237	0.031	0.812	0.5724
frames	mistralai-mistral-7b-instruct-v0-3	self_consistency	15	0	35	243	1.0	0.058	0.11	0.949	0.126	0.119	0.171	0.5291
frames	qwen-qwen2-5-72b-instruct	ays	179	18	33	63	0.909	0.74	0.815	0.328	0.344	0.113	0.724	0.6934
frames	qwen-qwen2-5-72b-instruct	IC-IDK	61	2	49	181	0.968	0.252	0.4	0.785	0.213	0.167	0.375	0.6064
frames	qwen-qwen2-5-72b-instruct	pairwise_assistive	204	20	29	35	0.911	0.854	0.881	0.222	0.453	0.101	0.809	0.7227
frames	qwen-qwen2-5-72b-instruct	pairwise_incremental	215	16	35	26	0.931	0.892	0.911	0.209	0.574	0.12	0.856	0.7892
frames	qwen-qwen2-5-72b-instruct	pairwise_model_generated	223	26	25	19	0.896	0.921	0.908	0.15	0.568	0.085	0.846	0.7058
frames	qwen-qwen2-5-72b-instruct	self_consistency	56	6	45	186	0.903	0.231	0.368	0.788	0.195	0.154	0.345	0.5569
frames	qwen-qwen3-8b	ays	216	14	20	43	0.939	0.834	0.883	0.215	0.317	0.068	0.805	0.7111
frames	qwen-qwen3-8b	IC-IDK	75	5	29	184	0.938	0.29	0.442	0.727	0.136	0.099	0.355	0.5713
frames	qwen-qwen3-8b	pairwise_assistive	233	15	19	21	0.94	0.917	0.928	0.139	0.475	0.066	0.875	0.7381
frames	qwen-qwen3-8b	pairwise_incremental	245	17	17	12	0.935	0.953	0.944	0.1	0.586	0.058	0.9	0.7267
frames	qwen-qwen3-8b	pairwise_model_generated	234	26	8	25	0.9	0.903	0.902	0.113	0.242	0.027	0.826	0.5694
frames	qwen-qwen3-8b	self_consistency	98	4	30	161	0.961	0.378	0.543	0.652	0.157	0.102	0.437	0.6304
frames	qwen-qwen3-32b	ays	185	13	29	66	0.934	0.737	0.824	0.324	0.305	0.099	0.73	0.7138
frames	qwen-qwen3-32b	IC-IDK	24	2	40	227	0.923	0.096	0.173	0.911	0.15	0.137	0.218	0.524
frames	qwen-qwen3-32b	pairwise_assistive	223	18	24	28	0.925	0.888	0.907	0.177	0.462	0.082	0.843	0.7299
frames	qwen-qwen3-32b	pairwise_incremental	234	21	21	16	0.918	0.936	0.927	0.127	0.568	0.072	0.873	0.718
frames	qwen-qwen3-32b	pairwise_model_generated	227	26	16	24	0.897	0.904	0.901	0.137	0.4	0.055	0.829	0.6427
frames	qwen-qwen3-32b	self_consistency	112	3	39	139	0.974	0.446	0.612	0.608	0.219	0.133	0.515	0.6874
hotpotqa	google-gemini-2-5-flash	ays	33	12	150	79	0.733	0.295	0.42	0.836	0.655	0.547	0.668	0.6103
hotpotqa	google-gemini-2-5-flash	ic_idk	26	4	158	86	0.867	0.232	0.366	0.891	0.648	0.577	0.672	0.6037
hotpotqa	google-gemini-2-5-flash	pairwise_assistive	72	25	137	40	0.742	0.643	0.689	0.646	0.774	0.5	0.763	0.7443
hotpotqa	google-gemini-2-5-flash	pairwise_incremental	79	40	122	33	0.664	0.705	0.684	0.566	0.787	0.445	0.734	0.7292
hotpotqa	google-gemini-2-5-flash	pairwise_model_generated	71	48	114	41	0.597	0.634	0.615	0.566	0.735	0.416	0.675	0.6688
hotpotqa	google-gemini-2-5-flash	self_consistency	35	8	104	38	0.814	0.479	0.603	0.768	0.732	0.562	0.751	0.704
hotpotqa	google-gemini-2-5-pro	ays	20	7	173	72	0.741	0.217	0.336	0.901	0.706	0.636	0.71	0.5893
hotpotqa	google-gemini-2-5-pro	ic_idk	18	3	177	74	0.857	0.196	0.319	0.923	0.705	0.651	0.717	0.5895
hotpotqa	google-gemini-2-5-pro	pairwise_assistive	61	14	168	31	0.813	0.663	0.731	0.726	0.844	0.613	0.836	0.7931
hotpotqa	google-gemini-2-5-pro	pairwise_incremental	54	21	161	38	0.72	0.587	0.647	0.726	0.809	0.588	0.785	0.7358
hotpotqa	google-gemini-2-5-pro	pairwise_model_generated	65	62	120	27	0.512	0.707	0.594	0.536	0.816	0.438	0.675	0.6829
hotpotqa	google-gemini-2-5-pro	self_consistency	20	4	118	43	0.833	0.317	0.46	0.87	0.733	0.638	0.746	0.6423
hotpotqa	google-gemma-3-4b-it	ays	64	5	38	167	0.928	0.277	0.427	0.748	0.185	0.139	0.372	0.5804
hotpotqa	google-gemma-3-4b-it	ic_idk	32	1	43	198	0.97	0.139	0.243	0.88	0.178	0.157	0.274	0.5582
hotpotqa	google-gemma-3-4b-it	pairwise_assistive	111	10	33	120	0.917	0.481	0.631	0.558	0.216	0.12	0.526	0.624
hotpotqa	google-gemma-3-4b-it	pairwise_incremental	102	9	34	129	0.919	0.442	0.596	0.595	0.209	0.124	0.496	0.6161
hotpotqa	google-gemma-3-4b-it	pairwise_model_generated	127	14	29	104	0.901	0.55	0.683	0.485	0.218	0.106	0.569	0.6121
hotpotqa	google-gemma-3-4b-it	self_consistency	1	0	30	154	1.0	0.006	0.013	0.995	0.163	0.162	0.168	0.5032
hotpotqa	gpt-5-1	ays	26	4	198	46	0.867	0.361	0.51	0.891	0.811	0.723	0.818	0.6707
hotpotqa	gpt-5-1	ic_idk	34	12	190	38	0.739	0.472	0.576	0.832	0.833	0.693	0.818	0.7064
hotpotqa	gpt-5-1	pairwise_assistive	33	11	122	19	0.75	0.635	0.688	0.762	0.865	0.659	0.838	0.776
hotpotqa	gpt-5-1	pairwise_incremental	31	8	125	21	0.795	0.596	0.681	0.789	0.856	0.676	0.843	0.768
hotpotqa	gpt-5-1	pairwise_model_generated	33	18	115	19	0.647	0.635	0.641	0.724	0.858	0.622	0.8	0.7496
hotpotqa	meta-llama-llama-3-1-8b-instruct	ays	108	14	54	98	0.885	0.524	0.659	0.555	0.355	0.197	0.591	0.6592
hotpotqa	meta-llama-llama-3-1-8b-instruct	ic_idk	4	0	70	200	1.0	0.02	0.038	0.985	0.259	0.255	0.27	0.5098
hotpotqa	meta-llama-llama-3-1-8b-instruct	pairwise_assistive	159	16	52	47	0.909	0.772	0.835	0.361	0.525	0.19	0.77	0.7683
hotpotqa	meta-llama-llama-3-1-8b-instruct	pairwise_incremental	160	21	47	46	0.884	0.777	0.827	0.339	0.505	0.172	0.755	0.7339
hotpotqa	meta-llama-llama-3-1-8b-instruct	pairwise_model_generated	170	36	32	36	0.825	0.825	0.825	0.248	0.471	0.117	0.737	0.6479
hotpotqa	meta-llama-llama-3-1-8b-instruct	self_consistency	9	0	49	127	1.0	0.066	0.124	0.951	0.278	0.265	0.314	0.5331
hotpotqa	meta-llama-llama-3-3-70b-instruct	ays	64	17	94	98	0.79	0.395	0.527	0.703	0.49	0.344	0.579	0.621
hotpotqa	meta-llama-llama-3-3-70b-instruct	ic_idk	115	32	79	47	0.782	0.71	0.744	0.462	0.627	0.289	0.711	0.7108
hotpotqa	meta-llama-llama-3-3-70b-instruct	pairwise_assistive	137	25	86	26	0.846	0.84	0.843	0.409	0.768	0.314	0.814	0.8076
hotpotqa	meta-llama-llama-3-3-70b-instruct	pairwise_incremental	130	26	85	33	0.833	0.798	0.815	0.431	0.72	0.31	0.785	0.7817
hotpotqa	meta-llama-llama-3-3-70b-instruct	pairwise_model_generated	139	55	56	24	0.716	0.853	0.779	0.292	0.7	0.204	0.712	0.6786
hotpotqa	meta-llama-llama-3-3-70b-instruct	self_consistency	7	1	76	101	0.875	0.065	0.121	0.957	0.429	0.411	0.449	0.5259
hotpotqa	mistralai-mistral-7b-instruct-v0-3	ays	95	11	54	114	0.896	0.455	0.603	0.613	0.321	0.197	0.544	0.6427
hotpotqa	mistralai-mistral-7b-instruct-v0-3	ic_idk	21	1	64	188	0.955	0.1	0.182	0.92	0.254	0.234	0.31	0.5425
hotpotqa	mistralai-mistral-7b-instruct-v0-3	pairwise_assistive	126	15	50	83	0.894	0.603	0.72	0.485	0.376	0.182	0.642	0.6861
hotpotqa	mistralai-mistral-7b-instruct-v0-3	pairwise_incremental	114	20	45	95	0.851	0.545	0.665	0.511	0.321	0.164	0.58	0.6189
hotpotqa	mistralai-mistral-7b-instruct-v0-3	pairwise_model_generated	109	19	46	100	0.852	0.522	0.647	0.533	0.315	0.168	0.566	0.6146
hotpotqa	mistralai-mistral-7b-instruct-v0-3	self_consistency	23	0	43	119	1.0	0.162	0.279	0.876	0.265	0.232	0.357	0.581
hotpotqa	qwen-qwen2-5-72b-instruct	ays	122	23	72	56	0.841	0.685	0.755	0.469	0.562	0.264	0.711	0.7216
hotpotqa	qwen-qwen2-5-72b-instruct	ic_idk	73	8	88	104	0.901	0.412	0.566	0.703	0.458	0.322	0.59	0.6645
hotpotqa	qwen-qwen2-5-72b-instruct	pairwise_assistive	150	28	67	29	0.843	0.838	0.84	0.35	0.698	0.245	0.792	0.7716
hotpotqa	qwen-qwen2-5-72b-instruct	pairwise_incremental	151	29	66	28	0.839	0.844	0.841	0.343	0.702	0.241	0.792	0.7692
hotpotqa	qwen-qwen2-5-72b-instruct	pairwise_model_generated	160	53	42	19	0.751	0.894	0.816	0.223	0.689	0.153	0.737	0.668
hotpotqa	qwen-qwen2-5-72b-instruct	self_consistency	29	2	61	93	0.935	0.238	0.379	0.832	0.396	0.33	0.486	0.603
hotpotqa	qwen-qwen3-32b	ays	91	6	78	99	0.938	0.479	0.634	0.646	0.441	0.285	0.617	0.7038
hotpotqa	qwen-qwen3-32b	ic_idk	12	1	77	184	0.923	0.061	0.115	0.953	0.295	0.281	0.325	0.5242
hotpotqa	qwen-qwen3-32b	pairwise_assistive	157	25	61	31	0.863	0.835	0.849	0.336	0.663	0.223	0.796	0.7722
hotpotqa	qwen-qwen3-32b	pairwise_incremental	158	27	59	30	0.854	0.84	0.847	0.325	0.663	0.215	0.792	0.7632
hotpotqa	qwen-qwen3-32b	pairwise_model_generated	160	39	47	28	0.804	0.851	0.827	0.274	0.627	0.172	0.755	0.6988
hotpotqa	qwen-qwen3-32b	self_consistency	8	0	56	121	1.0	0.062	0.117	0.957	0.316	0.303	0.346	0.531
hotpotqa	qwen-qwen3-8b	ays	139	13	46	76	0.914	0.647	0.757	0.445	0.377	0.168	0.675	0.7131
hotpotqa	qwen-qwen3-8b	ic_idk	100	10	50	114	0.909	0.467	0.617	0.599	0.305	0.182	0.547	0.6503
hotpotqa	qwen-qwen3-8b	pairwise_assistive	178	18	41	37	0.908	0.828	0.866	0.285	0.526	0.15	0.799	0.7614
hotpotqa	qwen-qwen3-8b	pairwise_incremental	171	23	36	44	0.881	0.795	0.836	0.292	0.45	0.131	0.755	0.7028
hotpotqa	qwen-qwen3-8b	pairwise_model_generated	187	25	34	28	0.882	0.87	0.876	0.226	0.548	0.124	0.807	0.723
hotpotqa	qwen-qwen3-8b	self_consistency	17	0	40	128	1.0	0.117	0.21	0.908	0.238	0.216	0.308	0.5586
mintaka	google-gemini-2-5-flash	ays	23	18	227	30	0.561	0.434	0.489	0.862	0.883	0.762	0.839	0.6802
mintaka	google-gemini-2-5-flash	ic_idk	6	8	240	44	0.429	0.12	0.188	0.953	0.845	0.805	0.826	0.5439
mintaka	google-gemini-2-5-flash	pairwise_assistive	24	14	230	30	0.632	0.444	0.522	0.872	0.885	0.772	0.852	0.6935
mintaka	google-gemini-2-5-flash	pairwise_incremental	19	14	230	35	0.576	0.352	0.437	0.889	0.868	0.772	0.836	0.6472
mintaka	google-gemini-2-5-flash	pairwise_model_generated	17	24	220	37	0.415	0.315	0.358	0.862	0.856	0.738	0.795	0.6082
mintaka	google-gemini-2-5-flash	self_consistency	5	13	229	46	0.278	0.098	0.145	0.939	0.833	0.782	0.799	0.5222
mintaka	google-gemini-2-5-pro	ays	15	19	232	32	0.441	0.319	0.37	0.886	0.879	0.779	0.829	0.6217
mintaka	google-gemini-2-5-pro	ic_idk	12	5	248	33	0.706	0.267	0.387	0.943	0.883	0.832	0.872	0.6235
mintaka	google-gemini-2-5-pro	pairwise_assistive	14	13	238	33	0.519	0.298	0.378	0.909	0.878	0.799	0.846	0.623
mintaka	google-gemini-2-5-pro	pairwise_incremental	15	8	243	32	0.652	0.319	0.429	0.923	0.884	0.815	0.866	0.6436
mintaka	google-gemini-2-5-pro	pairwise_model_generated	26	100	151	21	0.206	0.553	0.301	0.577	0.878	0.507	0.594	0.5774
mintaka	google-gemini-2-5-pro	self_consistency	4	1	248	40	0.8	0.091	0.163	0.983	0.861	0.846	0.86	0.5434
mintaka	google-gemma-3-4b-it	ays	83	9	49	157	0.902	0.346	0.5	0.691	0.238	0.164	0.443	0.5953
mintaka	google-gemma-3-4b-it	ic_idk	44	6	53	195	0.88	0.184	0.304	0.832	0.214	0.178	0.326	0.5412
mintaka	google-gemma-3-4b-it	pairwise_assistive	49	2	56	191	0.961	0.204	0.337	0.829	0.227	0.188	0.352	0.5848
mintaka	google-gemma-3-4b-it	pairwise_incremental	55	5	53	185	0.917	0.229	0.367	0.799	0.223	0.178	0.362	0.5715
mintaka	google-gemma-3-4b-it	pairwise_model_generated	64	7	51	176	0.901	0.267	0.412	0.762	0.225	0.171	0.386	0.573
mintaka	google-gemma-3-4b-it	self_consistency	4	0	57	232	1.0	0.017	0.033	0.986	0.197	0.195	0.208	0.5085
mintaka	gpt-5-1	ays	17	23	234	24	0.425	0.415	0.42	0.866	0.907	0.785	0.842	0.6626
mintaka	gpt-5-1	ic_idk	11	19	238	30	0.367	0.268	0.31	0.899	0.888	0.799	0.836	0.5972
mintaka	gpt-5-1	pairwise_assistive	13	6	246	28	0.684	0.317	0.433	0.935	0.898	0.84	0.884	0.6466
mintaka	gpt-5-1	pairwise_incremental	16	9	243	25	0.64	0.39	0.485	0.915	0.907	0.829	0.884	0.6773
mintaka	gpt-5-1	pairwise_model_generated	17	24	228	24	0.415	0.415	0.415	0.86	0.905	0.778	0.836	0.6597
mintaka	gpt-5-1	self_consistency	6	8	244	35	0.429	0.146	0.218	0.952	0.875	0.833	0.853	0.5573
mintaka	meta-llama-llama-3-1-8b-instruct	ays	109	18	80	91	0.858	0.545	0.667	0.574	0.468	0.268	0.634	0.6807
mintaka	meta-llama-llama-3-1-8b-instruct	ic_idk	14	3	98	183	0.824	0.071	0.131	0.943	0.349	0.329	0.376	0.5207
mintaka	meta-llama-llama-3-1-8b-instruct	pairwise_assistive	152	16	82	48	0.905	0.76	0.826	0.436	0.631	0.275	0.785	0.7984
mintaka	meta-llama-llama-3-1-8b-instruct	pairwise_incremental	147	15	83	53	0.907	0.735	0.812	0.456	0.61	0.279	0.772	0.791
mintaka	meta-llama-llama-3-1-8b-instruct	pairwise_model_generated	166	42	56	34	0.798	0.83	0.814	0.302	0.622	0.188	0.745	0.7007
mintaka	meta-llama-llama-3-1-8b-instruct	self_consistency	16	0	97	180	1.0	0.082	0.151	0.945	0.35	0.331	0.386	0.5408
mintaka	meta-llama-llama-3-3-70b-instruct	ays	43	19	166	70	0.694	0.381	0.491	0.792	0.703	0.557	0.701	0.6389
mintaka	meta-llama-llama-3-3-70b-instruct	ic_idk	75	52	130	41	0.591	0.647	0.617	0.574	0.76	0.436	0.688	0.6804
mintaka	meta-llama-llama-3-3-70b-instruct	pairwise_assistive	83	17	165	33	0.83	0.716	0.769	0.664	0.833	0.554	0.832	0.8111
mintaka	meta-llama-llama-3-3-70b-instruct	pairwise_incremental	89	20	162	27	0.817	0.767	0.791	0.634	0.857	0.544	0.842	0.8287
mintaka	meta-llama-llama-3-3-70b-instruct	pairwise_model_generated	83	18	164	33	0.822	0.716	0.765	0.661	0.832	0.55	0.829	0.8083
mintaka	meta-llama-llama-3-3-70b-instruct	self_consistency	5	1	178	109	0.833	0.044	0.083	0.98	0.62	0.608	0.625	0.5191
mintaka	mistralai-mistral-7b-instruct-v0-3	ays	52	12	111	123	0.812	0.297	0.435	0.785	0.474	0.372	0.547	0.5998
mintaka	mistralai-mistral-7b-instruct-v0-3	ic_idk	37	5	117	139	0.881	0.21	0.339	0.859	0.457	0.393	0.517	0.5846
mintaka	mistralai-mistral-7b-instruct-v0-3	pairwise_assistive	67	12	108	111	0.848	0.376	0.521	0.735	0.493	0.362	0.587	0.6382
mintaka	mistralai-mistral-7b-instruct-v0-3	pairwise_incremental	64	22	98	114	0.744	0.36	0.485	0.711	0.462	0.329	0.544	0.5881
mintaka	mistralai-mistral-7b-instruct-v0-3	pairwise_model_generated	57	13	107	121	0.814	0.32	0.46	0.765	0.469	0.359	0.55	0.6059
mintaka	mistralai-mistral-7b-instruct-v0-3	self_consistency	25	1	118	149	0.962	0.144	0.25	0.911	0.442	0.403	0.488	0.5676
mintaka	qwen-qwen2-5-72b-instruct	ays	93	39	117	49	0.705	0.655	0.679	0.557	0.705	0.393	0.705	0.7025
mintaka	qwen-qwen2-5-72b-instruct	ic_idk	37	13	144	104	0.74	0.262	0.387	0.832	0.581	0.483	0.607	0.5898
mintaka	qwen-qwen2-5-72b-instruct	pairwise_assistive	109	17	139	33	0.865	0.768	0.813	0.577	0.808	0.466	0.832	0.8293
mintaka	qwen-qwen2-5-72b-instruct	pairwise_incremental	110	16	141	31	0.873	0.78	0.824	0.577	0.82	0.473	0.842	0.8391
mintaka	qwen-qwen2-5-72b-instruct	pairwise_model_generated	114	17	140	27	0.87	0.809	0.838	0.56	0.838	0.47	0.852	0.8501
mintaka	qwen-qwen2-5-72b-instruct	self_consistency	19	9	145	120	0.679	0.137	0.228	0.904	0.547	0.495	0.56	0.5391
mintaka	qwen-qwen3-32b	ays	97	18	94	89	0.843	0.522	0.645	0.614	0.514	0.315	0.641	0.6804
mintaka	qwen-qwen3-32b	ic_idk	19	0	99	180	1.0	0.095	0.174	0.936	0.355	0.332	0.396	0.5477
mintaka	qwen-qwen3-32b	pairwise_assistive	152	20	95	31	0.884	0.831	0.856	0.423	0.754	0.319	0.829	0.8283
mintaka	qwen-qwen3-32b	pairwise_incremental	152	23	92	31	0.869	0.831	0.849	0.413	0.748	0.309	0.819	0.8153
mintaka	qwen-qwen3-32b	pairwise_model_generated	158	29	86	25	0.845	0.863	0.854	0.372	0.775	0.289	0.819	0.8056
mintaka	qwen-qwen3-32b	self_consistency	24	0	98	171	1.0	0.123	0.219	0.918	0.364	0.334	0.416	0.5615
mintaka	qwen-qwen3-8b	ays	129	15	57	97	0.896	0.571	0.697	0.517	0.37	0.191	0.624	0.6812
mintaka	qwen-qwen3-8b	ic_idk	68	17	55	158	0.8	0.301	0.437	0.715	0.258	0.185	0.413	0.5324
mintaka	qwen-qwen3-8b	pairwise_assistive	186	17	55	40	0.916	0.823	0.867	0.319	0.579	0.185	0.809	0.7934
mintaka	qwen-qwen3-8b	pairwise_incremental	167	19	53	59	0.898	0.739	0.811	0.376	0.473	0.178	0.738	0.7375
mintaka	qwen-qwen3-8b	pairwise_model_generated	188	28	44	38	0.87	0.832	0.851	0.275	0.537	0.148	0.779	0.7215
mintaka	qwen-qwen3-8b	self_consistency	21	1	70	201	0.955	0.095	0.172	0.925	0.258	0.239	0.311	0.5403
musique	google-gemini-2-5-flash	ays	48	8	97	129	0.857	0.271	0.412	0.801	0.429	0.344	0.514	0.5975
musique	google-gemini-2-5-flash	IC-IDK	47	7	98	130	0.87	0.266	0.407	0.809	0.43	0.348	0.514	0.5994
musique	google-gemini-2-5-flash	pairwise_assistive	125	23	82	52	0.845	0.706	0.769	0.475	0.612	0.291	0.734	0.7436
musique	google-gemini-2-5-flash	pairwise_incremental	131	29	76	46	0.819	0.74	0.777	0.433	0.623	0.27	0.734	0.732
musique	google-gemini-2-5-flash	pairwise_model_generated	119	31	74	58	0.793	0.672	0.728	0.468	0.561	0.262	0.684	0.6885
musique	google-gemini-2-5-flash	self_consistency	57	4	101	120	0.934	0.322	0.479	0.784	0.457	0.358	0.56	0.642
musique	gemini-2.5-pro	ays	31	11	123	117	0.738	0.209	0.326	0.851	0.512	0.436	0.546	0.5637
musique	gemini-2.5-pro	IC-IDK	26	2	132	122	0.929	0.176	0.295	0.901	0.52	0.468	0.56	0.5804
musique	gemini-2.5-pro	pairwise_assistive	97	20	114	51	0.829	0.655	0.732	0.585	0.691	0.404	0.748	0.7531
musique	gemini-2.5-pro	pairwise_incremental	91	35	98	57	0.722	0.615	0.664	0.552	0.632	0.349	0.673	0.6759
musique	gemini-2.5-pro	pairwise_model_generated	128	70	64	20	0.646	0.865	0.74	0.298	0.762	0.227	0.681	0.6712
musique	gemini-2.5-pro	self_consistency	39	7	127	109	0.848	0.264	0.402	0.837	0.538	0.45	0.589	0.6056
musique	gpt-5-1	ays	30	3	149	96	0.909	0.238	0.377	0.881	0.608	0.536	0.644	0.6092
musique	gpt-5-1	IC-IDK	19	2	150	103	0.905	0.156	0.266	0.923	0.593	0.547	0.617	0.5713
musique	gpt-5-1	pairwise_assistive	73	24	128	51	0.753	0.589	0.661	0.649	0.715	0.464	0.728	0.7154
musique	gpt-5-1	pairwise_incremental	76	36	116	50	0.679	0.603	0.639	0.597	0.699	0.417	0.691	0.6832
musique	gpt-5-1	pairwise_model_generated	71	37	113	46	0.657	0.607	0.631	0.596	0.711	0.423	0.689	0.6801
musique	gpt-5-1	self_consistency	6	1	151	124	0.857	0.046	0.088	0.975	0.549	0.535	0.557	0.5198
musique	meta-llama-llama-3-1-8b-instruct	ays	115	6	20	141	0.95	0.449	0.61	0.571	0.124	0.071	0.479	0.6092
musique	meta-llama-llama-3-1-8b-instruct	IC-IDK	27	0	26	229	1.0	0.105	0.191	0.904	0.102	0.092	0.188	0.5527
musique	meta-llama-llama-3-1-8b-instruct	pairwise_assistive	187	7	11	14	0.964	0.93	0.947	0.114	0.44	0.05	0.904	0.7707
musique	meta-llama-llama-3-1-8b-instruct	pairwise_incremental	232	15	11	23	0.939	0.91	0.924	0.121	0.324	0.039	0.865	0.6664
musique	meta-llama-llama-3-1-8b-instruct	pairwise_model_generated	236	19	7	20	0.925	0.922	0.924	0.096	0.259	0.025	0.862	0.5956
musique	meta-llama-llama-3-1-8b-instruct	self_consistency	10	0	26	246	1.0	0.039	0.075	0.965	0.096	0.092	0.128	0.5195
musique	meta-llama-llama-3-3-70b-instruct	ays	121	13	56	92	0.903	0.568	0.697	0.525	0.378	0.199	0.628	0.6898
musique	meta-llama-llama-3-3-70b-instruct	IC-IDK	26	1	68	187	0.963	0.122	0.217	0.904	0.267	0.241	0.333	0.5538
musique	meta-llama-llama-3-3-70b-instruct	pairwise_assistive	182	26	43	31	0.875	0.854	0.865	0.262	0.581	0.152	0.798	0.7388
musique	meta-llama-llama-3-3-70b-instruct	pairwise_incremental	174	28	41	39	0.861	0.817	0.839	0.284	0.512	0.145	0.762	0.7056
musique	meta-llama-llama-3-3-70b-instruct	pairwise_model_generated	196	50	19	17	0.797	0.92	0.854	0.128	0.528	0.067	0.762	0.5978
musique	meta-llama-llama-3-3-70b-instruct	self_consistency	5	0	69	208	1.0	0.023	0.046	0.982	0.249	0.245	0.262	0.5117
musique	mistralai-mistral-7b-instruct-v0-3	ays	103	9	27	143	0.92	0.419	0.575	0.603	0.159	0.096	0.461	0.5843
musique	mistralai-mistral-7b-instruct-v0-3	IC-IDK	143	13	23	103	0.917	0.581	0.711	0.447	0.183	0.082	0.589	0.6101
musique	mistralai-mistral-7b-instruct-v0-3	pairwise_assistive	221	16	18	20	0.932	0.917	0.925	0.138	0.474	0.065	0.869	0.7232
musique	mistralai-mistral-7b-instruct-v0-3	pairwise_incremental	225	20	16	21	0.918	0.915	0.916	0.131	0.432	0.057	0.855	0.6795
musique	mistralai-mistral-7b-instruct-v0-3	pairwise_model_generated	208	20	16	38	0.912	0.846	0.878	0.191	0.296	0.057	0.794	0.645
musique	mistralai-mistral-7b-instruct-v0-3	self_consistency	12	0	36	234	1.0	0.049	0.093	0.957	0.133	0.128	0.17	0.5244
musique	qwen-qwen2-5-72b-instruct	ays	160	35	30	57	0.821	0.737	0.777	0.309	0.345	0.106	0.674	0.5994
musique	qwen-qwen2-5-72b-instruct	IC-IDK	91	8	57	126	0.919	0.419	0.576	0.649	0.311	0.202	0.525	0.6481
musique	qwen-qwen2-5-72b-instruct	pairwise_assistive	180	20	45	37	0.9	0.829	0.863	0.291	0.549	0.16	0.798	0.7609
musique	qwen-qwen2-5-72b-instruct	pairwise_incremental	186	29	36	31	0.865	0.857	0.861	0.238	0.537	0.128	0.787	0.7055
musique	qwen-qwen2-5-72b-instruct	pairwise_model_generated	193	32	33	24	0.858	0.889	0.873	0.202	0.579	0.117	0.801	0.6985
musique	qwen-qwen2-5-72b-instruct	self_consistency	29	3	62	188	0.906	0.134	0.233	0.887	0.248	0.22	0.323	0.5437
musique	qwen-qwen3-8b	ays	170	13	20	79	0.929	0.683	0.787	0.351	0.202	0.071	0.674	0.6444
musique	qwen-qwen3-8b	IC-IDK	95	5	28	154	0.95	0.382	0.544	0.645	0.154	0.099	0.436	0.615
musique	qwen-qwen3-8b	pairwise_assistive	220	19	12	23	0.921	0.905	0.913	0.128	0.343	0.044	0.847	0.6462
musique	qwen-qwen3-8b	pairwise_incremental	216	19	14	33	0.919	0.867	0.893	0.167	0.298	0.05	0.816	0.6459
musique	qwen-qwen3-8b	pairwise_model_generated	211	23	10	38	0.902	0.847	0.874	0.17	0.208	0.035	0.784	0.5752
musique	qwen-qwen3-8b	self_consistency	115	4	29	134	0.966	0.462	0.625	0.578	0.178	0.103	0.511	0.6703
musique	qwen-qwen3-32b	ays	152	10	35	85	0.938	0.641	0.762	0.426	0.292	0.124	0.663	0.7096
musique	qwen-qwen3-32b	IC-IDK	48	3	42	189	0.941	0.203	0.333	0.819	0.182	0.149	0.319	0.5679
musique	qwen-qwen3-32b	pairwise_assistive	210	15	30	24	0.933	0.897	0.915	0.194	0.556	0.108	0.86	0.7821
musique	qwen-qwen3-32b	pairwise_incremental	202	19	26	34	0.914	0.856	0.884	0.214	0.433	0.093	0.811	0.7169
musique	qwen-qwen3-32b	pairwise_model_generated	195	22	23	42	0.899	0.823	0.859	0.23	0.354	0.082	0.773	0.6669
musique	qwen-qwen3-32b	self_consistency	90	7	38	147	0.928	0.38	0.539	0.656	0.205	0.135	0.454	0.6121
bamboogle	gpt-5.1	ensemble_assistive	12	5	99	7	0.7058823529411765	0.631578947368421	0.6666666666666667					0.791751012145749
bamboogle	gpt-5.1	ensemble_incremental	10	5	99	9	0.6666666666666666	0.5263157894736842	0.5882352941176471					0.7391194331983806
crag	gpt-5.1	ensemble_assistive	4	0	16	3	1.0	0.5714285714285714	0.7272727272727273					0.7857142857142857
crag	gpt-5.1	ensemble_incremental	4	0	16	3	1.0	0.5714285714285714	0.7272727272727273					0.7857142857142857
hotpotqa	gpt-5.1	ensemble_assistive	37	12	121	15	0.7551020408163265	0.7115384615384616	0.7326732673267328					0.8106564488143435
hotpotqa	gpt-5.1	ensemble_incremental	34	12	121	18	0.7391304347826086	0.6538461538461539	0.693877551020408					0.7818102949681898
mintaka	gpt-5.1	ensemble_assistive	21	29	223	20	0.42	0.5121951219512195	0.4615384615384615					0.6985578784359272
mintaka	gpt-5.1	ensemble_incremental	24	32	220	17	0.4285714285714285	0.5853658536585366	0.4948453608247423					0.7291908633372048
bamboogle	llama-3.3-70b-instruct	ensemble_assistive	61	9	47	6	0.8714285714285714	0.9104477611940298	0.8905109489051095					0.874866737739872
bamboogle	llama-3.3-70b-instruct	ensemble_incremental	57	10	46	10	0.8507462686567164	0.8507462686567164	0.8507462686567164					0.8360874200426439
crag	llama-3.3-70b-instruct	ensemble_assistive	66	21	46	26	0.7586206896551724	0.717391304347826	0.7374301675977654					0.7019792342634652
crag	llama-3.3-70b-instruct	ensemble_incremental	68	17	50	24	0.8	0.7391304347826086	0.768361581920904					0.7426995457495134
hotpotqa	llama-3.3-70b-instruct	ensemble_assistive	145	38	73	17	0.7923497267759563	0.8950617283950617	0.8405797101449275					0.7763596930263597
hotpotqa	llama-3.3-70b-instruct	ensemble_incremental	138	39	72	24	0.7796610169491526	0.8518518518518519	0.8141592920353983					0.7502502502502503
mintaka	llama-3.3-70b-instruct	ensemble_assistive	93	35	150	20	0.7265625	0.8230088495575221	0.7717842323651452					0.8169098301841664
mintaka	llama-3.3-70b-instruct	ensemble_incremental	95	36	149	18	0.7251908396946565	0.8407079646017699	0.7786885245901639					0.8230566850035876
bamboogle	qwen3-8b	ensemble_assistive	101	5	10	7	0.9528301886792452	0.9351851851851852	0.9439252336448598					0.8009259259259259
bamboogle	qwen3-8b	ensemble_incremental	92	5	10	16	0.9484536082474226	0.8518518518518519	0.8975609756097561					0.7592592592592593
crag	qwen3-8b	ensemble_assistive	122	19	12	6	0.8652482269503546	0.953125	0.9070631970260224					0.6701108870967742
crag	qwen3-8b	ensemble_incremental	121	17	14	7	0.8768115942028986	0.9453125	0.9097744360902256					0.6984627016129032
hotpotqa	qwen3-8b	ensemble_assistive	200	25	34	15	0.8888888888888888	0.9302325581395348	0.9090909090909092					0.7532518722901065
hotpotqa	qwen3-8b	ensemble_incremental	199	31	28	16	0.8652173913043478	0.9255813953488372	0.8943820224719101					0.700078833267639
mintaka	qwen3-8b	ensemble_assistive	201	28	44	25	0.8777292576419214	0.8893805309734514	0.8835164835164836					0.7502458210422813
mintaka	qwen3-8b	ensemble_incremental	190	33	39	36	0.852017937219731	0.8407079646017699	0.8463251670378619					0.6911873156342183
frames	gemini-2.5-flash	ensemble_assistive	97	48	130	16	0.669	0.858	0.752	0.502	0.89	0.447	0.78	0.7943720791488516
frames	gemini-2.5-pro	ensemble_assistive	48	29	181	35	0.623	0.578	0.6	0.737	0.838	0.618	0.782	0.720109007458405
frames	gpt-5.1	ensemble_assistive	44	30	180	29	0.595	0.603	0.599	0.739	0.861	0.636	0.792	0.7299412915851272
frames	llama-3.1-8B-Instruct	ensemble_assistive	250	13	11	17	0.951	0.936	0.943	0.096	0.393	0.038	0.897	0.6973314606741573
frames	llama-3.3-70B-Instruct	ensemble_assistive	203	35	43	10	0.853	0.953	0.9	0.182	0.811	0.148	0.845	0.7521668472372698
frames	mistral-7B-Instruct-v0.3	ensemble_assistive	217	19	14	26	0.919	0.893	0.906	0.145	0.35	0.051	0.837	0.6586232697343809
frames	qwen-2.5-72B-Instruct	ensemble_assistive	224	26	23	15	0.896	0.937	0.916	0.132	0.605	0.08	0.858	0.7033131244129451
frames	qwen-3-8B	ensemble_assistive	244	21	13	10	0.921	0.961	0.94	0.08	0.565	0.045	0.892	0.6714914312181566
frames	qwen-3-32B	ensemble_assistive	241	25	17	10	0.906	0.96	0.932	0.092	0.63	0.058	0.881	0.6824606336558527
musique	gemini-2.5-flash	ensemble_assistive	132	27	78	45	0.83	0.746	0.786	0.436	0.634	0.277	0.745	0.7443099273607748
musique	gemini-2.5-pro	ensemble_assistive	104	28	106	44	0.788	0.703	0.743	0.532	0.707	0.376	0.745	0.7468737394110528
musique	gpt-5.1	ensemble_assistive	80	27	125	44	0.748	0.645	0.693	0.612	0.74	0.453	0.743	0.7337648556876061
musique	llama-3.1-8B-Instruct	ensemble_assistive	193	11	7	8	0.946	0.96	0.953	0.068	0.467	0.032	0.913	0.6745439469320066
musique	llama-3.3-70B-Instruct	ensemble_assistive	195	33	36	18	0.855	0.915	0.884	0.191	0.667	0.128	0.819	0.7186160440906307
musique	mistral-7B-Instruct-v0.3	ensemble_assistive	226	20	14	15	0.919	0.938	0.928	0.105	0.483	0.051	0.873	0.674762020990969
musique	qwen-2.5-72B-Instruct	ensemble_assistive	202	40	25	15	0.835	0.931	0.88	0.142	0.625	0.089	0.805	0.6577454803261255
musique	qwen-3-8B	ensemble_assistive	231	22	9	12	0.913	0.951	0.931	0.077	0.429	0.033	0.876	0.6204699322978893
musique	qwen-3-32B	ensemble_assistive	217	20	25	17	0.916	0.927	0.921	0.151	0.595	0.09	0.867	0.7414529914529915
bamboogle	google-gemini-2-5-flash	ensemble_assistive	15	18	85	5	0.45454545454545453	0.75	0.5660377358490566	0.7317073170731707	0.9444444444444444	0.6910569105691057	0.8130081300813008	0.787621359223301
bamboogle	google-gemini-2-5-flash	ensemble_incremental	14	13	90	6	0.5185185185185185	0.7	0.5957446808510639	0.7804878048780488	0.9375	0.7317073170731707	0.8455284552845529	0.7868932038834952
bamboogle	google-gemini-2-5-pro	ensemble_assistive	12	7	98	6	0.631578947368421	0.6666666666666666	0.6486486486486486	0.8455284552845529	0.9423076923076923	0.7967479674796748	0.8943089430894309	0.8
bamboogle	google-gemini-2-5-pro	ensemble_incremental	10	5	100	8	0.6666666666666666	0.5555555555555556	0.606060606060606	0.8780487804878049	0.9259259259259259	0.8130081300813008	0.8943089430894309	0.753968253968254
bamboogle	meta-llama-llama-3-1-8b-instruct	ensemble_assistive	85	10	17	11	0.8947368421052632	0.8854166666666666	0.8900523560209423	0.22764227642276422	0.6071428571428571	0.13821138211382114	0.8292682926829268	0.7575231481481481
bamboogle	meta-llama-llama-3-1-8b-instruct	ensemble_incremental	81	8	19	15	0.9101123595505618	0.84375	0.8756756756756756	0.2764227642276423	0.5588235294117647	0.15447154471544716	0.8130081300813008	0.7737268518518519
bamboogle	mistralai-mistral-7b-instruct-v0-3	ensemble_assistive	65	5	14	39	0.9285714285714286	0.625	0.7471264367816093	0.43089430894308944	0.2641509433962264	0.11382113821138211	0.6422764227642277	0.680921052631579
bamboogle	mistralai-mistral-7b-instruct-v0-3	ensemble_incremental	59	5	14	45	0.921875	0.5673076923076923	0.7023809523809524	0.4796747967479675	0.23728813559322035	0.11382113821138211	0.5934959349593496	0.6520748987854251
bamboogle	qwen-qwen2-5-72b-instruct	ensemble_assistive	76	11	28	8	0.8735632183908046	0.9047619047619048	0.8888888888888888	0.2926829268292683	0.7777777777777778	0.22764227642276422	0.8455284552845529	0.8113553113553114
bamboogle	qwen-qwen2-5-72b-instruct	ensemble_incremental	71	8	31	13	0.8987341772151899	0.8452380952380952	0.8711656441717791	0.35772357723577236	0.7045454545454546	0.25203252032520324	0.8292682926829268	0.820054945054945
bamboogle	qwen-qwen3-32b	ensemble_assistive	90	10	13	10	0.9	0.9	0.9	0.18699186991869918	0.5652173913043478	0.10569105691056911	0.8373983739837398	0.7326086956521739
bamboogle	qwen-qwen3-32b	ensemble_incremental	91	10	13	9	0.900990099009901	0.91	0.9054726368159204	0.17886178861788618	0.5909090909090909	0.10569105691056911	0.8455284552845529	0.7376086956521739
crag	google-gemini-2-5-flash	ensemble_assistive	50	17	84	11	0.746268656716418	0.819672131147541	0.7812500000000001	0.5864197530864198	0.8842105263157894	0.5185185185185185	0.8271604938271605	0.8256776497321864
crag	google-gemini-2-5-flash	ensemble_incremental	50	19	82	11	0.7246376811594203	0.819672131147541	0.7692307692307692	0.5740740740740741	0.8817204301075269	0.5061728395061729	0.8148148148148148	0.8157766596331765
crag	google-gemini-2-5-pro	ensemble_assistive	42	13	89	18	0.7636363636363637	0.7	0.7304347826086957	0.6604938271604939	0.8317757009345794	0.5493827160493827	0.808641975308642	0.7862745098039216
crag	google-gemini-2-5-pro	ensemble_incremental	41	14	88	19	0.7454545454545455	0.6833333333333333	0.7130434782608696	0.6604938271604939	0.822429906542056	0.5432098765432098	0.7962962962962963	0.7730392156862745
crag	meta-llama-llama-3-1-8b-instruct	ensemble_assistive	104	20	24	14	0.8387096774193549	0.8813559322033898	0.859504132231405	0.2345679012345679	0.631578947368421	0.14814814814814814	0.7901234567901234	0.7134052388289677
crag	meta-llama-llama-3-1-8b-instruct	ensemble_incremental	107	21	23	11	0.8359375	0.9067796610169492	0.8699186991869919	0.20987654320987653	0.6764705882352942	0.1419753086419753	0.8024691358024691	0.7147534668721109
crag	mistralai-mistral-7b-instruct-v0-3	ensemble_assistive	103	13	27	19	0.8879310344827587	0.8442622950819673	0.865546218487395	0.2839506172839506	0.5869565217391305	0.16666666666666666	0.8024691358024691	0.7596311475409836
crag	mistralai-mistral-7b-instruct-v0-3	ensemble_incremental	104	17	23	18	0.859504132231405	0.8524590163934426	0.8559670781893004	0.25308641975308643	0.5609756097560976	0.1419753086419753	0.7839506172839507	0.7137295081967213
crag	qwen-qwen2-5-72b-instruct	ensemble_assistive	97	14	37	14	0.8738738738738738	0.8738738738738738	0.8738738738738738	0.3148148148148148	0.7254901960784313	0.22839506172839505	0.8271604938271605	0.7996820349761526
crag	qwen-qwen2-5-72b-instruct	ensemble_incremental	98	16	35	13	0.8596491228070176	0.8828828828828829	0.8711111111111112	0.2962962962962963	0.7291666666666666	0.21604938271604937	0.8209876543209876	0.7845786963434023
crag	qwen-qwen3-32b	ensemble_assistive	106	18	25	13	0.8548387096774194	0.8907563025210085	0.8724279835390947	0.2345679012345679	0.6578947368421053	0.15432098765432098	0.808641975308642	0.7360758256791089
crag	qwen-qwen3-32b	ensemble_incremental	108	18	25	11	0.8571428571428571	0.907563025210084	0.8816326530612244	0.2222222222222222	0.6944444444444444	0.15432098765432098	0.8209876543209876	0.7444791870236467
hotpotqa	google-gemini-2-5-flash	ensemble_assistive	77	33	130	34	0.7	0.6936936936936937	0.6968325791855203	0.5985401459854015	0.7926829268292683	0.4744525547445255	0.7554744525547445	0.7456198529818162
hotpotqa	google-gemini-2-5-flash	ensemble_incremental	81	49	114	30	0.6230769230769231	0.7297297297297297	0.6721991701244813	0.5255474452554745	0.7916666666666666	0.41605839416058393	0.7116788321167883	0.7145581163986072
hotpotqa	google-gemini-2-5-pro	ensemble_assistive	63	19	161	31	0.7682926829268293	0.6702127659574468	0.7159090909090909	0.7007299270072993	0.8385416666666666	0.5875912408759124	0.8175182481751825	0.7823286052009456
hotpotqa	google-gemini-2-5-pro	ensemble_incremental	58	23	157	36	0.7160493827160493	0.6170212765957447	0.6628571428571428	0.7043795620437956	0.8134715025906736	0.572992700729927	0.7846715328467153	0.7446217494089834
hotpotqa	meta-llama-llama-3-1-8b-instruct	ensemble_assistive	176	26	42	30	0.8712871287128713	0.8543689320388349	0.8627450980392157	0.26277372262773724	0.5833333333333334	0.15328467153284672	0.7956204379562044	0.7360079954311822
hotpotqa	meta-llama-llama-3-1-8b-instruct	ensemble_incremental	183	29	39	23	0.8632075471698113	0.8883495145631068	0.8755980861244019	0.22627737226277372	0.6290322580645161	0.14233576642335766	0.8102189781021898	0.7309394631639063
hotpotqa	mistralai-mistral-7b-instruct-v0-3	ensemble_assistive	163	23	42	46	0.8763440860215054	0.7799043062200957	0.8253164556962024	0.32116788321167883	0.4772727272727273	0.15328467153284672	0.7481751824817519	0.713029076186971
hotpotqa	mistralai-mistral-7b-instruct-v0-3	ensemble_incremental	150	27	38	59	0.847457627118644	0.7177033492822966	0.7772020725388601	0.354014598540146	0.3917525773195876	0.1386861313868613	0.6861313868613139	0.6511593669488406
hotpotqa	qwen-qwen2-5-72b-instruct	ensemble_assistive	162	41	54	17	0.7980295566502463	0.9050279329608939	0.8481675392670157	0.2591240875912409	0.7605633802816901	0.19708029197080293	0.7883211678832117	0.7367244927962364
hotpotqa	qwen-qwen2-5-72b-instruct	ensemble_incremental	161	40	55	18	0.8009950248756219	0.8994413407821229	0.8473684210526317	0.2664233576642336	0.7534246575342466	0.20072992700729927	0.7883211678832117	0.7391943546015878
hotpotqa	qwen-qwen3-32b	ensemble_assistive	169	29	55	21	0.8535353535353535	0.8894736842105263	0.8711340206185567	0.2773722627737226	0.7236842105263158	0.20072992700729927	0.8175182481751825	0.7721177944862155
hotpotqa	qwen-qwen3-32b	ensemble_incremental	173	32	52	17	0.8439024390243902	0.9105263157894737	0.8759493670886076	0.2518248175182482	0.7536231884057971	0.1897810218978102	0.8211678832116789	0.7647869674185463
mintaka	google-gemini-2-5-flash	ensemble_assistive	33	31	214	20	0.515625	0.6226415094339622	0.564102564102564	0.785234899328859	0.9145299145299145	0.7181208053691275	0.8288590604026845	0.7480554485945321
mintaka	google-gemini-2-5-flash	ensemble_incremental	31	33	212	22	0.484375	0.5849056603773585	0.5299145299145298	0.785234899328859	0.905982905982906	0.7114093959731543	0.8154362416107382	0.7251058914131691
mintaka	google-gemini-2-5-pro	ensemble_assistive	22	30	221	25	0.4230769230769231	0.46808510638297873	0.4444444444444444	0.825503355704698	0.8983739837398373	0.7416107382550335	0.8154362416107382	0.6742815970161905
mintaka	google-gemini-2-5-pro	ensemble_incremental	23	26	225	24	0.46938775510204084	0.48936170212765956	0.47916666666666663	0.8355704697986577	0.9036144578313253	0.7550335570469798	0.8322147651006712	0.6928880223785708
mintaka	meta-llama-llama-3-1-8b-instruct	ensemble_assistive	170	31	67	30	0.845771144278607	0.85	0.8478802992518704	0.32550335570469796	0.6907216494845361	0.22483221476510068	0.7953020134228188	0.7668367346938776
mintaka	meta-llama-llama-3-1-8b-instruct	ensemble_incremental	171	30	68	29	0.8507462686567164	0.855	0.8528678304239402	0.32550335570469796	0.7010309278350515	0.22818791946308725	0.802013422818792	0.7744387755102041
mintaka	mistralai-mistral-7b-instruct-v0-3	ensemble_assistive	99	22	101	76	0.8181818181818182	0.5657142857142857	0.668918918918919	0.5939597315436241	0.5706214689265536	0.3389261744966443	0.6711409395973155	0.6934262485481998
mintaka	mistralai-mistral-7b-instruct-v0-3	ensemble_incremental	97	31	92	78	0.7578125	0.5542857142857143	0.6402640264026402	0.5704697986577181	0.5411764705882353	0.3087248322147651	0.6342281879194631	0.6511265969802555
mintaka	qwen-qwen2-5-72b-instruct	ensemble_assistive	128	46	110	14	0.735632183908046	0.9014084507042254	0.810126582278481	0.4161073825503356	0.8870967741935484	0.3691275167785235	0.7986577181208053	0.8032683279162153
mintaka	qwen-qwen2-5-72b-instruct	ensemble_incremental	126	50	106	16	0.7159090909090909	0.8873239436619719	0.7924528301886792	0.40939597315436244	0.8688524590163934	0.35570469798657717	0.7785234899328859	0.7834055615745756
mintaka	qwen-qwen3-32b	ensemble_assistive	171	32	80	15	0.8423645320197044	0.9193548387096774	0.8791773778920309	0.3187919463087248	0.8421052631578947	0.2684563758389262	0.8422818791946308	0.8168202764976958
mintaka	qwen-qwen3-32b	ensemble_incremental	169	38	74	17	0.8164251207729468	0.9086021505376344	0.8600508905852418	0.3053691275167785	0.8131868131868132	0.2483221476510067	0.8154362416107382	0.78465821812596
