model,dataset,id,question,sequential_answer,open_answer,gold_answer,sequential_correct,open_correct,sequential_intermediate_questions,sequential_intermediate_answers,sequential_dsl,sequential_raw_response,sequential_qa_chain,open_raw_response,equivalence_reasoning,equivalence_raw_response,label_cause,label_notes
gpt-5-1,bamboogle,bamboogle_0054_3ecff82e,When was the first location of the world's largest coffeehouse chain opened?,"1971-03-30 explanation: The world's largest coffeehouse chain is Starbucks, whose first location opened on 1971-03-30.",1971-03-31,"March 30, 1971",1,0,"[""What is the world's largest coffeehouse chain?"", ""When was the first location of {answer_1} opened?""]","{""answer_1"": ""Starbucks"", ""answer_2"": ""1971-03-30""}","answer_1: str = qa_model(""What is the world's largest coffeehouse chain?"")
answer_2: str = qa_model(""When was the first location of {answer_1} opened?"", answer_1=answer_1)","answer:
1971-03-30","[{""question"": ""What is the world's largest coffeehouse chain?"", ""answer"": ""Starbucks"", ""variable"": ""answer_1"", ""multi_answer"": false, ""resolved_questions"": [], ""individual_answers"": []}, {""question"": ""When was the first location of Starbucks opened?"", ""answer"": ""1971-03-30"", ""variable"": ""answer_2"", ""multi_answer"": false, ""resolved_questions"": [], ""individual_answers"": []}]","answer:
1971-03-31",Calendar dates must match exactly; 1971-03-30 is not equivalent to 1971-03-31.,"equivalent: 0
reasoning: Calendar dates must match exactly; 1971-03-30 is not equivalent to 1971-03-31.",,
gpt-5-1,bamboogle,bamboogle_0028_ec928c44,What is the third letter of the top level domain of the military?,"i explanation: The military’s top-level domain is "".mil"", whose third letter is ""i"".",l,l,0,1,"[""What is the top level domain of the military?"", ""What is the third letter of '{answer_1}'?""]","{""answer_1"": "".mil"", ""answer_2"": ""i""}","answer_1: str = qa_model(""What is the top level domain of the military?"")
answer_2: str = qa_model(""What is the third letter of '{answer_1}'?"", answer_1=answer_1)","answer:
i","[{""question"": ""What is the top level domain of the military?"", ""answer"": "".mil"", ""variable"": ""answer_1"", ""multi_answer"": false, ""resolved_questions"": [], ""individual_answers"": []}, {""question"": ""What is the third letter of '.mil'?"", ""answer"": ""i"", ""variable"": ""answer_2"", ""multi_answer"": false, ""resolved_questions"": [], ""individual_answers"": []}]","answer:
l","Answer A states the third letter is 'i', while Answer B states it is 'l'. The correct third letter of "".mil"" is 'l', making Answer A incorrect and contradictory.","equivalent: 0
reasoning: Answer A states the third letter is 'i', while Answer B states it is 'l'. The correct third letter of "".mil"" is 'l', making Answer A incorrect and contradictory.",,
gpt-5-1,bamboogle,bamboogle_0043_d65a05e7,The most populous city in Punjab is how large (area wise)?,"1,772 km² explanation: The chain identifies Lahore as the most populous city in Punjab, then gives Lahore’s area as 1,772 km².",159 km²,310 square kilometers,0,0,"[""What is the most populous city in Punjab?"", ""What is the area of {answer_1}?""]","{""answer_1"": ""Lahore"", ""answer_2"": ""1,772 km\u00b2""}","answer_1: str = qa_model(""What is the most populous city in Punjab?"")
answer_2: str = qa_model(""What is the area of {answer_1}?"", answer_1=answer_1)","answer:
1,772 km²","[{""question"": ""What is the most populous city in Punjab?"", ""answer"": ""Lahore"", ""variable"": ""answer_1"", ""multi_answer"": false, ""resolved_questions"": [], ""individual_answers"": []}, {""question"": ""What is the area of Lahore?"", ""answer"": ""1,772 km\u00b2"", ""variable"": ""answer_2"", ""multi_answer"": false, ""resolved_questions"": [], ""individual_answers"": []}]",159 km²,"The numerical values for the area (1,772 km² vs 159 km²) are significantly different and fall outside any acceptable tolerance.","equivalent: 0
reasoning: The numerical values for the area (1,772 km² vs 159 km²) are significantly different and fall outside any acceptable tolerance.",,
gpt-5-1,bamboogle,bamboogle_0057_ce243def,Which company was responsible for the largest pharmaceutical settlement?,Purdue Pharma L.P. explanation: The chain identifies the largest pharmaceutical settlement as the 2020 opioid settlement and attributes it to Purdue Pharma L.P.,GlaxoSmithKline,GlaxoSmithKline,0,1,"[""What is the largest pharmaceutical settlement in history?"", ""Which company was responsible for the {answer_1}?""]","{""answer_1"": ""Purdue Pharma\u2019s 2020 opioid settlement with the U.S. Department of Justice (about $8.3\u202fbillion)"", ""answer_2"": ""Purdue Pharma L.P.""}","answer_1: str = qa_model(""What is the largest pharmaceutical settlement in history?"")
answer_2: str = qa_model(""Which company was responsible for the {answer_1}?"", answer_1=answer_1)","answer:
Purdue Pharma L.P.","[{""question"": ""What is the largest pharmaceutical settlement in history?"", ""answer"": ""Purdue Pharma\u2019s 2020 opioid settlement with the U.S. Department of Justice (about $8.3\u202fbillion)"", ""variable"": ""answer_1"", ""multi_answer"": false, ""resolved_questions"": [], ""individual_answers"": []}, {""question"": ""Which company was responsible for the Purdue Pharma\u2019s 2020 opioid settlement with the U.S. Department of Justice (about $8.3\u202fbillion)?"", ""answer"": ""Purdue Pharma L.P."", ""variable"": ""answer_2"", ""multi_answer"": false, ""resolved_questions"": [], ""individual_answers"": []}]","answer:
GlaxoSmithKline","The answers name different companies for the largest pharmaceutical settlement. Purdue Pharma L.P. is associated with an $8 billion settlement, while GlaxoSmithKline is associated with a $3 billion settlement, making them contradictory regarding ""the largest"".","equivalent: 0
reasoning: The answers name different companies for the largest pharmaceutical settlement. Purdue Pharma L.P. is associated with an $8 billion settlement, while GlaxoSmithKline is associated with a $3 billion settlement, making them contradictory regarding ""the largest"".",,
gpt-5-1,bamboogle,bamboogle_0084_6694d7d9,Who produced the longest running video game franchise?,"Minnesota Educational Computing Consortium (MECC) explanation: The chain identifies ""The Oregon Trail"" as the longest running franchise and states MECC produced it.",Nintendo,MECC,1,0,"[""What is the longest running video game franchise?"", ""Who produced the '{answer_1}' franchise?""]","{""answer_1"": ""The Oregon Trail"", ""answer_2"": ""Minnesota Educational Computing Consortium (MECC)""}","answer_1: str = qa_model(""What is the longest running video game franchise?"")
answer_2: str = qa_model(""Who produced the '{answer_1}' franchise?"", answer_1=answer_1)","answer:
Minnesota Educational Computing Consortium (MECC)","[{""question"": ""What is the longest running video game franchise?"", ""answer"": ""The Oregon Trail"", ""variable"": ""answer_1"", ""multi_answer"": false, ""resolved_questions"": [], ""individual_answers"": []}, {""question"": ""Who produced the 'The Oregon Trail' franchise?"", ""answer"": ""Minnesota Educational Computing Consortium (MECC)"", ""variable"": ""answer_2"", ""multi_answer"": false, ""resolved_questions"": [], ""individual_answers"": []}]","answer:
Nintendo","The answers provide different producers (MECC vs. Nintendo) for what they imply is the longest-running video game franchise, which are contradictory facts.","equivalent: 0
reasoning: The answers provide different producers (MECC vs. Nintendo) for what they imply is the longest-running video game franchise, which are contradictory facts.",,
gpt-5-1,bamboogle,bamboogle_0066_6b32e7f3,The most populous national capital city was established in what year?,1868 explanation: The chain identifies Tokyo as the most populous national capital and states Tokyo was established in 1868.,1457,1045 BC,0,0,"[""What is the most populous national capital city?"", ""In what year was {answer_1} established?""]","{""answer_1"": ""Tokyo"", ""answer_2"": ""1868""}","answer_1: str = qa_model(""What is the most populous national capital city?"")
answer_2: str = qa_model(""In what year was {answer_1} established?"", answer_1=answer_1)","answer:
1868","[{""question"": ""What is the most populous national capital city?"", ""answer"": ""Tokyo"", ""variable"": ""answer_1"", ""multi_answer"": false, ""resolved_questions"": [], ""individual_answers"": []}, {""question"": ""In what year was Tokyo established?"", ""answer"": ""1868"", ""variable"": ""answer_2"", ""multi_answer"": false, ""resolved_questions"": [], ""individual_answers"": []}]","answer:
1457",The years provided (1868 vs 1457) are different and calendar dates/years must match exactly.,"equivalent: 0
reasoning: The years provided (1868 vs 1457) are different and calendar dates/years must match exactly.",,
gpt-5-1,bamboogle,bamboogle_0101_5fc6a795,What is the lowest elevation of the longest railway tunnel?,"312 m above sea level explanation: The longest railway tunnel is the Gotthard Base Tunnel, whose lowest elevation is 312 m above sea level.",−240 m,312 m,1,0,"[""What is the longest railway tunnel?"", ""What is the lowest elevation of the {answer_1}?""]","{""answer_1"": ""Gotthard Base Tunnel"", ""answer_2"": ""312 m above sea level""}","answer_1: str = qa_model(""What is the longest railway tunnel?"")
answer_2: str = qa_model(""What is the lowest elevation of the {answer_1}?"", answer_1=answer_1)","answer:
312 m above sea level","[{""question"": ""What is the longest railway tunnel?"", ""answer"": ""Gotthard Base Tunnel"", ""variable"": ""answer_1"", ""multi_answer"": false, ""resolved_questions"": [], ""individual_answers"": []}, {""question"": ""What is the lowest elevation of the Gotthard Base Tunnel?"", ""answer"": ""312 m above sea level"", ""variable"": ""answer_2"", ""multi_answer"": false, ""resolved_questions"": [], ""individual_answers"": []}]",−240 m,The numerical values for elevation (312 m vs -240 m) are contradictory.,"equivalent: 0
reasoning: The numerical values for elevation (312 m vs -240 m) are contradictory.",,
gpt-5-1,bamboogle,bamboogle_0081_cfd7f8b7,What is the official color of the third oldest surviving university?,"Red explanation: The chain identifies the third oldest surviving university as the University of Bologna, whose official color is red.",St Andrews blue,Cambridge Blue,0,0,"[""What is the third oldest surviving university in the world?"", ""What is the official color of the {answer_1}?""]","{""answer_1"": ""University of Bologna"", ""answer_2"": ""Red""}","answer_1: str = qa_model(""What is the third oldest surviving university in the world?"")
answer_2: str = qa_model(""What is the official color of the {answer_1}?"", answer_1=answer_1)","answer:
Red","[{""question"": ""What is the third oldest surviving university in the world?"", ""answer"": ""University of Bologna"", ""variable"": ""answer_1"", ""multi_answer"": false, ""resolved_questions"": [], ""individual_answers"": []}, {""question"": ""What is the official color of the University of Bologna?"", ""answer"": ""Red"", ""variable"": ""answer_2"", ""multi_answer"": false, ""resolved_questions"": [], ""individual_answers"": []}]","answer:
St Andrews blue","The answers provide different colors (red vs. St Andrews blue) for the official color of the third oldest surviving university, which is a direct contradiction.","equivalent: 0
reasoning: The answers provide different colors (red vs. St Andrews blue) for the official color of the third oldest surviving university, which is a direct contradiction.",,
gpt-5-1,bamboogle,bamboogle_0095_fa23ed5f,What was the father of the last surviving Canadian father of Confederation?,Charles Tupper Sr. explanation: The last surviving Canadian Father of Confederation was Charles Tupper; his father was Charles Tupper Sr.,Baptist minister,Charles Tupper Sr.,1,0,"[""Who was the last surviving Canadian father of Confederation?"", ""Who was the father of {answer_1}?""]","{""answer_1"": """", ""answer_2"": ""Please clarify who you are asking about (e.g., \u201cWho was the father of Isaac Newton?\u201d).""}","answer_1: str = qa_model(""Who was the last surviving Canadian father of Confederation?"")
answer_2: str = qa_model(""Who was the father of {answer_1}?"", answer_1=answer_1)","answer:
Charles Tupper Sr.","[{""question"": ""Who was the last surviving Canadian father of Confederation?"", ""answer"": """", ""variable"": ""answer_1"", ""multi_answer"": false, ""resolved_questions"": [], ""individual_answers"": []}, {""question"": ""Who was the father of ?"", ""answer"": ""Please clarify who you are asking about (e.g., \u201cWho was the father of Isaac Newton?\u201d)."", ""variable"": ""answer_2"", ""multi_answer"": false, ""resolved_questions"": [], ""individual_answers"": []}]","answer:
Baptist minister","Answer A provides the name of the father, Charles Tupper Sr., which directly answers the question. Answer B provides the profession of the father, ""Baptist minister,"" which is an attribute but not the name requested by the question.","equivalent: 0
reasoning: Answer A provides the name of the father, Charles Tupper Sr., which directly answers the question. Answer B provides the profession of the father, ""Baptist minister,"" which is an attribute but not the name requested by the question.",,
gpt-5-1,bamboogle,bamboogle_0063_3eb28528,When was the tallest ferris wheel in the world completed?,"2018 explanation: Tallest ferris wheel is Ain Dubai, and it was completed in 2018.",2021-10-21,2021,0,1,"[""What is the tallest ferris wheel in the world?"", ""When was {answer_1} completed?""]","{""answer_1"": ""Ain Dubai"", ""answer_2"": ""2018""}","answer_1: str = qa_model(""What is the tallest ferris wheel in the world?"")
answer_2: str = qa_model(""When was {answer_1} completed?"", answer_1=answer_1)","answer:
2018","[{""question"": ""What is the tallest ferris wheel in the world?"", ""answer"": ""Ain Dubai"", ""variable"": ""answer_1"", ""multi_answer"": false, ""resolved_questions"": [], ""individual_answers"": []}, {""question"": ""When was Ain Dubai completed?"", ""answer"": ""2018"", ""variable"": ""answer_2"", ""multi_answer"": false, ""resolved_questions"": [], ""individual_answers"": []}]","answer:
2021-10-21",The years provided (2018 vs 2021) are different and calendar dates/years must match exactly.,"equivalent: 0
reasoning: The years provided (2018 vs 2021) are different and calendar dates/years must match exactly.",,
gpt-5-1,hotpotqa,5a7272eb5542997f827839d7,How old is the female main protagonist of Catching Fire?,16 years old,17,16-year-old,1,0,"[""Who is the female main protagonist of 'Catching Fire'?"", ""How old is {answer_1}?""]","{""answer_1"": ""Katniss Everdeen"", ""answer_2"": ""16 years old""}","answer_1: str = qa_model(""Who is the female main protagonist of 'Catching Fire'?"")
answer_2: str = qa_model(""How old is {answer_1}?"", answer_1=answer_1)","answer:
16 years old","[{""question"": ""Who is the female main protagonist of 'Catching Fire'?"", ""answer"": ""Katniss Everdeen"", ""variable"": ""answer_1"", ""multi_answer"": false, ""resolved_questions"": [], ""individual_answers"": []}, {""question"": ""How old is Katniss Everdeen?"", ""answer"": ""16 years old"", ""variable"": ""answer_2"", ""multi_answer"": false, ""resolved_questions"": [], ""individual_answers"": []}]",17,"Numeric values 16 and 17 are not equivalent based on the tolerance rule |a − b| ≤ max(0.5, 1% of the reference).","equivalent: 0
reasoning: Numeric values 16 and 17 are not equivalent based on the tolerance rule |a − b| ≤ max(0.5, 1% of the reference).",,
gpt-5-1,hotpotqa,5a72a00d5542991f9a20c53c,Who developed the prototype pacemaker used by the 34th President of the USA?,William L. Weirich,Wilson Greatbatch,R Adams Cowley,0,0,"[""Who was the 34th President of the USA?"", ""Who developed the prototype pacemaker used by {answer_1}?""]","{""answer_1"": ""Dwight D. Eisenhower"", ""answer_2"": ""William L. Weirich""}","answer_1: str = qa_model(""Who was the 34th President of the USA?"")
answer_2: str = qa_model(""Who developed the prototype pacemaker used by {answer_1}?"", answer_1=answer_1)",William L. Weirich,"[{""question"": ""Who was the 34th President of the USA?"", ""answer"": ""Dwight D. Eisenhower"", ""variable"": ""answer_1"", ""multi_answer"": false, ""resolved_questions"": [], ""individual_answers"": []}, {""question"": ""Who developed the prototype pacemaker used by Dwight D. Eisenhower?"", ""answer"": ""William L. Weirich"", ""variable"": ""answer_2"", ""multi_answer"": false, ""resolved_questions"": [], ""individual_answers"": []}]","answer:
Wilson Greatbatch","The answers provide different names for the developer of the prototype pacemaker, which is a direct contradiction. Wilson Greatbatch is widely credited with inventing the implantable pacemaker.","equivalent: 0
reasoning: The answers provide different names for the developer of the prototype pacemaker, which is a direct contradiction. Wilson Greatbatch is widely credited with inventing the implantable pacemaker.",,
gpt-5-1,hotpotqa,5a74a3bd55429979e28829da,Who invented the type of script used in autographs?,No single person; it evolved over time,Platt Rogers Spencer,the Sumerians,0,0,"[""What type of script is used in autographs?"", ""Who invented {answer_1}?""]","{""answer_1"": ""Cursive script"", ""answer_2"": ""No single person; it evolved over time""}","answer_1: str = qa_model(""What type of script is used in autographs?"")
answer_2: str = qa_model(""Who invented {answer_1}?"", answer_1=answer_1)",No single person; it evolved over time,"[{""question"": ""What type of script is used in autographs?"", ""answer"": ""Cursive script"", ""variable"": ""answer_1"", ""multi_answer"": false, ""resolved_questions"": [], ""individual_answers"": []}, {""question"": ""Who invented Cursive script?"", ""answer"": ""No single person; it evolved over time"", ""variable"": ""answer_2"", ""multi_answer"": false, ""resolved_questions"": [], ""individual_answers"": []}]","answer:
Platt Rogers Spencer","Answer A states no single person invented it, while Answer B names a specific person, Platt Rogers Spencer, which is a direct contradiction.","equivalent: 0
reasoning: Answer A states no single person invented it, while Answer B names a specific person, Platt Rogers Spencer, which is a direct contradiction.",,
gpt-5-1,hotpotqa,5a7a791f55429941d65f2669,What was the year founded of the football team that Aaron Galindo is currently a part of?,Not applicable,1917,1928,-1,0,"[""What football team is Aaron Galindo currently a part of?"", ""What year was the football team {answer_1} founded?""]","{""answer_1"": ""None (retired)"", ""answer_2"": ""Not applicable""}","answer_1: str = qa_model(""What football team is Aaron Galindo currently a part of?"")
answer_2: str = qa_model(""What year was the football team {answer_1} founded?"", answer_1=answer_1)",Not applicable,"[{""question"": ""What football team is Aaron Galindo currently a part of?"", ""answer"": ""None (retired)"", ""variable"": ""answer_1"", ""multi_answer"": false, ""resolved_questions"": [], ""individual_answers"": []}, {""question"": ""What year was the football team None (retired) founded?"", ""answer"": ""Not applicable"", ""variable"": ""answer_2"", ""multi_answer"": false, ""resolved_questions"": [], ""individual_answers"": []}]","answer:
1917","Answer A states the information is not applicable, while Answer B provides a specific year, creating a direct contradiction.","equivalent: 0
reasoning: Answer A states the information is not applicable, while Answer B provides a specific year, creating a direct contradiction.",,
gpt-5-1,hotpotqa,5a7ca54c55429935c91b527f,"The Swedish-British entertainment studio executive and film executive producer, who was the Executive producer for a 2016 American action thriller film directed by Babak Najafi, currently serve?","Chief executive officer of Millennium Films; Executive senior associate athletic director at the University of Louisville; Vice president of Millennium Films and Nu Image; Social Fund Commissioner for Great Britain and Northern Ireland; Founder and president, Eclectic Pictures; President of Millennium Media; Member, South Carolina House of Representatives; Chief Executive Officer, Voltage Pictures; Unknown",Chairman and chief executive officer of Millennium Media,CEO of Lionsgate UK & Europe,0,0,"[""What is the 2016 American action thriller film directed by Babak Najafi?"", ""Who was the executive producer for {answer_1}?"", ""What position does {answer_2} currently hold?""]","{""answer_1"": ""London Has Fallen"", ""answer_2"": ""Avi Lerner; Trevor Short; Boaz Davidson; Christine Crow; Heidi Jo Markel; Jeffrey Greenstein; Vance Owen; Nicolas Chartier; Craig Flores"", ""answer_3"": ""Chief executive officer of Millennium Films; Executive senior associate athletic director at the University of Louisville; Vice president of Millennium Films and Nu Image; Social Fund Commissioner for Great Britain and Northern Ireland; Founder and president, Eclectic Pictures; President of Millennium Media; Member, South Carolina House of Representatives; Chief Executive Officer, Voltage Pictures; Unknown""}","answer_1: str = qa_model(""What is the 2016 American action thriller film directed by Babak Najafi?"")
answer_2: str = qa_model(""Who was the executive producer for {answer_1}?"", answer_1=answer_1)
answer_3: str = qa_model(""What position does {answer_2} currently hold?"", answer_2=answer_2)",,"[{""question"": ""What is the 2016 American action thriller film directed by Babak Najafi?"", ""answer"": ""London Has Fallen"", ""variable"": ""answer_1"", ""multi_answer"": false, ""resolved_questions"": [], ""individual_answers"": []}, {""question"": ""Who was the executive producer for London Has Fallen?"", ""answer"": ""Avi Lerner; Trevor Short; Boaz Davidson; Christine Crow; Heidi Jo Markel; Jeffrey Greenstein; Vance Owen; Nicolas Chartier; Craig Flores"", ""variable"": ""answer_2"", ""multi_answer"": false, ""resolved_questions"": [], ""individual_answers"": []}, {""question"": ""What position does {answer_2} currently hold?"", ""answer"": ""Chief executive officer of Millennium Films; Executive senior associate athletic director at the University of Louisville; Vice president of Millennium Films and Nu Image; Social Fund Commissioner for Great Britain and Northern Ireland; Founder and president, Eclectic Pictures; President of Millennium Media; Member, South Carolina House of Representatives; Chief Executive Officer, Voltage Pictures; Unknown"", ""variable"": ""answer_3"", ""multi_answer"": true, ""resolved_questions"": [""What position does Avi Lerner currently hold?"", ""What position does Trevor Short currently hold?"", ""What position does Boaz Davidson currently hold?"", ""What position does Christine Crow currently hold?"", ""What position does Heidi Jo Markel currently hold?"", ""What position does Jeffrey Greenstein currently hold?"", ""What position does Vance Owen currently hold?"", ""What position does Nicolas Chartier currently hold?"", ""What position does Craig Flores currently hold?""], ""individual_answers"": [""Chief executive officer of Millennium Films"", ""Executive senior associate athletic director at the University of Louisville"", ""Vice president of Millennium Films and Nu Image"", ""Social Fund Commissioner for Great Britain and Northern Ireland"", ""Founder and president, Eclectic Pictures"", ""President of Millennium Media"", ""Member, South Carolina House of Representatives"", ""Chief Executive Officer, Voltage Pictures"", ""Unknown""]}]","answer:
Chairman and chief executive officer of Millennium Media","Answer A provides a long, disparate list of roles, including ""Unknown"" and several roles unrelated to a film executive, which does not accurately answer the question about the single current role. Answer B provides a specific current role. The answers are not equivalent due to the lack of specificity and inclusion of irrelevant/contradictory information in Answer A.","equivalent: 0
reasoning: Answer A provides a long, disparate list of roles, including ""Unknown"" and several roles unrelated to a film executive, which does not accurately answer the question about the single current role. Answer B provides a specific current role. The answers are not equivalent due to the lack of specificity and inclusion of irrelevant/contradictory information in Answer A.",,
gpt-5-1,hotpotqa,5a8235d25542995ce29dccda,What South Korean sitcom starred a South Korean singer and actress who began her music career at the age of 15?,High Kick Through the Roof,High Kick: Revenge of the Short Legged,The Producers,0,0,"[""Which South Korean singer and actress began her music career at the age of 15?"", ""What South Korean sitcom starred {answer_1}?""]","{""answer_1"": ""IU (Lee Ji-eun)"", ""answer_2"": ""High Kick Through the Roof""}","answer_1: str = qa_model(""Which South Korean singer and actress began her music career at the age of 15?"")
answer_2: str = qa_model(""What South Korean sitcom starred {answer_1}?"", answer_1=answer_1)",High Kick Through the Roof,"[{""question"": ""Which South Korean singer and actress began her music career at the age of 15?"", ""answer"": ""IU (Lee Ji-eun)"", ""variable"": ""answer_1"", ""multi_answer"": false, ""resolved_questions"": [], ""individual_answers"": []}, {""question"": ""What South Korean sitcom starred IU (Lee Ji-eun)?"", ""answer"": ""High Kick Through the Roof"", ""variable"": ""answer_2"", ""multi_answer"": false, ""resolved_questions"": [], ""individual_answers"": []}]","answer:
High Kick: Revenge of the Short Legged","The two answers refer to different sitcoms in the ""High Kick"" series, thus contradicting each other.","equivalent: 0
reasoning: The two answers refer to different sitcoms in the ""High Kick"" series, thus contradicting each other.",,
gpt-5-1,hotpotqa,5a83cf395542996488c2e4e0,"What musical genre was the song that, according to Annet Artani, inspired the Britney Spears song ""Everytime""?",Jazz,Hymn,R&B,0,0,"[""According to Annet Artani, what song inspired the Britney Spears song 'Everytime'?"", ""What is the musical genre of the song {answer_1}?""]","{""answer_1"": ""Cry Me a River"", ""answer_2"": ""Jazz""}","answer_1: str = qa_model(""According to Annet Artani, what song inspired the Britney Spears song 'Everytime'?"")
answer_2: str = qa_model(""What is the musical genre of the song {answer_1}?"", answer_1=answer_1)",Jazz,"[{""question"": ""According to Annet Artani, what song inspired the Britney Spears song 'Everytime'?"", ""answer"": ""Cry Me a River"", ""variable"": ""answer_1"", ""multi_answer"": false, ""resolved_questions"": [], ""individual_answers"": []}, {""question"": ""What is the musical genre of the song Cry Me a River?"", ""answer"": ""Jazz"", ""variable"": ""answer_2"", ""multi_answer"": false, ""resolved_questions"": [], ""individual_answers"": []}]","answer:
Hymn","The answers provide different musical genres (Jazz vs. Hymn), which are contradictory.","equivalent: 0
reasoning: The answers provide different musical genres (Jazz vs. Hymn), which are contradictory.",,
gpt-5-1,mintaka,44553d7e,How old in years was the oldest American president when he first assumed office?,"30 explanation: The chain identifies Joe Biden as the oldest president at first assuming office and states he was 30 years old, so the answer is 30.",78,78,0,1,"[""Who was the oldest American president when he first assumed office?"", ""How old was {answer_1} when he first assumed office?""]","{""answer_1"": ""Joe Biden"", ""answer_2"": ""30 years old""}","answer_1: str = qa_model(""Who was the oldest American president when he first assumed office?"")
answer_2: str = qa_model(""How old was {answer_1} when he first assumed office?"", answer_1=answer_1)","answer:
30","[{""variable"": ""answer_1"", ""question"": ""Who was the oldest American president when he first assumed office?"", ""answer"": ""Joe Biden"", ""raw_completion"": ""Joe Biden"", ""multi_answer"": false}, {""variable"": ""answer_2"", ""question"": ""How old was Joe Biden when he first assumed office?"", ""answer"": ""30 years old"", ""raw_completion"": ""30 years old"", ""multi_answer"": false}]","answer:
78","Answer A states 30, while Answer B states 78. These numerical values are not equivalent. Answer A's explanation incorrectly states Joe Biden's age as 30 when he assumed office; he was 78.","equivalent: 0
reasoning: Answer A states 30, while Answer B states 78. These numerical values are not equivalent. Answer A's explanation incorrectly states Joe Biden's age as 30 when he assumed office; he was 78.",,
gpt-5-1,mintaka,4f67a88e,The youngest governor is from which state?,"Michigan explanation: The chain identifies the youngest governor as Stevens T. Mason, who was governor of Michigan.",Kogi State,Florida,0,0,"[""Who is the youngest governor?"", ""Which state is {answer_1} the governor of?""]","{""answer_1"": ""Stevens T. Mason"", ""answer_2"": ""Michigan""}","answer_1: str = qa_model(""Who is the youngest governor?"")
answer_2: str = qa_model(""Which state is {answer_1} the governor of?"", answer_1=answer_1)","answer:
Michigan","[{""variable"": ""answer_1"", ""question"": ""Who is the youngest governor?"", ""answer"": ""Stevens T. Mason"", ""raw_completion"": ""Stevens T. Mason"", ""multi_answer"": false}, {""variable"": ""answer_2"", ""question"": ""Which state is Stevens T. Mason the governor of?"", ""answer"": ""Michigan"", ""raw_completion"": ""Michigan"", ""multi_answer"": false}]","answer:
Kogi State","The states provided in the answers, Michigan and Kogi State, are different.","equivalent: 0
reasoning: The states provided in the answers, Michigan and Kogi State, are different.",,
gpt-5-1,mintaka,304b59eb,Who was the top scorer of the Copa America tournament this year?,"Lionel Messi; Luis Díaz explanation: The chain shows the most recent Copa América was in 2021 and its top scorers were Lionel Messi and Luis Díaz, so they are the top scorers ""this year.""",Yamila Rodríguez,"Lionel Messi, Luis Diaz",1,0,"[""What year was the most recent Copa America tournament?"", ""Who was the top scorer of the {answer_1} Copa America?""]","{""answer_1"": ""2021"", ""answer_2"": ""Lionel Messi; Luis D\u00edaz""}","answer_1: str = qa_model(""What year was the most recent Copa America tournament?"")
answer_2: str = qa_model(""Who was the top scorer of the {answer_1} Copa America?"", answer_1=answer_1)","answer:
Lionel Messi; Luis Díaz","[{""variable"": ""answer_1"", ""question"": ""What year was the most recent Copa America tournament?"", ""answer"": ""2021"", ""raw_completion"": ""2021"", ""multi_answer"": false}, {""variable"": ""answer_2"", ""question"": ""Who was the top scorer of the 2021 Copa America?"", ""answer"": ""Lionel Messi; Luis D\u00edaz"", ""raw_completion"": ""Lionel Messi; Luis D\u00edaz"", ""multi_answer"": false}]","answer:
Yamila Rodríguez","Answer A correctly identifies the top scorers (Lionel Messi and Luis Díaz) of the most recent men's Copa América (2021). Answer B identifies Yamila Rodríguez, who was the top scorer of the Copa América Femenina (women's tournament) in 2022. These are different tournaments, thus the answers convey different facts.","equivalent: 0
reasoning: Answer A correctly identifies the top scorers (Lionel Messi and Luis Díaz) of the most recent men's Copa América (2021). Answer B identifies Yamila Rodríguez, who was the top scorer of the Copa América Femenina (women's tournament) in 2022. These are different tournaments, thus the answers convey different facts.",,
gpt-5-1,mintaka,a0f63db0,How old was the last emperor of Rome when he died?,"About 47 years old explanation: The last emperor of Rome was Romulus Augustulus, who died at about age 47.",48,46,1,1,"[""Who was the last emperor of Rome?"", ""How old was {answer_1} when he died?""]","{""answer_1"": ""Romulus Augustulus"", ""answer_2"": ""About 47 years old""}","answer_1: str = qa_model(""Who was the last emperor of Rome?"")
answer_2: str = qa_model(""How old was {answer_1} when he died?"", answer_1=answer_1)","answer:
About 47 years old","[{""variable"": ""answer_1"", ""question"": ""Who was the last emperor of Rome?"", ""answer"": ""Romulus Augustulus"", ""raw_completion"": ""Romulus Augustulus"", ""multi_answer"": false}, {""variable"": ""answer_2"", ""question"": ""How old was Romulus Augustulus when he died?"", ""answer"": ""About 47 years old"", ""raw_completion"": ""About 47 years old"", ""multi_answer"": false}]",48,"The numeric values 47 and 48 are not within the allowed tolerance of |a − b| ≤ max(0.5, 1% of the reference).","equivalent: 0
reasoning: The numeric values 47 and 48 are not within the allowed tolerance of |a − b| ≤ max(0.5, 1% of the reference).",,
gpt-5-1,mintaka,ec3092ab,How old is the quarterback of the Cleveland Browns?,"27 years old explanation: The quarterback is Deshaun Watson, and the chain states he is 27 years old.",29,33,0,0,"[""Who is the quarterback for the Cleveland Browns?"", ""How old is {answer_1}?""]","{""answer_1"": ""Deshaun Watson"", ""answer_2"": ""27 years old""}","answer_1: str = qa_model(""Who is the quarterback for the Cleveland Browns?"")
answer_2: str = qa_model(""How old is {answer_1}?"", answer_1=answer_1)","answer:
27 years old","[{""variable"": ""answer_1"", ""question"": ""Who is the quarterback for the Cleveland Browns?"", ""answer"": ""Deshaun Watson"", ""raw_completion"": ""Deshaun Watson"", ""multi_answer"": false}, {""variable"": ""answer_2"", ""question"": ""How old is Deshaun Watson?"", ""answer"": ""27 years old"", ""raw_completion"": ""27 years old"", ""multi_answer"": false}]","answer:
29",The numerical values for age (27 vs 29) are different and fall outside the allowed numeric tolerance for values that drift over time.,"equivalent: 0
reasoning: The numerical values for age (27 vs 29) are different and fall outside the allowed numeric tolerance for values that drift over time.",,
gpt-5-1,mintaka,db3375e8,Exactly how old is the oldest river in the United States?,≈300 million years old explanation: The chain identifies the New River as the oldest U.S. river and gives its age as about 300 million years.,Unknown,260 million to 325 million years ago,1,-1,"[""What is the oldest river in the United States?"", ""How old is the {answer_1}?""]","{""answer_1"": ""New River"", ""answer_2"": ""\u2248300 million years old""}","answer_1: str = qa_model(""What is the oldest river in the United States?"")
answer_2: str = qa_model(""How old is the {answer_1}?"", answer_1=answer_1)","answer:
≈300 million years old","[{""variable"": ""answer_1"", ""question"": ""What is the oldest river in the United States?"", ""answer"": ""New River"", ""raw_completion"": ""New River"", ""multi_answer"": false}, {""variable"": ""answer_2"", ""question"": ""How old is the New River?"", ""answer"": ""\u2248300 million years old"", ""raw_completion"": ""\u2248300 million years old"", ""multi_answer"": false}]","answer:
Unknown","Answer A provides an approximate age, while Answer B states the age is unknown, which is a direct contradiction.","equivalent: 0
reasoning: Answer A provides an approximate age, while Answer B states the age is unknown, which is a direct contradiction.",,
gpt-5-1,mintaka,5d940b68,Who is the leader of the country that the United States broke free of in 1776?,"King George III explanation: The United States declared independence from Great Britain in 1776, whose leader at that time was King George III.",Liz Truss,Boris Johnson,0,0,"[""What country did the United States declare independence from in 1776?"", ""Who was the leader of {answer_1} in 1776?""]","{""answer_1"": ""Great Britain"", ""answer_2"": ""King George III""}","answer_1: str = qa_model(""What country did the United States declare independence from in 1776?"")
answer_2: str = qa_model(""Who was the leader of {answer_1} in 1776?"", answer_1=answer_1)","answer:
King George III","[{""variable"": ""answer_1"", ""question"": ""What country did the United States declare independence from in 1776?"", ""answer"": ""Great Britain"", ""raw_completion"": ""Great Britain"", ""multi_answer"": false}, {""variable"": ""answer_2"", ""question"": ""Who was the leader of Great Britain in 1776?"", ""answer"": ""King George III"", ""raw_completion"": ""King George III"", ""multi_answer"": false}]","answer:
Liz Truss","Answer A correctly identifies King George III as the leader in 1776, while Answer B incorrectly names Liz Truss, who was a leader much later.","equivalent: 0
reasoning: Answer A correctly identifies King George III as the leader in 1776, while Answer B incorrectly names Liz Truss, who was a leader much later.",,
gpt-5-1,mintaka,100a940f,"Who was the first president after the war that ended slavery in the U.S., not including the incumbent?","Andrew Johnson explanation: The war that ended slavery was the American Civil War; its incumbent president was Abraham Lincoln, and his successor was Andrew Johnson.",Ulysses S. Grant,Andrew Johnson,1,0,"[""Who was the U.S. president at the end of the American Civil War?"", ""Who was the U.S. president after {answer_1}?""]","{""answer_1"": ""Abraham Lincoln"", ""answer_2"": ""Andrew Johnson""}","answer_1: str = qa_model(""Who was the U.S. president at the end of the American Civil War?"")
answer_2: str = qa_model(""Who was the U.S. president after {answer_1}?"", answer_1=answer_1)","answer:
Andrew Johnson","[{""variable"": ""answer_1"", ""question"": ""Who was the U.S. president at the end of the American Civil War?"", ""answer"": ""Abraham Lincoln"", ""raw_completion"": ""Abraham Lincoln"", ""multi_answer"": false}, {""variable"": ""answer_2"", ""question"": ""Who was the U.S. president after Abraham Lincoln?"", ""answer"": ""Andrew Johnson"", ""raw_completion"": ""Andrew Johnson"", ""multi_answer"": false}]","answer:
Ulysses S. Grant","Answer A correctly identifies Andrew Johnson as the first president after the Civil War, excluding Abraham Lincoln. Answer B identifies Ulysses S. Grant, who was the president after Andrew Johnson, making it incorrect for ""first president after the war, not including the incumbent.""","equivalent: 0
reasoning: Answer A correctly identifies Andrew Johnson as the first president after the Civil War, excluding Abraham Lincoln. Answer B identifies Ulysses S. Grant, who was the president after Andrew Johnson, making it incorrect for ""first president after the war, not including the incumbent.""",,
gpt-5-1,mintaka,4f485cdf,Who is the most popular in the last NBA 2k game?,"Devin Booker explanation: The chain identifies NBA 2K23 as the latest game and its cover athlete, Devin Booker, as the most prominent/“most popular” figure for that game.",Stephen Curry,Kevin Durant,0,0,"[""What is the latest NBA 2k game?"", ""Who is the cover athlete for '{answer_1}'?""]","{""answer_1"": ""NBA 2K23"", ""answer_2"": ""Devin Booker""}","answer_1: str = qa_model(""What is the latest NBA 2k game?"")
answer_2: str = qa_model(""Who is the cover athlete for '{answer_1}'?"", answer_1=answer_1)","answer:
Devin Booker","[{""variable"": ""answer_1"", ""question"": ""What is the latest NBA 2k game?"", ""answer"": ""NBA 2K23"", ""raw_completion"": ""NBA 2K23"", ""multi_answer"": false}, {""variable"": ""answer_2"", ""question"": ""Who is the cover athlete for 'NBA 2K23'?"", ""answer"": ""Devin Booker"", ""raw_completion"": ""Devin Booker"", ""multi_answer"": false}]","answer:
Stephen Curry","Answer A correctly identifies Devin Booker as the cover athlete for NBA 2K23, which was the latest game at the time. Answer B identifies Stephen Curry, who was the cover athlete for NBA 2K22, an earlier game. The answers contradict each other regarding the ""last NBA 2k game"".","equivalent: 0
reasoning: Answer A correctly identifies Devin Booker as the cover athlete for NBA 2K23, which was the latest game at the time. Answer B identifies Stephen Curry, who was the cover athlete for NBA 2K22, an earlier game. The answers contradict each other regarding the ""last NBA 2k game"".",,
gpt-5-1,mintaka,986b6ca6,How many main pyramids are there in the capital city of Mexico?,"3 explanation: Capital of Mexico is Mexico City, which the chain states has 3 main pyramids.",0,2 main pyramids,0,0,"[""What is the capital city of Mexico?"", ""How many main pyramids are there in {answer_1}?""]","{""answer_1"": ""Mexico City"", ""answer_2"": ""3""}","answer_1: str = qa_model(""What is the capital city of Mexico?"")
answer_2: str = qa_model(""How many main pyramids are there in {answer_1}?"", answer_1=answer_1)","answer:
3","[{""variable"": ""answer_1"", ""question"": ""What is the capital city of Mexico?"", ""answer"": ""Mexico City"", ""raw_completion"": ""Mexico City"", ""multi_answer"": false}, {""variable"": ""answer_2"", ""question"": ""How many main pyramids are there in Mexico City?"", ""answer"": ""3"", ""raw_completion"": ""3"", ""multi_answer"": false}]","answer:
0","Answer A states there are 3 main pyramids, while Answer B states there are 0, which is a direct contradiction.","equivalent: 0
reasoning: Answer A states there are 3 main pyramids, while Answer B states there are 0, which is a direct contradiction.",,
google-gemini-2-5-pro,bamboogle,bamboogle_0122_7a7aef7c,Who is the father of the scientist at MIT that won the Queen Elizabeth Prize for Engineering in 2013?,Conway Berners-Lee explanation: The reasoning chain first identifies the scientist as Tim Berners-Lee and then identifies his father.,Robert Langer,Conway Berners-Lee,1,0,"[""Which scientist at MIT won the Queen Elizabeth Prize for Engineering in 2013?"", ""Who is the father of {answer_1}?""]","{""answer_1"": ""Tim Berners-Lee"", ""answer_2"": ""Conway Berners-Lee""}","answer_1: str = qa_model(""Which scientist at MIT won the Queen Elizabeth Prize for Engineering in 2013?"")
answer_2: str = qa_model(""Who is the father of {answer_1}?"", answer_1=answer_1)","answer:
Conway Berners-Lee

explanation:
The reasoning chain first identifies the scientist as Tim Berners-Lee and then identifies his father.","[{""question"": ""Which scientist at MIT won the Queen Elizabeth Prize for Engineering in 2013?"", ""answer"": ""Tim Berners-Lee"", ""variable"": ""answer_1"", ""multi_answer"": false, ""resolved_questions"": [], ""individual_answers"": []}, {""question"": ""Who is the father of Tim Berners-Lee?"", ""answer"": ""Conway Berners-Lee"", ""variable"": ""answer_2"", ""multi_answer"": false, ""resolved_questions"": [], ""individual_answers"": []}]",Robert Langer,"Answer A correctly identifies Conway Berners-Lee as the father of Tim Berners-Lee, who fits the description in the question. Answer B identifies Robert Langer, who is one of the scientists fitting the description, but not his father. The question asks for the father, not the scientist.","equivalent: 0
reasoning: Answer A correctly identifies Conway Berners-Lee as the father of Tim Berners-Lee, who fits the description in the question. Answer B identifies Robert Langer, who is one of the scientists fitting the description, but not his father. The question asks for the father, not the scientist.",,
google-gemini-2-5-pro,bamboogle,bamboogle_0084_6694d7d9,Who produced the longest running video game franchise?,MECC; The Learning Company; Gameloft explanation: The reasoning chain first identifies 'The Oregon Trail' as the longest-running video game franchise and then lists the companies that have produced it.,Don Rawitsch; Bill Heinemann; Paul Dillenberger,MECC,,0,"[""What is the longest running video game franchise?"", ""Who produced the '{answer_1}' franchise?""]","{""answer_1"": ""The Oregon Trail"", ""answer_2"": ""MECC; The Learning Company; Gameloft""}","answer_1: str = qa_model(""What is the longest running video game franchise?"")
answer_2: str = qa_model(""Who produced the '{answer_1}' franchise?"", answer_1=answer_1)","answer:
MECC; The Learning Company; Gameloft

explanation:
The reasoning chain first identifies 'The Oregon Trail' as the longest-running video game franchise and then lists the companies that have produced it.","[{""question"": ""What is the longest running video game franchise?"", ""answer"": ""The Oregon Trail"", ""variable"": ""answer_1"", ""multi_answer"": false, ""resolved_questions"": [], ""individual_answers"": []}, {""question"": ""Who produced the 'The Oregon Trail' franchise?"", ""answer"": ""MECC; The Learning Company; Gameloft"", ""variable"": ""answer_2"", ""multi_answer"": false, ""resolved_questions"": [], ""individual_answers"": []}]",Don Rawitsch; Bill Heinemann; Paul Dillenberger,"Answer A lists companies that produced the franchise, while Answer B lists individuals who created the original game. These are different entities and not equivalent.","equivalent: 0
reasoning: Answer A lists companies that produced the franchise, while Answer B lists individuals who created the original game. These are different entities and not equivalent.",,
google-gemini-2-5-pro,bamboogle,bamboogle_0079_4a0fafaf,In what country was the only cruise line that flies the American flag incorporated in?,United States explanation: The reasoning chain first identifies the cruise line as Norwegian Cruise Line America and then states that it was incorporated in the United States.,Bermuda,Bermuda,0,1,"[""What is the only cruise line that flies the American flag?"", ""In what country was {answer_1} incorporated?""]","{""answer_1"": ""Norwegian Cruise Line America"", ""answer_2"": ""United States""}","answer_1: str = qa_model(""What is the only cruise line that flies the American flag?"")
answer_2: str = qa_model(""In what country was {answer_1} incorporated?"", answer_1=answer_1)","answer:
United States

explanation:
The reasoning chain first identifies the cruise line as Norwegian Cruise Line America and then states that it was incorporated in the United States.","[{""question"": ""What is the only cruise line that flies the American flag?"", ""answer"": ""Norwegian Cruise Line America"", ""variable"": ""answer_1"", ""multi_answer"": false, ""resolved_questions"": [], ""individual_answers"": []}, {""question"": ""In what country was Norwegian Cruise Line America incorporated?"", ""answer"": ""United States"", ""variable"": ""answer_2"", ""multi_answer"": false, ""resolved_questions"": [], ""individual_answers"": []}]",Bermuda,"The answers state different countries of incorporation (United States vs. Bermuda), which is a direct contradiction.","equivalent: 0
reasoning: The answers state different countries of incorporation (United States vs. Bermuda), which is a direct contradiction.",,
google-gemini-2-5-pro,bamboogle,bamboogle_0039_7e165501,When did Nirvana's second most selling studio album come out?,"1993-09-21 explanation: The reasoning chain first identifies Nirvana's second best-selling studio album as ""In Utero"" and then provides its release date.",1993-09-13,"September 13, 1993",0,1,"[""What is the second most selling studio album by Nirvana?"", ""When did the album '{answer_1}' come out?""]","{""answer_1"": ""In Utero"", ""answer_2"": ""1993-09-21""}","answer_1: str = qa_model(""What is the second most selling studio album by Nirvana?"")
answer_2: str = qa_model(""When did the album '{answer_1}' come out?"", answer_1=answer_1)","answer:
1993-09-21

explanation:
The reasoning chain first identifies Nirvana's second best-selling studio album as ""In Utero"" and then provides its release date.","[{""question"": ""What is the second most selling studio album by Nirvana?"", ""answer"": ""In Utero"", ""variable"": ""answer_1"", ""multi_answer"": false, ""resolved_questions"": [], ""individual_answers"": []}, {""question"": ""When did the album 'In Utero' come out?"", ""answer"": ""1993-09-21"", ""variable"": ""answer_2"", ""multi_answer"": false, ""resolved_questions"": [], ""individual_answers"": []}]",1993-09-13,"The calendar dates provided (1993-09-21 vs 1993-09-13) do not match exactly, which is required for calendar dates.","equivalent: 0
reasoning: The calendar dates provided (1993-09-21 vs 1993-09-13) do not match exactly, which is required for calendar dates.",,
google-gemini-2-5-pro,bamboogle,bamboogle_0035_f61df3cd,What is the maximum airspeed (in km/h) of the third fastest bird?,320 km/h explanation: The reasoning chain identifies the third fastest bird as the Saker falcon and then provides its maximum airspeed.,209 km/h,320 km/h,1,0,"[""What is the third fastest bird?"", ""What is the maximum airspeed of a {answer_1} in km/h?""]","{""answer_1"": ""Saker falcon"", ""answer_2"": ""320 km/h""}","answer_1: str = qa_model(""What is the third fastest bird?"")
answer_2: str = qa_model(""What is the maximum airspeed of a {answer_1} in km/h?"", answer_1=answer_1)","answer:
320 km/h

explanation:
The reasoning chain identifies the third fastest bird as the Saker falcon and then provides its maximum airspeed.","[{""question"": ""What is the third fastest bird?"", ""answer"": ""Saker falcon"", ""variable"": ""answer_1"", ""multi_answer"": false, ""resolved_questions"": [], ""individual_answers"": []}, {""question"": ""What is the maximum airspeed of a Saker falcon in km/h?"", ""answer"": ""320 km/h"", ""variable"": ""answer_2"", ""multi_answer"": false, ""resolved_questions"": [], ""individual_answers"": []}]",209 km/h,The numerical values for airspeed (320 km/h vs 209 km/h) are significantly different and outside any allowed tolerance.,"equivalent: 0
reasoning: The numerical values for airspeed (320 km/h vs 209 km/h) are significantly different and outside any allowed tolerance.",,
google-gemini-2-5-pro,bamboogle,bamboogle_0076_f6a6ba5b,"In 2016, who was the host of the longest running talk show?",Jimmy Fallon explanation: The reasoning chain identifies the longest-running talk show and then names its host from 2016.,Conan O'Brien,Jimmy Fallon,1,0,"[""What is the longest running talk show?"", ""Who was the host of '{answer_1}' in 2016?""]","{""answer_1"": ""The Tonight Show"", ""answer_2"": ""Jimmy Fallon""}","answer_1: str = qa_model(""What is the longest running talk show?"")
answer_2: str = qa_model(""Who was the host of '{answer_1}' in 2016?"", answer_1=answer_1)","answer:
Jimmy Fallon

explanation:
The reasoning chain identifies the longest-running talk show and then names its host from 2016.","[{""question"": ""What is the longest running talk show?"", ""answer"": ""The Tonight Show"", ""variable"": ""answer_1"", ""multi_answer"": false, ""resolved_questions"": [], ""individual_answers"": []}, {""question"": ""Who was the host of 'The Tonight Show' in 2016?"", ""answer"": ""Jimmy Fallon"", ""variable"": ""answer_2"", ""multi_answer"": false, ""resolved_questions"": [], ""individual_answers"": []}]",Conan O'Brien,"The answers contradict each other regarding the host of the longest-running talk show in 2016. Jimmy Fallon hosted ""The Tonight Show"" (the longest-running talk show) in 2016, while Conan O'Brien hosted ""Conan"".","equivalent: 0
reasoning: The answers contradict each other regarding the host of the longest-running talk show in 2016. Jimmy Fallon hosted ""The Tonight Show"" (the longest-running talk show) in 2016, while Conan O'Brien hosted ""Conan"".",,
google-gemini-2-5-pro,bamboogle,bamboogle_0028_ec928c44,What is the third letter of the top level domain of the military?,"i explanation: The reasoning chain first identifies the military's top-level domain as "".mil"" and then extracts the third letter from that string.",l,l,0,1,"[""What is the top level domain of the military?"", ""What is the third letter of '{answer_1}'?""]","{""answer_1"": "".mil"", ""answer_2"": ""i""}","answer_1: str = qa_model(""What is the top level domain of the military?"")
answer_2: str = qa_model(""What is the third letter of '{answer_1}'?"", answer_1=answer_1)","answer:
i

explanation:
The reasoning chain first identifies the military's top-level domain as "".mil"" and then extracts the third letter from that string.","[{""question"": ""What is the top level domain of the military?"", ""answer"": "".mil"", ""variable"": ""answer_1"", ""multi_answer"": false, ""resolved_questions"": [], ""individual_answers"": []}, {""question"": ""What is the third letter of '.mil'?"", ""answer"": ""i"", ""variable"": ""answer_2"", ""multi_answer"": false, ""resolved_questions"": [], ""individual_answers"": []}]",l,Answer A states 'i' while Answer B states 'l'. These are contradictory and only one can be correct.,"equivalent: 0
reasoning: Answer A states 'i' while Answer B states 'l'. These are contradictory and only one can be correct.",,
google-gemini-2-5-pro,bamboogle,bamboogle_0016_035dab06,When did the author of Annabel Lee enlist in the army?,1827-05-26 explanation: The reasoning chain identifies the author of 'Annabel Lee' as Edgar Allan Poe and then provides the date he enlisted in the army.,1827-05-27,1827,1,1,"[""Who is the author of the poem 'Annabel Lee'?"", ""When did {answer_1} enlist in the army?""]","{""answer_1"": ""Edgar Allan Poe"", ""answer_2"": ""1827-05-26""}","answer_1: str = qa_model(""Who is the author of the poem 'Annabel Lee'?"")
answer_2: str = qa_model(""When did {answer_1} enlist in the army?"", answer_1=answer_1)","answer:
1827-05-26

explanation:
The reasoning chain identifies the author of 'Annabel Lee' as Edgar Allan Poe and then provides the date he enlisted in the army.","[{""question"": ""Who is the author of the poem 'Annabel Lee'?"", ""answer"": ""Edgar Allan Poe"", ""variable"": ""answer_1"", ""multi_answer"": false, ""resolved_questions"": [], ""individual_answers"": []}, {""question"": ""When did Edgar Allan Poe enlist in the army?"", ""answer"": ""1827-05-26"", ""variable"": ""answer_2"", ""multi_answer"": false, ""resolved_questions"": [], ""individual_answers"": []}]",1827-05-27,Calendar dates must match exactly; 1827-05-26 is not equivalent to 1827-05-27.,"equivalent: 0
reasoning: Calendar dates must match exactly; 1827-05-26 is not equivalent to 1827-05-27.",,
google-gemini-2-5-pro,bamboogle,bamboogle_0029_45dd51fa,In what year was the government department where the internet originated at founded?,1947 explanation: The reasoning chain first identifies the United States Department of Defense as the origin of the internet and then provides its founding year.,1958,1947,1,0,"[""What government department is credited with the origin of the internet?"", ""In what year was {answer_1} founded?""]","{""answer_1"": ""United States Department of Defense"", ""answer_2"": ""1947""}","answer_1: str = qa_model(""What government department is credited with the origin of the internet?"")
answer_2: str = qa_model(""In what year was {answer_1} founded?"", answer_1=answer_1)","answer:
1947

explanation:
The reasoning chain first identifies the United States Department of Defense as the origin of the internet and then provides its founding year.","[{""question"": ""What government department is credited with the origin of the internet?"", ""answer"": ""United States Department of Defense"", ""variable"": ""answer_1"", ""multi_answer"": false, ""resolved_questions"": [], ""individual_answers"": []}, {""question"": ""In what year was United States Department of Defense founded?"", ""answer"": ""1947"", ""variable"": ""answer_2"", ""multi_answer"": false, ""resolved_questions"": [], ""individual_answers"": []}]","answer:
1958",The years 1947 and 1958 are different and calendar years must match exactly.,"equivalent: 0
reasoning: The years 1947 and 1958 are different and calendar years must match exactly.",,
google-gemini-2-5-pro,bamboogle,bamboogle_0050_43f80844,Who is the mother of the father of Barack Obama?,"Habiba Akumu Obama explanation: The reasoning chain first identifies Barack Obama's father as Barack Obama Sr., and then identifies Barack Obama Sr.'s mother.",Sarah Onyango Obama,Habiba Akumu Nyanjango,0,0,"[""Who is the father of Barack Obama?"", ""Who is the mother of {answer_1}?""]","{""answer_1"": ""Barack Obama Sr."", ""answer_2"": ""Habiba Akumu Obama""}","answer_1: str = qa_model(""Who is the father of Barack Obama?"")
answer_2: str = qa_model(""Who is the mother of {answer_1}?"", answer_1=answer_1)","answer:
Habiba Akumu Obama

explanation:
The reasoning chain first identifies Barack Obama's father as Barack Obama Sr., and then identifies Barack Obama Sr.'s mother.","[{""question"": ""Who is the father of Barack Obama?"", ""answer"": ""Barack Obama Sr."", ""variable"": ""answer_1"", ""multi_answer"": false, ""resolved_questions"": [], ""individual_answers"": []}, {""question"": ""Who is the mother of Barack Obama Sr.?"", ""answer"": ""Habiba Akumu Obama"", ""variable"": ""answer_2"", ""multi_answer"": false, ""resolved_questions"": [], ""individual_answers"": []}]","answer:
Sarah Onyango Obama","The two answers provide different names for the mother of Barack Obama Sr., which are contradictory. Sarah Onyango Obama is the correct answer, while Habiba Akumu Obama was Barack Obama Sr.'s first wife.","equivalent: 0
reasoning: The two answers provide different names for the mother of Barack Obama Sr., which are contradictory. Sarah Onyango Obama is the correct answer, while Habiba Akumu Obama was Barack Obama Sr.'s first wife.",,
google-gemini-2-5-pro,hotpotqa,5addfe6c5542997dc790710e,"In what year was the creator of the current arrangement of the ""Simpson's Theme"" born?",1941 explanation: The reasoning chain first identifies the creator of the theme's arrangement as Alf Clausen and then states his birth year.,1953,"March 28, 1941",1,0,"[""Who created the current arrangement of the 'Simpson's Theme'?"", ""In what year was {answer_1} born?""]","{""answer_1"": ""Alf Clausen"", ""answer_2"": ""1941""}","answer_1: str = qa_model(""Who created the current arrangement of the 'Simpson\'s Theme'?"")
answer_2: str = qa_model(""In what year was {answer_1} born?"", answer_1=answer_1)","answer:
1941

explanation:
The reasoning chain first identifies the creator of the theme's arrangement as Alf Clausen and then states his birth year.","[{""question"": ""Who created the current arrangement of the 'Simpson's Theme'?"", ""answer"": ""Alf Clausen"", ""variable"": ""answer_1"", ""multi_answer"": false, ""resolved_questions"": [], ""individual_answers"": []}, {""question"": ""In what year was Alf Clausen born?"", ""answer"": ""1941"", ""variable"": ""answer_2"", ""multi_answer"": false, ""resolved_questions"": [], ""individual_answers"": []}]",1953,The years 1941 and 1953 are calendar years and must match exactly according to the numeric expression rule. They do not match.,"equivalent: 0
reasoning: The years 1941 and 1953 are calendar years and must match exactly according to the numeric expression rule. They do not match.",,
google-gemini-2-5-pro,hotpotqa,5a84dd955542997b5ce3ff79,"Cadmium Chloride is slightly soluble in this chemical, it is also called what?",Ethyl alcohol; Grain alcohol; Drinking alcohol; Methyl alcohol; Wood,Alcohol,alcohol,0,1,"[""What chemical is Cadmium Chloride slightly soluble in?"", ""What is {answer_1} also called?""]","{""answer_1"": ""Ethanol; Methanol"", ""answer_2"": ""Ethyl alcohol; Grain alcohol; Drinking alcohol; Methyl alcohol; Wood alcohol; Wood spirit""}","answer_1: str = qa_model(""What chemical is Cadmium Chloride slightly soluble in?"")
answer_2: str = qa_model(""What is {answer_1} also called?"", answer_1=answer_1)","answer:
Ethyl alcohol; Grain alcohol; Drinking alcohol; Methyl alcohol; Wood","[{""question"": ""What chemical is Cadmium Chloride slightly soluble in?"", ""answer"": ""Ethanol; Methanol"", ""variable"": ""answer_1"", ""multi_answer"": false, ""resolved_questions"": [], ""individual_answers"": []}, {""question"": ""What is {answer_1} also called?"", ""answer"": ""Ethyl alcohol; Grain alcohol; Drinking alcohol; Methyl alcohol; Wood alcohol; Wood spirit"", ""variable"": ""answer_2"", ""multi_answer"": true, ""resolved_questions"": [""What is Ethanol also called?"", ""What is Methanol also called?""], ""individual_answers"": [""Ethyl alcohol; Grain alcohol; Drinking alcohol"", ""Methyl alcohol; Wood alcohol; Wood spirit""]}]",Alcohol,"Answer A includes ""Wood"" as a possible chemical, which contradicts the fact that the chemical is ""Alcohol"" (as stated in Answer B and implied by the correct parts of Answer A). ""Wood"" is not an alcohol and Cadmium Chloride is not soluble in wood, making it a factual error in Answer A.","equivalent: 0
reasoning: Answer A includes ""Wood"" as a possible chemical, which contradicts the fact that the chemical is ""Alcohol"" (as stated in Answer B and implied by the correct parts of Answer A). ""Wood"" is not an alcohol and Cadmium Chloride is not soluble in wood, making it a factual error in Answer A.",,
google-gemini-2-5-pro,hotpotqa,5adf698f5542993a75d264e2,Who directed a film that included Sarah Manninen?,Martha Coolidge; Dickson Iroegbu; Luca De Filippo; Jason Stone;,James Mark,Martha Coolidge,1,0,"[""Which film included Sarah Manninen?"", ""Who directed the film {answer_1}?""]","{""answer_1"": ""The Prince & Me; The Husband; The Calling; Luba; The Boathouse"", ""answer_2"": ""Martha Coolidge; Dickson Iroegbu; Luca De Filippo; Jason Stone; Jan Dunn; Richard Caesar; Caley Wilson; Hannah Cheesman""}","answer_1: str = qa_model(""Which film included Sarah Manninen?"")
answer_2: str = qa_model(""Who directed the film {answer_1}?"", answer_1=answer_1)","answer:
Martha Coolidge; Dickson Iroegbu; Luca De Filippo; Jason Stone;","[{""question"": ""Which film included Sarah Manninen?"", ""answer"": ""The Prince & Me; The Husband; The Calling; Luba; The Boathouse"", ""variable"": ""answer_1"", ""multi_answer"": false, ""resolved_questions"": [], ""individual_answers"": []}, {""question"": ""Who directed the film {answer_1}?"", ""answer"": ""Martha Coolidge; Dickson Iroegbu; Luca De Filippo; Jason Stone; Jan Dunn; Richard Caesar; Caley Wilson; Hannah Cheesman"", ""variable"": ""answer_2"", ""multi_answer"": true, ""resolved_questions"": [""Who directed the film The Prince & Me?"", ""Who directed the film The Husband?"", ""Who directed the film The Calling?"", ""Who directed the film Luba?"", ""Who directed the film The Boathouse?""], ""individual_answers"": [""Martha Coolidge"", ""Dickson Iroegbu; Luca De Filippo"", ""Jason Stone; Jan Dunn; Richard Caesar"", ""Caley Wilson"", ""Hannah Cheesman""]}]",James Mark,"The lists of directors are completely different. Answer A lists Martha Coolidge, Dickson Iroegbu, Luca De Filippo, and Jason Stone, while Answer B lists James Mark.","equivalent: 0
reasoning: The lists of directors are completely different. Answer A lists Martha Coolidge, Dickson Iroegbu, Luca De Filippo, and Jason Stone, while Answer B lists James Mark.",,
google-gemini-2-5-pro,hotpotqa,5ac1bfd85542994ab5c67dfb,"How many German scientists, engineers, and technicians, were recruited in post-Nazi Germany as a result of the clandestine operation where Arthur Rudolph became one of the main developers of the U.S. ?space program","More than 1,600 explanation: The reasoning chain first identifies the clandestine operation involving Arthur Rudolph as Operation Paperclip and then states that over 1,600 German scientists, engineers, and technicians were recruited as part of it.","1,600","more than 1,600",1,0,"[""What was the clandestine operation in which Arthur Rudolph was recruited to the U.S. space program?"", ""How many German scientists, engineers, and technicians were recruited as part of {answer_1}?""]","{""answer_1"": ""Operation Paperclip"", ""answer_2"": ""More than 1,600""}","answer_1: str = qa_model(""What was the clandestine operation in which Arthur Rudolph was recruited to the U.S. space program?"")
answer_2: str = qa_model(""How many German scientists, engineers, and technicians were recruited as part of {answer_1}?"", answer_1=answer_1)","answer:
More than 1,600

explanation:
The reasoning chain first identifies the clandestine operation involving Arthur Rudolph as Operation Paperclip and then states that over 1,600 German scientists, engineers, and technicians were recruited as part of it.","[{""question"": ""What was the clandestine operation in which Arthur Rudolph was recruited to the U.S. space program?"", ""answer"": ""Operation Paperclip"", ""variable"": ""answer_1"", ""multi_answer"": false, ""resolved_questions"": [], ""individual_answers"": []}, {""question"": ""How many German scientists, engineers, and technicians were recruited as part of Operation Paperclip?"", ""answer"": ""More than 1,600"", ""variable"": ""answer_2"", ""multi_answer"": false, ""resolved_questions"": [], ""individual_answers"": []}]","1,600","Answer A states ""More than 1,600"" while Answer B states ""1,600"". These are contradictory as a number cannot be both exactly 1,600 and strictly greater than 1,600.","equivalent: 0
reasoning: Answer A states ""More than 1,600"" while Answer B states ""1,600"". These are contradictory as a number cannot be both exactly 1,600 and strictly greater than 1,600.",,
google-gemini-2-5-pro,hotpotqa,5a804fc45542992bc0c4a6f0,Close to the Enemy starred the English actor known as Ash Morgan in what BBC series?,No Offence explanation: The reasoning chain identifies,Cuffs,Hustle,0,0,"[""Which English actor is known for playing Ash Morgan?"", ""In what BBC series did {answer_1} play Ash Morgan?""]","{""answer_1"": ""Will Mellor"", ""answer_2"": ""No Offence""}","answer_1: str = qa_model(""Which English actor is known for playing Ash Morgan?"")
answer_2: str = qa_model(""In what BBC series did {answer_1} play Ash Morgan?"", answer_1=answer_1)","answer:
No Offence

explanation:
The reasoning chain identifies","[{""question"": ""Which English actor is known for playing Ash Morgan?"", ""answer"": ""Will Mellor"", ""variable"": ""answer_1"", ""multi_answer"": false, ""resolved_questions"": [], ""individual_answers"": []}, {""question"": ""In what BBC series did Will Mellor play Ash Morgan?"", ""answer"": ""No Offence"", ""variable"": ""answer_2"", ""multi_answer"": false, ""resolved_questions"": [], ""individual_answers"": []}]",Cuffs,"The answers provide different BBC series names, ""No Offence"" and ""Cuffs"", which are contradictory.","equivalent: 0
reasoning: The answers provide different BBC series names, ""No Offence"" and ""Cuffs"", which are contradictory.",,
google-gemini-2-5-pro,hotpotqa,5a7fa11e5542995d8a8dded4,"Who founded the college attended by Thomas Balston, member of the Whatman paper-making family?","William of Wykeham explanation: The reasoning chain first identifies that Thomas Balston attended New College, Oxford, and then states that William of Wykeham founded that college.",Henry VI,William of Wykeham,1,0,"[""Which college did Thomas Balston attend?"", ""Who founded {answer_1}?""]","{""answer_1"": ""New College, Oxford"", ""answer_2"": ""William of Wykeham""}","answer_1: str = qa_model(""Which college did Thomas Balston attend?"")
answer_2: str = qa_model(""Who founded {answer_1}?"", answer_1=answer_1)","answer:
William of Wykeham

explanation:
The reasoning chain first identifies that Thomas Balston attended New College, Oxford, and then states that William of Wykeham founded that college.","[{""question"": ""Which college did Thomas Balston attend?"", ""answer"": ""New College, Oxford"", ""variable"": ""answer_1"", ""multi_answer"": false, ""resolved_questions"": [], ""individual_answers"": []}, {""question"": ""Who founded New College, Oxford?"", ""answer"": ""William of Wykeham"", ""variable"": ""answer_2"", ""multi_answer"": false, ""resolved_questions"": [], ""individual_answers"": []}]","answer:
Henry VI","Answer A correctly identifies William of Wykeham as the founder of New College, Oxford, which Thomas Balston attended. Answer B states Henry VI, who founded other institutions, thus contradicting Answer A.","equivalent: 0
reasoning: Answer A correctly identifies William of Wykeham as the founder of New College, Oxford, which Thomas Balston attended. Answer B states Henry VI, who founded other institutions, thus contradicting Answer A.",,
google-gemini-2-5-pro,hotpotqa,5adf1bf75542993344016bd9,"Canton Road Station was a planned railway station on the Kowloon Southern Link of West Rail Line, that was to run beneath a large shopping mall located where?","Tsim Sha Tsui, Hong Kong explanation: The reasoning chain identifies the shopping mall as Harbour City and then provides its location as Tsim Sha Tsui, Hong Kong.",Harbour City,"Tsim Sha Tsui, Hong Kong",1,0,"[""What is the name of the large shopping mall that Canton Road Station was planned to run beneath?"", ""Where is {answer_1} located?""]","{""answer_1"": ""Harbour City"", ""answer_2"": ""Tsim Sha Tsui, Hong Kong""}","answer_1: str = qa_model(""What is the name of the large shopping mall that Canton Road Station was planned to run beneath?"")
answer_2: str = qa_model(""Where is {answer_1} located?"", answer_1=answer_1)","answer:
Tsim Sha Tsui, Hong Kong

explanation:
The reasoning chain identifies the shopping mall as Harbour City and then provides its location as Tsim Sha Tsui, Hong Kong.","[{""question"": ""What is the name of the large shopping mall that Canton Road Station was planned to run beneath?"", ""answer"": ""Harbour City"", ""variable"": ""answer_1"", ""multi_answer"": false, ""resolved_questions"": [], ""individual_answers"": []}, {""question"": ""Where is Harbour City located?"", ""answer"": ""Tsim Sha Tsui, Hong Kong"", ""variable"": ""answer_2"", ""multi_answer"": false, ""resolved_questions"": [], ""individual_answers"": []}]","answer:
Harbour City","Answer A provides the geographical location (Tsim Sha Tsui, Hong Kong) as requested by ""located where?"", while Answer B provides the name of the shopping mall (Harbour City), which is not the requested information.","equivalent: 0
reasoning: Answer A provides the geographical location (Tsim Sha Tsui, Hong Kong) as requested by ""located where?"", while Answer B provides the name of the shopping mall (Harbour City), which is not the requested information.",,
google-gemini-2-5-pro,hotpotqa,5ae0af9a5542993d6555ec17,Are Grasshopper and Sake bomb both types of drinks?,Yes explanation: The chain identifies a Grasshopper as an insect and a Sake,Yes,yes,0,1,"[""What type of thing is a Grasshopper?"", ""What type of thing is a Sake bomb?"", ""Are a {answer_1} and a {answer_2} both types of drinks?""]","{""answer_1"": ""Insect"", ""answer_2"": ""Beer cocktail"", ""answer_3"": ""Yes""}","answer_1: str = qa_model(""What type of thing is a Grasshopper?"")
answer_2: str = qa_model(""What type of thing is a Sake bomb?"")
answer_3: str = qa_model(""Are a {answer_1} and a {answer_2} both types of drinks?"", answer_1=answer_1, answer_2=answer_2)","answer:
Yes

explanation:
The chain identifies a Grasshopper as an insect and a Sake","[{""question"": ""What type of thing is a Grasshopper?"", ""answer"": ""Insect"", ""variable"": ""answer_1"", ""multi_answer"": false, ""resolved_questions"": [], ""individual_answers"": []}, {""question"": ""What type of thing is a Sake bomb?"", ""answer"": ""Beer cocktail"", ""variable"": ""answer_2"", ""multi_answer"": false, ""resolved_questions"": [], ""individual_answers"": []}, {""question"": ""Are a Insect and a Beer cocktail both types of drinks?"", ""answer"": ""Yes"", ""variable"": ""answer_3"", ""multi_answer"": false, ""resolved_questions"": [], ""individual_answers"": []}]","answer:
Yes","Answer A's explanation contradicts its initial ""Yes"" by stating ""Grasshopper as an insect"", implying it is not a drink, which makes the overall answer to the ""both"" question effectively ""No"". Answer B clearly states ""Yes"".","equivalent: 0
reasoning: Answer A's explanation contradicts its initial ""Yes"" by stating ""Grasshopper as an insect"", implying it is not a drink, which makes the overall answer to the ""both"" question effectively ""No"". Answer B clearly states ""Yes"".",,
google-gemini-2-5-pro,hotpotqa,5ab345db55429969a97a8122,"Which state does the drug stores, of which the CEO is Warren Bryant, are located?",Hawaii explanation: The provided reasoning identifies Warren Bryant as the CEO of Longs Drugs and then specifies that Longs Drugs is located in Hawaii.,California,Hawaii,1,0,"[""Which drug store company is Warren Bryant the CEO of?"", ""In which state is {answer_1} located?""]","{""answer_1"": ""Longs Drugs"", ""answer_2"": ""Hawaii""}","answer_1: str = qa_model(""Which drug store company is Warren Bryant the CEO of?"")
answer_2: str = qa_model(""In which state is {answer_1} located?"", answer_1=answer_1)","answer:
Hawaii

explanation:
The provided reasoning identifies Warren Bryant as the CEO of Longs Drugs and then specifies that Longs Drugs is located in Hawaii.","[{""question"": ""Which drug store company is Warren Bryant the CEO of?"", ""answer"": ""Longs Drugs"", ""variable"": ""answer_1"", ""multi_answer"": false, ""resolved_questions"": [], ""individual_answers"": []}, {""question"": ""In which state is Longs Drugs located?"", ""answer"": ""Hawaii"", ""variable"": ""answer_2"", ""multi_answer"": false, ""resolved_questions"": [], ""individual_answers"": []}]",California,The answers provide contradictory information regarding the state where the drug stores are located (Hawaii vs. California).,"equivalent: 0
reasoning: The answers provide contradictory information regarding the state where the drug stores are located (Hawaii vs. California).",,
google-gemini-2-5-pro,hotpotqa,5ade18635542997c77aded3e,What network is the reality TV Show that features American former professional baseball left fielder who played 22 seasons in Major League Baseball (MLB) with the Pittsburgh Pirates and San Francisco Giants?,ESPN2 explanation: The reasoning chain first identifies the baseball player as,ESPN,ESPN,0,1,"[""Who is the American former professional baseball left fielder who played 22 seasons in Major League Baseball (MLB) with the Pittsburgh Pirates and San Francisco Giants?"", ""What reality TV show features {answer_1}?"", ""What network is the reality TV show {answer_2} on?""]","{""answer_1"": ""Barry Bonds"", ""answer_2"": ""Bonds on Bonds"", ""answer_3"": ""ESPN2""}","answer_1: str = qa_model(""Who is the American former professional baseball left fielder who played 22 seasons in Major League Baseball (MLB) with the Pittsburgh Pirates and San Francisco Giants?"")
answer_2: str = qa_model(""What reality TV show features {answer_1}?"", answer_1=answer_1)
answer_3: str = qa_model(""What network is the reality TV show {answer_2} on?"", answer_2=answer_2)","answer:
ESPN2

explanation:
The reasoning chain first identifies the baseball player as","[{""question"": ""Who is the American former professional baseball left fielder who played 22 seasons in Major League Baseball (MLB) with the Pittsburgh Pirates and San Francisco Giants?"", ""answer"": ""Barry Bonds"", ""variable"": ""answer_1"", ""multi_answer"": false, ""resolved_questions"": [], ""individual_answers"": []}, {""question"": ""What reality TV show features Barry Bonds?"", ""answer"": ""Bonds on Bonds"", ""variable"": ""answer_2"", ""multi_answer"": false, ""resolved_questions"": [], ""individual_answers"": []}, {""question"": ""What network is the reality TV show Bonds on Bonds on?"", ""answer"": ""ESPN2"", ""variable"": ""answer_3"", ""multi_answer"": false, ""resolved_questions"": [], ""individual_answers"": []}]","answer:
ESPN","ESPN2 and ESPN are distinct television networks, so the answers contradict each other.","equivalent: 0
reasoning: ESPN2 and ESPN are distinct television networks, so the answers contradict each other.",,
google-gemini-2-5-pro,mintaka,3c79e320,What is the name of the kingdom that the love interest to Luigi's younger brother rules over?,Mushroom Kingdom,Sarasaland,Mushroom Kingdom,1,0,[],"{""answer_1"": ""Mario"", ""answer_2"": ""Princess Peach"", ""answer_3"": ""Mushroom Kingdom""}","answer_1: str = qa_model(""Who is Luigi's brother?"")
answer_2: str = qa_model(""Who is the love interest of {answer_1}?"", answer_1=answer_1)
answer_3: str = qa_model(""What kingdom does {answer_2} rule over?"", answer_2=answer_2)","answer:
Mushroom Kingdom

explanation:
The reasoning chain establishes that Luigi's brother is","[{""variable"": ""answer_1"", ""question"": ""Who is Luigi's brother?"", ""answer"": ""Mario"", ""raw_completion"": ""Mario""}, {""variable"": ""answer_2"", ""question"": ""Who is the love interest of Mario?"", ""answer"": ""Princess Peach"", ""raw_completion"": ""Princess Peach""}, {""variable"": ""answer_3"", ""question"": ""What kingdom does Princess Peach rule over?"", ""answer"": ""Mushroom Kingdom"", ""raw_completion"": ""Mushroom Kingdom""}]","answer:
Sarasaland","The answers provide two different, contradictory names for the kingdom: ""Mushroom Kingdom"" and ""Sarasaland"".","equivalent: 0
reasoning: The answers provide two different, contradictory names for the kingdom: ""Mushroom Kingdom"" and ""Sarasaland"".",,
google-gemini-2-5-pro,mintaka,48e38631,How many actors played Sonny in Big Daddy?,1,2,2,0,1,[],"{""answer_1"": ""Adam Sandler"", ""answer_2"": ""1""}","answer_1: str = qa_model(""Who played the character Sonny in the movie Big Daddy?"")
answer_2: str = qa_model(""How many actors are in the group '{answer_1}'?"", answer_1=answer_1)","answer:
1

explanation:
The reasoning chain identifies the actor who played Sonny and then counts the number of actors in that group.","[{""variable"": ""answer_1"", ""question"": ""Who played the character Sonny in the movie Big Daddy?"", ""answer"": ""Adam Sandler"", ""raw_completion"": ""Adam Sandler""}, {""variable"": ""answer_2"", ""question"": ""How many actors are in the group 'Adam Sandler'?"", ""answer"": ""1"", ""raw_completion"": ""1""}]",2,The answers provide different numbers (1 vs 2) which is a direct contradiction.,"equivalent: 0
reasoning: The answers provide different numbers (1 vs 2) which is a direct contradiction.",,
google-gemini-2-5-pro,mintaka,851dc8e8,What is the oldest house in the largest city in Illinois?,Noble–Seymour–Crippen House,Clarke-Glessner House,Clarke House Museum,0,0,[],"{""answer_1"": ""Chicago"", ""answer_2"": ""Noble\u2013Seymour\u2013Crippen House""}","answer_1: str = qa_model(""What is the largest city in Illinois?"")
answer_2: str = qa_model(""What is the oldest house in {answer_1}?"", answer_1=answer_1)","answer:
Noble–Seymour–Crippen House

explanation:
The reasoning chain first identifies the largest city in Illinois as Chicago and then finds the oldest house in that city.","[{""variable"": ""answer_1"", ""question"": ""What is the largest city in Illinois?"", ""answer"": ""Chicago"", ""raw_completion"": ""Chicago""}, {""variable"": ""answer_2"", ""question"": ""What is the oldest house in Chicago?"", ""answer"": ""Noble\u2013Seymour\u2013Crippen House"", ""raw_completion"": ""Noble\u2013Seymour\u2013Crippen House""}]",Clarke-Glessner House,The answers provide two different and conflicting names for the oldest house.,"equivalent: 0
reasoning: The answers provide two different and conflicting names for the oldest house.",,
google-gemini-2-5-pro,mintaka,c9ac50f7,Who was the pilot of Lunar Module during the first Apollo Mission?,Buzz Aldrin,"There was no Lunar Module on the first Apollo mission, Apollo 1. The first mission to fly a",Buzz Aldin,1,0,[],"{""answer_1"": ""Apollo 11"", ""answer_2"": ""Buzz Aldrin""}","answer_1: str = qa_model(""Which Apollo mission was the first to land humans on the Moon?"")
answer_2: str = qa_model(""Who was the Lunar Module pilot for the {answer_1} mission?"", answer_1=answer_1)","answer:
Buzz Aldrin

explanation:
The reasoning chain identifies the first Apollo mission to land on the Moon as Apollo 11 and then names Buzz Aldrin as the Lunar Module pilot for that mission.","[{""variable"": ""answer_1"", ""question"": ""Which Apollo mission was the first to land humans on the Moon?"", ""answer"": ""Apollo 11"", ""raw_completion"": ""Apollo 11""}, {""variable"": ""answer_2"", ""question"": ""Who was the Lunar Module pilot for the Apollo 11 mission?"", ""answer"": ""Buzz Aldrin"", ""raw_completion"": ""Buzz Aldrin""}]","There was no Lunar Module on the first Apollo mission, Apollo 1. The first mission to fly a","The answers present a direct contradiction. Answer A names a pilot for the Lunar Module on the first Apollo mission, while Answer B states that there was no Lunar Module on that mission.","equivalent: 0
reasoning: The answers present a direct contradiction. Answer A names a pilot for the Lunar Module on the first Apollo mission, while Answer B states that there was no Lunar Module on that mission.",,
google-gemini-2-5-pro,mintaka,5d940b68,Who is the leader of the country that the United States broke free of in 1776?,King George III,Liz Truss,Boris Johnson,0,0,[],"{""answer_1"": ""Great Britain"", ""answer_2"": ""King George III""}","answer_1: str = qa_model(""What country did the United States declare independence from in 1776?"")
answer_2: str = qa_model(""Who was the leader of {answer_1} in 1776?"", answer_1=answer_1)","answer:
King George III

explanation:
The reasoning chain first identifies the country as Great Britain and then names its leader in 1776.","[{""variable"": ""answer_1"", ""question"": ""What country did the United States declare independence from in 1776?"", ""answer"": ""Great Britain"", ""raw_completion"": ""Great Britain""}, {""variable"": ""answer_2"", ""question"": ""Who was the leader of Great Britain in 1776?"", ""answer"": ""King George III"", ""raw_completion"": ""King George III""}]","answer:
Liz Truss",The answers provide two different and contradictory names for the leader in 1776: King George III vs. Liz Truss.,"equivalent: 0
reasoning: The answers provide two different and contradictory names for the leader in 1776: King George III vs. Liz Truss.",,
google-gemini-2-5-pro,mintaka,9d4dccb3,"Where did the rapper in the song ""I am different"" graduate college from?",Harvard University,Alabama State University,Virginia State University,0,0,[],"{""answer_1"": ""Bobby"", ""answer_2"": ""Harvard University""}","answer_1: str = qa_model(""Who is the rapper in the song 'I am different'?"")
answer_2: str = qa_model(""Where did {answer_1} graduate from college?"", answer_1=answer_1)","answer:
Harvard University

explanation:
The provided reasoning identifies the rapper in the song as Bobby and then states that Bobby graduated from Harvard University.","[{""variable"": ""answer_1"", ""question"": ""Who is the rapper in the song 'I am different'?"", ""answer"": ""Bobby"", ""raw_completion"": ""Bobby""}, {""variable"": ""answer_2"", ""question"": ""Where did Bobby graduate from college?"", ""answer"": ""Harvard University"", ""raw_completion"": ""Harvard University""}]",Alabama State University,The answers provide two different and contradictory universities: Harvard University vs. Alabama State University.,"equivalent: 0
reasoning: The answers provide two different and contradictory universities: Harvard University vs. Alabama State University.",,
google-gemini-2-5-pro,mintaka,83e7d209,When was the director of We're the Millers born?,1975-02-09,1975-11-09,9-Feb-75,1,0,[],"{""answer_1"": ""Rawson Marshall Thurber"", ""answer_2"": ""1975-02-09""}","answer_1: str = qa_model(""Who directed the movie 'We're the Millers'?"")
answer_2: str = qa_model(""When was {answer_1} born?"", answer_1=answer_1)","answer:
1975-02-09

explanation:
The reasoning chain first identifies the director of 'We're the Millers' and then provides their date of birth.","[{""variable"": ""answer_1"", ""question"": ""Who directed the movie 'We're the Millers'?"", ""answer"": ""Rawson Marshall Thurber"", ""raw_completion"": ""Rawson Marshall Thurber""}, {""variable"": ""answer_2"", ""question"": ""When was Rawson Marshall Thurber born?"", ""answer"": ""1975-02-09"", ""raw_completion"": ""1975-02-09""}]","answer:
1975-11-09",The calendar dates do not match. The month is different (February vs. November).,"equivalent: 0
reasoning: The calendar dates do not match. The month is different (February vs. November).",,
google-gemini-2-5-pro,mintaka,2652ec2b,Which award did the first puzzle game by Fireproof Games win at the British Academy Video Games Awards?,Best British Game,British Game,British Academy Games Award for Best Game,0,0,"[""What was the first puzzle game developed by Fireproof Games?"", ""Which award did '{answer_1}' win at the British Academy Video Games Awards?""]","{""answer_1"": ""The Room"", ""answer_2"": ""Best British Game""}","answer_1: str = qa_model(""What was the first puzzle game developed by Fireproof Games?"")
answer_2: str = qa_model(""Which award did '{answer_1}' win at the British Academy Video Games Awards?"", answer_1=answer_1)","answer:
Best British Game","[{""variable"": ""answer_1"", ""question"": ""What was the first puzzle game developed by Fireproof Games?"", ""answer"": ""The Room"", ""raw_completion"": ""The Room"", ""multi_answer"": false}, {""variable"": ""answer_2"", ""question"": ""Which award did 'The Room' win at the British Academy Video Games Awards?"", ""answer"": ""Best British Game"", ""raw_completion"": ""Best British Game"", ""multi_answer"": false}]","answer:
British Game","The word ""Best"" is a significant part of the award title, making ""Best British Game"" and ""British Game"" distinct awards.","equivalent: 0
reasoning: The word ""Best"" is a significant part of the award title, making ""Best British Game"" and ""British Game"" distinct awards.",,
google-gemini-2-5-pro,mintaka,44553d7e,How old in years was the oldest American president when he first assumed office?,28 explanation: The reasoning chain identifies Joe Biden as the oldest president to assume office and states his age at that time was 28.,78,78,0,1,"[""Who was the oldest American president when he first assumed office?"", ""How old was {answer_1} when he first assumed office?""]","{""answer_1"": ""Joe Biden"", ""answer_2"": ""28""}","answer_1: str = qa_model(""Who was the oldest American president when he first assumed office?"")
answer_2: str = qa_model(""How old was {answer_1} when he first assumed office?"", answer_1=answer_1)","answer:
28

explanation:
The reasoning chain identifies Joe Biden as the oldest president to assume office and states his age at that time was 28.","[{""variable"": ""answer_1"", ""question"": ""Who was the oldest American president when he first assumed office?"", ""answer"": ""Joe Biden"", ""raw_completion"": ""Joe Biden"", ""multi_answer"": false}, {""variable"": ""answer_2"", ""question"": ""How old was Joe Biden when he first assumed office?"", ""answer"": ""28"", ""raw_completion"": ""28"", ""multi_answer"": false}]",78,"The numeric values ""28"" and ""78"" are significantly different and do not fall within the allowed tolerance for numeric expressions, especially for a specific age in years.","equivalent: 0
reasoning: The numeric values ""28"" and ""78"" are significantly different and do not fall within the allowed tolerance for numeric expressions, especially for a specific age in years.",,
google-gemini-2-5-pro,mintaka,4b066327,How old was John Lennon when The Beatles formed?,20 explanation: The reasoning chain provides the year The Beatles formed (1960) and John Lennon's age in that same year (20).,19,16,0,0,"[""When were The Beatles formed?"", ""How old was John Lennon in {answer_1}?""]","{""answer_1"": ""1960"", ""answer_2"": ""20""}","answer_1: str = qa_model(""When were The Beatles formed?"")
answer_2: str = qa_model(""How old was John Lennon in {answer_1}?"", answer_1=answer_1)","answer:
20

explanation:
The reasoning chain provides the year The Beatles formed (1960) and John Lennon's age in that same year (20).","[{""variable"": ""answer_1"", ""question"": ""When were The Beatles formed?"", ""answer"": ""1960"", ""raw_completion"": ""1960"", ""multi_answer"": false}, {""variable"": ""answer_2"", ""question"": ""How old was John Lennon in 1960?"", ""answer"": ""20"", ""raw_completion"": ""20"", ""multi_answer"": false}]",19,The numerical values (20 and 19) are different and do not fall within the allowed numeric tolerance.,"equivalent: 0
reasoning: The numerical values (20 and 19) are different and do not fall within the allowed numeric tolerance.",,
